{
  "type": "FeatureCollection",
  "features": [
    {
      "type": "Feature",
      "geometry": {
        "type": "Point",
        "coordinates": [
          5.688676,
          50.6116679
        ]
      },
      "properties": {
        "leisure": "pitch",
        "sport": "boules",
        "nearest_street": "Parc du Bay Bonnet",
        "commune": "Fléron",
        "province": "liege",
        "region": "wallonie"
      }
    },
    {
      "type": "Feature",
      "geometry": {
        "type": "Point",
        "coordinates": [
          5.1606127,
          50.3416085
        ]
      },
      "properties": {
        "boules": "petanque",
        "leisure": "pitch",
        "name": "Les Boules du Bocq",
        "sport": "boules",
        "nearest_street": "Rue d'Hubinne",
        "commune": "Hamois",
        "province": "namur",
        "region": "wallonie"
      }
    },
    {
      "type": "Feature",
      "geometry": {
        "type": "Point",
        "coordinates": [
          4.9628166,
          50.7991134
        ]
      },
      "properties": {
        "leisure": "pitch",
        "sport": "boules",
        "nearest_street": "Ivanpad",
        "commune": "Tienen",
        "province": "brabant_flamand",
        "region": "flandre"
      }
    },
    {
      "type": "Feature",
      "geometry": {
        "type": "Point",
        "coordinates": [
          4.3665649,
          51.0816876
        ]
      },
      "properties": {
        "boules": "petanque",
        "leisure": "pitch",
        "sport": "boules",
        "nearest_street": "Hoofd",
        "commune": "Willebroek",
        "province": "anvers",
        "region": "flandre"
      }
    },
    {
      "type": "Feature",
      "geometry": {
        "type": "Point",
        "coordinates": [
          4.4595216,
          51.0214706
        ]
      },
      "properties": {
        "boules": "petanque",
        "leisure": "pitch",
        "sport": "boules",
        "nearest_street": "Mechelen-Zuid",
        "commune": "Mechelen",
        "province": "anvers",
        "region": "flandre"
      }
    },
    {
      "type": "Feature",
      "geometry": {
        "type": "Point",
        "coordinates": [
          4.4283875,
          51.1672309
        ]
      },
      "properties": {
        "boules": "petanque",
        "indoor": "yes",
        "leisure": "pitch",
        "sport": "boules",
        "nearest_street": "Parklaan",
        "commune": "Edegem",
        "province": "anvers",
        "region": "flandre"
      }
    },
    {
      "type": "Feature",
      "geometry": {
        "type": "Point",
        "coordinates": [
          4.1235043,
          51.0246039
        ]
      },
      "properties": {
        "leisure": "pitch",
        "sport": "boules",
        "nearest_street": "Marcel Bovynstraat",
        "commune": "Dendermonde",
        "province": "flandre_orientale",
        "region": "flandre"
      }
    },
    {
      "type": "Feature",
      "geometry": {
        "type": "Point",
        "coordinates": [
          4.5122692,
          51.2962496
        ]
      },
      "properties": {
        "boules": "petanque",
        "leisure": "pitch",
        "sport": "boules",
        "surface": "ground",
        "nearest_street": "Eksterlaan",
        "commune": "Brasschaat",
        "province": "anvers",
        "region": "flandre"
      }
    },
    {
      "type": "Feature",
      "geometry": {
        "type": "Point",
        "coordinates": [
          3.8969006,
          51.0048419
        ]
      },
      "properties": {
        "boules": "petanque",
        "fixme": "naazien of dat er binnen ook en petanquebaan is of enkel die buiten (reeds op de kaart, ten zuide van het gebouw)",
        "leisure": "pitch",
        "sport": "boules",
        "nearest_street": "Achtien Augustuslaan",
        "commune": "Wetteren",
        "province": "flandre_orientale",
        "region": "flandre"
      }
    },
    {
      "type": "Feature",
      "geometry": {
        "type": "Point",
        "coordinates": [
          4.921221,
          50.0324947
        ]
      },
      "properties": {
        "boules": "petanque",
        "leisure": "pitch",
        "sport": "boules",
        "surface": "fine_gravel",
        "nearest_street": "Rue Grande",
        "commune": "Vencimont",
        "province": "namur",
        "region": "wallonie"
      }
    },
    {
      "type": "Feature",
      "geometry": {
        "type": "Point",
        "coordinates": [
          5.0170099,
          50.0011587
        ]
      },
      "properties": {
        "leisure": "pitch",
        "sport": "boules",
        "nearest_street": "Grand Place",
        "commune": "Haut-Fays",
        "province": "luxembourg",
        "region": "wallonie"
      }
    },
    {
      "type": "Feature",
      "geometry": {
        "type": "Point",
        "coordinates": [
          3.189815,
          51.1529685
        ]
      },
      "properties": {
        "boules": "petanque",
        "leisure": "pitch",
        "sport": "boules",
        "nearest_street": "Bolsterlaan",
        "commune": "Zedelgem",
        "province": "flandre_occidentale",
        "region": "flandre"
      }
    },
    {
      "type": "Feature",
      "geometry": {
        "type": "Point",
        "coordinates": [
          5.4453686,
          51.1353501
        ]
      },
      "properties": {
        "leisure": "pitch",
        "sport": "boules",
        "nearest_street": "J. H. Leynenstraat",
        "commune": "Peer",
        "province": "limbourg",
        "region": "flandre"
      }
    },
    {
      "type": "Feature",
      "geometry": {
        "type": "Point",
        "coordinates": [
          4.8637974,
          50.4380286
        ]
      },
      "properties": {
        "boules": "petanque",
        "leisure": "pitch",
        "name": "Pétanque",
        "sport": "boules",
        "nearest_street": "Rue des Peupliers",
        "commune": "Namur",
        "province": "namur",
        "region": "wallonie"
      }
    },
    {
      "type": "Feature",
      "geometry": {
        "type": "Point",
        "coordinates": [
          3.743982,
          51.046687
        ]
      },
      "properties": {
        "access": "customers",
        "boules": "petanque",
        "club": "sport",
        "leisure": "pitch",
        "lit": "yes",
        "name": "PC Heirnis",
        "sport": "boules",
        "nearest_street": "Snoekstraat",
        "commune": "Gent",
        "province": "flandre_orientale",
        "region": "flandre"
      }
    },
    {
      "type": "Feature",
      "geometry": {
        "type": "Point",
        "coordinates": [
          3.6659145,
          51.0809275
        ]
      },
      "properties": {
        "access": "yes",
        "boules": "petanque",
        "fixme": "check at the location, no petanque pitch visible on AIV imagery.",
        "leisure": "pitch",
        "sport": "boules",
        "nearest_street": "Mercuriusstraat",
        "commune": "Gent",
        "province": "flandre_orientale",
        "region": "flandre"
      }
    },
    {
      "type": "Feature",
      "geometry": {
        "type": "Point",
        "coordinates": [
          5.3734861,
          50.0277885
        ]
      },
      "properties": {
        "boules": "petanque",
        "covered": "yes",
        "leisure": "pitch",
        "name": "Pistes de pétanque Saint-Hubert",
        "sport": "boules",
        "nearest_street": "Pré sous la Ville",
        "commune": "Saint-Hubert",
        "province": "luxembourg",
        "region": "wallonie"
      }
    },
    {
      "type": "Feature",
      "geometry": {
        "type": "Point",
        "coordinates": [
          3.726631,
          51.0602198
        ]
      },
      "properties": {
        "access": "yes",
        "boules": "petanque",
        "leisure": "pitch",
        "sport": "boules",
        "nearest_street": "Willem de Beersteeg",
        "commune": "Gent",
        "province": "flandre_orientale",
        "region": "flandre"
      }
    },
    {
      "type": "Feature",
      "geometry": {
        "type": "Point",
        "coordinates": [
          3.5519796,
          51.1841297
        ]
      },
      "properties": {
        "boules": "petanque",
        "description": "8 indoor lanes; 30 open air lanes",
        "indoor": "yes",
        "leisure": "pitch",
        "name": "Petanqueclub Eeklo",
        "opening_hours": "Tu 14:00-18:00; Sa 14:00-18:00; Su 14:00+ \"Sunday: competition\"",
        "sport": "boules",
        "nearest_street": "Korte Moeie",
        "commune": "Eeklo",
        "province": "flandre_orientale",
        "region": "flandre"
      }
    },
    {
      "type": "Feature",
      "geometry": {
        "type": "Point",
        "coordinates": [
          3.9706554,
          51.0484171
        ]
      },
      "properties": {
        "access": "customers",
        "boules": "petanque",
        "description": "9 indoor lanes; several outdoor lanes",
        "leisure": "pitch",
        "name": "Petanque Overmere",
        "opening_hours": "Th 14:00+; Fr 19:00+; Sa 14:00+; Su 14:00+",
        "sport": "boules",
        "nearest_street": "Verblijfpark Donkmeer",
        "commune": "Berlare",
        "province": "flandre_orientale",
        "region": "flandre"
      }
    },
    {
      "type": "Feature",
      "geometry": {
        "type": "Point",
        "coordinates": [
          5.3814661,
          50.0284712
        ]
      },
      "properties": {
        "boules": "petanque",
        "leisure": "pitch",
        "sport": "boules",
        "nearest_street": "Rue du Parc",
        "commune": "Saint-Hubert",
        "province": "luxembourg",
        "region": "wallonie"
      }
    },
    {
      "type": "Feature",
      "geometry": {
        "type": "Point",
        "coordinates": [
          4.1365025,
          51.1022236
        ]
      },
      "properties": {
        "leisure": "pitch",
        "name": "Petanque Meulenbroek",
        "sport": "boules",
        "nearest_street": "Kaaiplein",
        "commune": "Hamme",
        "province": "flandre_orientale",
        "region": "flandre"
      }
    },
    {
      "type": "Feature",
      "geometry": {
        "type": "Point",
        "coordinates": [
          4.1311952,
          51.0888825
        ]
      },
      "properties": {
        "leisure": "pitch",
        "name": "Petanque Vlierkouter",
        "sport": "boules",
        "nearest_street": "Oude Spoorwegbedding",
        "commune": "Hamme",
        "province": "flandre_orientale",
        "region": "flandre"
      }
    },
    {
      "type": "Feature",
      "geometry": {
        "type": "Point",
        "coordinates": [
          3.6349144,
          51.0151494
        ]
      },
      "properties": {
        "access": "yes",
        "boules": "petanque",
        "leisure": "pitch",
        "lit": "yes",
        "name": "Open Veld",
        "sport": "boules",
        "nearest_street": "Groot Speurestuk",
        "commune": "Sint-Martens-Latem",
        "province": "flandre_orientale",
        "region": "flandre"
      }
    },
    {
      "type": "Feature",
      "geometry": {
        "type": "Point",
        "coordinates": [
          5.4405127,
          50.7661495
        ]
      },
      "properties": {
        "access": "yes",
        "boules": "petanque",
        "leisure": "pitch",
        "sport": "boules",
        "nearest_street": "Korenbloemstraat",
        "commune": "Koninksem",
        "province": "limbourg",
        "region": "flandre"
      }
    },
    {
      "type": "Feature",
      "geometry": {
        "type": "Point",
        "coordinates": [
          3.7228753,
          51.0334694
        ]
      },
      "properties": {
        "boules": "petanque",
        "description": "Binnenbaan met verlichting, en buitenbanen",
        "indoor": "yes",
        "leisure": "pitch",
        "name": "LDC De Regenboog",
        "sport": "boules",
        "nearest_street": "Lucas de Heerestraat",
        "commune": "Gent",
        "province": "flandre_orientale",
        "region": "flandre"
      }
    },
    {
      "type": "Feature",
      "geometry": {
        "type": "Point",
        "coordinates": [
          3.7277951,
          51.0859197
        ]
      },
      "properties": {
        "boules": "petanque",
        "description": "3 binnen, 2 buitenbanen",
        "fixme": "locatie van buitenbanen ter plaatse nakijken en access tags bijvoegen",
        "leisure": "pitch",
        "sport": "boules",
        "nearest_street": "Marseillestraat",
        "commune": "Gent",
        "province": "flandre_orientale",
        "region": "flandre"
      }
    },
    {
      "type": "Feature",
      "geometry": {
        "type": "Point",
        "coordinates": [
          4.6977392,
          50.6181523
        ]
      },
      "properties": {
        "access": "yes",
        "boules": "petanque",
        "leisure": "pitch",
        "sport": "boules",
        "surface": "dirt",
        "nearest_street": "Chemin du Bia Bouquet",
        "commune": "Walhain-Saint-Paul",
        "province": "brabant_wallon",
        "region": "wallonie"
      }
    },
    {
      "type": "Feature",
      "geometry": {
        "type": "Point",
        "coordinates": [
          3.1992358,
          50.7459594
        ]
      },
      "properties": {
        "boules": "petanque",
        "indoor": "yes",
        "leisure": "pitch",
        "sport": "boules",
        "nearest_street": "Chaussée du Risquons-Tout - Risquons-Toutsteenweg",
        "commune": "Mouscron",
        "province": "hainaut",
        "region": "wallonie"
      }
    },
    {
      "type": "Feature",
      "geometry": {
        "type": "Point",
        "coordinates": [
          4.4330731,
          50.0591944
        ]
      },
      "properties": {
        "leisure": "pitch",
        "sport": "boules",
        "nearest_street": "Rue de la Prairie",
        "commune": "Couvin",
        "province": "namur",
        "region": "wallonie"
      }
    },
    {
      "type": "Feature",
      "geometry": {
        "type": "Point",
        "coordinates": [
          3.2055315,
          50.8322355
        ]
      },
      "properties": {
        "boules": "petanque",
        "leisure": "pitch",
        "sport": "boules",
        "nearest_street": "Pereboomhof",
        "commune": "Gullegem",
        "province": "flandre_occidentale",
        "region": "flandre"
      }
    },
    {
      "type": "Feature",
      "geometry": {
        "type": "Point",
        "coordinates": [
          4.8651547,
          51.3550818
        ]
      },
      "properties": {
        "leisure": "pitch",
        "sport": "boules",
        "nearest_street": "Kleiryt",
        "commune": "Merksplas",
        "province": "anvers",
        "region": "flandre"
      }
    },
    {
      "type": "Feature",
      "geometry": {
        "type": "Point",
        "coordinates": [
          4.4027938,
          51.3069651
        ]
      },
      "properties": {
        "boules": "petanque",
        "leisure": "pitch",
        "sport": "boules",
        "nearest_street": "Witvenstraat",
        "commune": "Stabroek",
        "province": "anvers",
        "region": "flandre"
      }
    },
    {
      "type": "Feature",
      "geometry": {
        "type": "Point",
        "coordinates": [
          4.46187,
          50.3730947
        ]
      },
      "properties": {
        "access": "yes",
        "leisure": "pitch",
        "lit": "no",
        "name": "Terrain de pétanque du CSD",
        "sport": "boules",
        "surface": "gravel",
        "nearest_street": "Allée des Cygnes",
        "commune": "Marcinelle",
        "province": "hainaut",
        "region": "wallonie"
      }
    },
    {
      "type": "Feature",
      "geometry": {
        "type": "Point",
        "coordinates": [
          4.4528488,
          50.6130356
        ]
      },
      "properties": {
        "leisure": "pitch",
        "sport": "boules",
        "nearest_street": "Plaine Communale",
        "commune": "Genappe",
        "province": "brabant_wallon",
        "region": "wallonie"
      }
    },
    {
      "type": "Feature",
      "geometry": {
        "type": "Point",
        "coordinates": [
          5.7249373,
          50.0016084
        ]
      },
      "properties": {
        "access": "yes",
        "boules": "petanque",
        "leisure": "pitch",
        "lit": "no",
        "name": "La boule Bastognarde",
        "sport": "boules",
        "surface": "fine_gravel",
        "nearest_street": "Rue de la Californie",
        "commune": "Bastogne",
        "province": "luxembourg",
        "region": "wallonie"
      }
    },
    {
      "type": "Feature",
      "geometry": {
        "type": "Point",
        "coordinates": [
          4.5099118,
          51.1271267
        ]
      },
      "properties": {
        "boules": "petanque",
        "fixme": "Toegevoegd met MapComplete, geometry nog uit te tekenen",
        "leisure": "pitch",
        "sport": "boules",
        "nearest_street": "Papendonk",
        "commune": "Lint",
        "province": "anvers",
        "region": "flandre"
      }
    },
    {
      "type": "Feature",
      "geometry": {
        "type": "Point",
        "coordinates": [
          4.0246499,
          50.9484379
        ]
      },
      "properties": {
        "leisure": "pitch",
        "sport": "boules",
        "nearest_street": "Ledebaan",
        "commune": "Aalst",
        "province": "flandre_orientale",
        "region": "flandre"
      }
    },
    {
      "type": "Feature",
      "geometry": {
        "type": "Point",
        "coordinates": [
          5.5889206,
          50.6212086
        ]
      },
      "properties": {
        "leisure": "pitch",
        "sport": "boules",
        "nearest_street": "Avenue Reine Élisabeth",
        "commune": "Liège",
        "province": "liege",
        "region": "wallonie"
      }
    },
    {
      "type": "Feature",
      "geometry": {
        "type": "Point",
        "coordinates": [
          4.4162556,
          51.17832
        ]
      },
      "properties": {
        "boules": "yes",
        "leisure": "pitch",
        "lit": "no",
        "sport": "boules",
        "nearest_street": "Lode Craeybeckxtunnel",
        "commune": "Antwerpen",
        "province": "anvers",
        "region": "flandre"
      }
    },
    {
      "type": "Feature",
      "geometry": {
        "type": "Point",
        "coordinates": [
          4.62502,
          51.046611
        ]
      },
      "properties": {
        "leisure": "pitch",
        "sport": "boules",
        "nearest_street": "Heuvel",
        "commune": "Putte",
        "province": "anvers",
        "region": "flandre"
      }
    },
    {
      "type": "Feature",
      "geometry": {
        "type": "Point",
        "coordinates": [
          4.5416311,
          51.2234059
        ]
      },
      "properties": {
        "access": "yes",
        "leisure": "pitch",
        "sport": "boules",
        "surface": "gravel",
        "nearest_street": "Kasteellei",
        "commune": "Wijnegem",
        "province": "anvers",
        "region": "flandre"
      }
    },
    {
      "type": "Feature",
      "geometry": {
        "type": "Point",
        "coordinates": [
          2.9178635,
          51.2015525
        ]
      },
      "properties": {
        "leisure": "pitch",
        "sport": "boules",
        "nearest_street": "Steensedijk",
        "commune": "Oostende",
        "province": "flandre_occidentale",
        "region": "flandre"
      }
    },
    {
      "type": "Feature",
      "geometry": {
        "type": "Point",
        "coordinates": [
          3.1878215,
          50.9144494
        ]
      },
      "properties": {
        "boules": "petanque",
        "contact:facebook": "https://www.facebook.com/pcdemol/",
        "indoor": "yes",
        "leisure": "pitch",
        "name": "De Mol",
        "sport": "boules",
        "nearest_street": "Kastanjestraat",
        "commune": "Izegem",
        "province": "flandre_occidentale",
        "region": "flandre"
      }
    },
    {
      "type": "Feature",
      "geometry": {
        "type": "Point",
        "coordinates": [
          3.1840651,
          51.1989016
        ]
      },
      "properties": {
        "leisure": "pitch",
        "sport": "boules",
        "nearest_street": "Maurits Van Coppenollestraat",
        "commune": "Brugge",
        "province": "flandre_occidentale",
        "region": "flandre"
      }
    },
    {
      "type": "Feature",
      "geometry": {
        "type": "Point",
        "coordinates": [
          5.5609347,
          50.5901994
        ]
      },
      "properties": {
        "access": "yes",
        "boules": "petanque",
        "leisure": "pitch",
        "sport": "boules",
        "nearest_street": "Voie du Sart-Tilman",
        "commune": "Ougrée",
        "province": "liege",
        "region": "wallonie"
      }
    },
    {
      "type": "Feature",
      "geometry": {
        "type": "Point",
        "coordinates": [
          5.0977495,
          50.287458
        ]
      },
      "properties": {
        "boules": "petanque",
        "leisure": "pitch",
        "sport": "boules",
        "nearest_street": "Avenue du Sainfoin",
        "commune": "Ciney",
        "province": "namur",
        "region": "wallonie"
      }
    },
    {
      "type": "Feature",
      "geometry": {
        "type": "Point",
        "coordinates": [
          3.1758557,
          51.1849241
        ]
      },
      "properties": {
        "access": "yes",
        "leisure": "pitch",
        "sport": "boules",
        "surface": "gravel",
        "nearest_street": "Oorlogsvrijwilligerslaan",
        "commune": "Brugge",
        "province": "flandre_occidentale",
        "region": "flandre"
      }
    },
    {
      "type": "Feature",
      "geometry": {
        "type": "Point",
        "coordinates": [
          3.2483523,
          50.8350723
        ]
      },
      "properties": {
        "boules": "petanque",
        "indoor": "yes",
        "leisure": "pitch",
        "name": "Garrincha",
        "sport": "boules",
        "surface": "sand",
        "website": "https://garrincha.be/locaties/kortrijk/",
        "nearest_street": "Kortrijksestraat",
        "commune": "Kortrijk",
        "province": "flandre_occidentale",
        "region": "flandre"
      }
    },
    {
      "type": "Feature",
      "geometry": {
        "type": "Point",
        "coordinates": [
          4.8998075,
          51.1048569
        ]
      },
      "properties": {
        "boules": "petanque",
        "leisure": "pitch",
        "name": "PB: petanquebanen",
        "ref": "21",
        "sport": "boules",
        "nearest_street": "Finse piste",
        "commune": "Westerlo",
        "province": "anvers",
        "region": "flandre"
      }
    },
    {
      "type": "Feature",
      "geometry": {
        "type": "Point",
        "coordinates": [
          4.5349414,
          51.0239767
        ]
      },
      "properties": {
        "leisure": "pitch",
        "lit": "no",
        "sport": "boules",
        "surface": "compacted",
        "nearest_street": "Schallenberghlaan",
        "commune": "Bonheiden",
        "province": "anvers",
        "region": "flandre"
      }
    },
    {
      "type": "Feature",
      "geometry": {
        "type": "Point",
        "coordinates": [
          4.5428697,
          51.0192445
        ]
      },
      "properties": {
        "leisure": "pitch",
        "sport": "boules",
        "surface": "fine_gravel",
        "nearest_street": "Hof Ter Blommeren",
        "commune": "Bonheiden",
        "province": "anvers",
        "region": "flandre"
      }
    },
    {
      "type": "Feature",
      "geometry": {
        "type": "Point",
        "coordinates": [
          3.3322184,
          50.8073444
        ]
      },
      "properties": {
        "boules": "petanque",
        "leisure": "pitch",
        "lit": "no",
        "sport": "petanque",
        "surface": "gravel",
        "nearest_street": "Wilgenlaan",
        "commune": "Zwevegem",
        "province": "flandre_occidentale",
        "region": "flandre"
      }
    },
    {
      "type": "Feature",
      "geometry": {
        "type": "Point",
        "coordinates": [
          4.3538709,
          50.7407238
        ]
      },
      "properties": {
        "leisure": "pitch",
        "sport": "boules",
        "nearest_street": "Dwarshaagstraat - Rue Dwarshaag",
        "commune": "Sint-Genesius-Rode - Rhode-Saint-Genèse",
        "province": "brabant_flamand",
        "region": "flandre"
      }
    },
    {
      "type": "Feature",
      "geometry": {
        "type": "Point",
        "coordinates": [
          5.526742,
          50.2265882
        ]
      },
      "properties": {
        "access": "yes",
        "boules": "petanque",
        "leisure": "pitch",
        "lit": "yes",
        "sport": "boules",
        "nearest_street": null,
        "commune": "Ronzon",
        "province": "luxembourg",
        "region": "wallonie"
      }
    },
    {
      "type": "Feature",
      "geometry": {
        "type": "Point",
        "coordinates": [
          5.5267267,
          50.2266557
        ]
      },
      "properties": {
        "access": "yes",
        "boules": "petanque",
        "leisure": "pitch",
        "lit": "yes",
        "sport": "boules",
        "nearest_street": null,
        "commune": "Ronzon",
        "province": "luxembourg",
        "region": "wallonie"
      }
    },
    {
      "type": "Feature",
      "geometry": {
        "type": "Point",
        "coordinates": [
          5.5692667,
          50.4252481
        ]
      },
      "properties": {
        "leisure": "pitch",
        "sport": "boules",
        "nearest_street": "Grand Route",
        "commune": "Filot",
        "province": "liege",
        "region": "wallonie"
      }
    },
    {
      "type": "Feature",
      "geometry": {
        "type": "Point",
        "coordinates": [
          3.2916896,
          50.957409
        ]
      },
      "properties": {
        "boules": "petanque",
        "leisure": "pitch",
        "sport": "boules",
        "surface": "gravel",
        "nearest_street": "Gaversdreef",
        "commune": "Tielt",
        "province": "flandre_occidentale",
        "region": "flandre"
      }
    },
    {
      "type": "Feature",
      "geometry": {
        "type": "Point",
        "coordinates": [
          6.2061325,
          50.426753
        ]
      },
      "properties": {
        "leisure": "pitch",
        "sport": "boules",
        "nearest_street": "Marktplatz",
        "commune": "Bütgenbach",
        "province": "liege",
        "region": "wallonie"
      }
    },
    {
      "type": "Feature",
      "geometry": {
        "type": "Point",
        "coordinates": [
          4.4092562,
          51.1997171
        ]
      },
      "properties": {
        "access": "yes",
        "leisure": "pitch",
        "lit": "no",
        "sport": "boules",
        "nearest_street": "Harmoniestraat",
        "commune": "Antwerpen",
        "province": "anvers",
        "region": "flandre"
      }
    },
    {
      "type": "Feature",
      "geometry": {
        "type": "Point",
        "coordinates": [
          4.4093319,
          51.1997795
        ]
      },
      "properties": {
        "access": "yes",
        "leisure": "pitch",
        "lit": "no",
        "sport": "boules",
        "nearest_street": "Harmoniestraat",
        "commune": "Antwerpen",
        "province": "anvers",
        "region": "flandre"
      }
    },
    {
      "type": "Feature",
      "geometry": {
        "type": "Point",
        "coordinates": [
          3.9138345,
          50.4831542
        ]
      },
      "properties": {
        "leisure": "pitch",
        "sport": "boules",
        "nearest_street": "Place du Busteau",
        "commune": "Mons",
        "province": "hainaut",
        "region": "wallonie"
      }
    },
    {
      "type": "Feature",
      "geometry": {
        "type": "Point",
        "coordinates": [
          3.9137319,
          50.4830578
        ]
      },
      "properties": {
        "leisure": "pitch",
        "sport": "boules",
        "nearest_street": "Place du Busteau",
        "commune": "Mons",
        "province": "hainaut",
        "region": "wallonie"
      }
    },
    {
      "type": "Feature",
      "geometry": {
        "type": "Point",
        "coordinates": [
          3.1926649,
          50.9326084
        ]
      },
      "properties": {
        "leisure": "pitch",
        "sport": "boules",
        "nearest_street": "Lavendelstraat",
        "commune": "Izegem",
        "province": "flandre_occidentale",
        "region": "flandre"
      }
    },
    {
      "type": "Feature",
      "geometry": {
        "type": "Point",
        "coordinates": [
          4.4215805,
          51.2473036
        ]
      },
      "properties": {
        "leisure": "pitch",
        "sport": "boules",
        "nearest_street": "Groenendaallaan",
        "commune": "Antwerpen",
        "province": "anvers",
        "region": "flandre"
      }
    },
    {
      "type": "Feature",
      "geometry": {
        "type": "Point",
        "coordinates": [
          5.5606639,
          50.631169
        ]
      },
      "properties": {
        "access": "yes",
        "fixme": "Geometry to be drawn, added by MapComplete",
        "leisure": "pitch",
        "reservation": "no",
        "sport": "boules",
        "surface": "sand",
        "nearest_street": "Jardin de l'abbé Firket",
        "commune": "Liège",
        "province": "liege",
        "region": "wallonie"
      }
    },
    {
      "type": "Feature",
      "geometry": {
        "type": "Point",
        "coordinates": [
          5.749934,
          50.3158486
        ]
      },
      "properties": {
        "fixme": "Geometry to be drawn, added by MapComplete",
        "leisure": "pitch",
        "panoramax": "037621d0-2921-4401-8562-e64f7601bfc1",
        "reservation": "no",
        "sport": "boules",
        "surface": "grass",
        "nearest_street": "Florêt",
        "commune": "Bra",
        "province": "liege",
        "region": "wallonie"
      }
    },
    {
      "type": "Feature",
      "geometry": {
        "type": "Point",
        "coordinates": [
          5.0310373,
          50.7858017
        ]
      },
      "properties": {
        "leisure": "pitch",
        "lit": "yes",
        "sport": "boules",
        "nearest_street": "Neerhespenstraat",
        "commune": "Landen",
        "province": "brabant_flamand",
        "region": "flandre"
      }
    },
    {
      "type": "Feature",
      "geometry": {
        "type": "Point",
        "coordinates": [
          5.6026748,
          50.1452998
        ]
      },
      "properties": {
        "access": "yes",
        "fixme": "Geometry to be drawn, added by MapComplete",
        "leisure": "pitch",
        "sport": "boules",
        "surface": "fine_gravel",
        "nearest_street": "Chemin du Wasse",
        "commune": "La Roche-en-Ardenne",
        "province": "luxembourg",
        "region": "wallonie"
      }
    },
    {
      "type": "Feature",
      "geometry": {
        "type": "Point",
        "coordinates": [
          4.6067944,
          50.6718405
        ]
      },
      "properties": {
        "boules": "petanque",
        "leisure": "pitch",
        "sport": "boules",
        "nearest_street": "Place de la Houssière",
        "commune": "Ottignies-Louvain-la-Neuve",
        "province": "brabant_wallon",
        "region": "wallonie"
      }
    },
    {
      "type": "Feature",
      "geometry": {
        "type": "Point",
        "coordinates": [
          3.3910281,
          50.6112162
        ]
      },
      "properties": {
        "access": "yes",
        "boules": "petanque",
        "leisure": "pitch",
        "lit": "no",
        "name": "Terrain De Pétanque",
        "sport": "boules",
        "nearest_street": "Place Verte",
        "commune": "Tournai",
        "province": "hainaut",
        "region": "wallonie"
      }
    },
    {
      "type": "Feature",
      "geometry": {
        "type": "Point",
        "coordinates": [
          3.3910281,
          50.6112162
        ]
      },
      "properties": {
        "access": "yes",
        "boules": "petanque",
        "leisure": "pitch",
        "lit": "no",
        "name": "Terrain De Pétanque",
        "sport": "boules",
        "nearest_street": "Place Verte",
        "commune": "Tournai",
        "province": "hainaut",
        "region": "wallonie"
      }
    },
    {
      "type": "Feature",
      "geometry": {
        "type": "Point",
        "coordinates": [
          2.6810649,
          51.1352824
        ]
      },
      "properties": {
        "leisure": "pitch",
        "lit": "yes",
        "name": "Zonneplein",
        "sport": "boules",
        "surface": "compacted",
        "nearest_street": "Zonneplein",
        "commune": "Koksijde",
        "province": "flandre_occidentale",
        "region": "flandre"
      }
    },
    {
      "type": "Feature",
      "geometry": {
        "type": "Point",
        "coordinates": [
          4.7680022,
          51.1490486
        ]
      },
      "properties": {
        "leisure": "pitch",
        "sport": "boules",
        "surface": "compacted",
        "nearest_street": "Bergense Steenweg",
        "commune": "Herenthout",
        "province": "anvers",
        "region": "flandre"
      }
    },
    {
      "type": "Feature",
      "geometry": {
        "type": "Point",
        "coordinates": [
          4.4629617,
          50.8227286
        ]
      },
      "properties": {
        "boules": "petanque",
        "leisure": "pitch",
        "sport": "boules",
        "nearest_street": "Rue Alphonse Balis - Alphonse Balisstraat",
        "commune": "Woluwe-Saint-Pierre - Sint-Pieters-Woluwe",
        "province": null,
        "region": "bruxelles"
      }
    },
    {
      "type": "Feature",
      "geometry": {
        "type": "Point",
        "coordinates": [
          4.3896926,
          50.8431009
        ]
      },
      "properties": {
        "leisure": "pitch",
        "lit": "yes",
        "sport": "boules",
        "surface": "fine_gravel",
        "nearest_street": "Quartier des Squares - Wijk van de Squares",
        "commune": "Bruxelles - Brussel",
        "province": null,
        "region": "bruxelles"
      }
    },
    {
      "type": "Feature",
      "geometry": {
        "type": "Point",
        "coordinates": [
          4.2860668,
          50.7990612
        ]
      },
      "properties": {
        "boules": "petanque",
        "leisure": "pitch",
        "shelter": "yes",
        "sport": "boules",
        "surface": "compacted",
        "website": "https://www.sint-pieters-leeuw.be/sporthal-wildersportcomplex",
        "nearest_street": "Sportlaan",
        "commune": "Sint-Pieters-Leeuw",
        "province": "brabant_flamand",
        "region": "flandre"
      }
    },
    {
      "type": "Feature",
      "geometry": {
        "type": "Point",
        "coordinates": [
          2.7697816,
          51.1674469
        ]
      },
      "properties": {
        "leisure": "pitch",
        "sport": "boules",
        "nearest_street": "Henri Jasparlaan",
        "commune": "Middelkerke",
        "province": "flandre_occidentale",
        "region": "flandre"
      }
    },
    {
      "type": "Feature",
      "geometry": {
        "type": "Point",
        "coordinates": [
          5.8706519,
          50.5848227
        ]
      },
      "properties": {
        "leisure": "pitch",
        "sport": "boules",
        "surface": "pebblestone",
        "nearest_street": "Rue Henri Pirenne",
        "commune": "Verviers",
        "province": "liege",
        "region": "wallonie"
      }
    },
    {
      "type": "Feature",
      "geometry": {
        "type": "Point",
        "coordinates": [
          4.0600971,
          51.144627
        ]
      },
      "properties": {
        "leisure": "pitch",
        "sport": "boules",
        "nearest_street": "Hemelsbreedte",
        "commune": "Sint-Niklaas",
        "province": "flandre_orientale",
        "region": "flandre"
      }
    },
    {
      "type": "Feature",
      "geometry": {
        "type": "Point",
        "coordinates": [
          4.7895601,
          51.2617952
        ]
      },
      "properties": {
        "leisure": "pitch",
        "sport": "boules",
        "surface": "fine_gravel",
        "nearest_street": "Gebroeders De Winterstraat",
        "commune": "Lille",
        "province": "anvers",
        "region": "flandre"
      }
    },
    {
      "type": "Feature",
      "geometry": {
        "type": "Point",
        "coordinates": [
          5.3738115,
          51.1272223
        ]
      },
      "properties": {
        "boules": "petanque",
        "leisure": "pitch",
        "name": "Petanque plein",
        "sport": "boules",
        "nearest_street": "Molenstraat",
        "commune": "Hechtel",
        "province": "limbourg",
        "region": "flandre"
      }
    },
    {
      "type": "Feature",
      "geometry": {
        "type": "Point",
        "coordinates": [
          3.6912481,
          51.0415745
        ]
      },
      "properties": {
        "access": "yes",
        "boules": "petanque",
        "leisure": "pitch",
        "lit": "no",
        "sport": "boules",
        "nearest_street": null,
        "commune": "Gent",
        "province": "flandre_orientale",
        "region": "flandre"
      }
    },
    {
      "type": "Feature",
      "geometry": {
        "type": "Point",
        "coordinates": [
          3.6914301,
          51.041641
        ]
      },
      "properties": {
        "access": "yes",
        "boules": "petanque",
        "leisure": "pitch",
        "sport": "boules",
        "nearest_street": null,
        "commune": "Gent",
        "province": "flandre_orientale",
        "region": "flandre"
      }
    },
    {
      "type": "Feature",
      "geometry": {
        "type": "Point",
        "coordinates": [
          2.8864436,
          50.8463184
        ]
      },
      "properties": {
        "leisure": "pitch",
        "sport": "boules",
        "nearest_street": "Zaalhof",
        "commune": "Ieper",
        "province": "flandre_occidentale",
        "region": "flandre"
      }
    },
    {
      "type": "Feature",
      "geometry": {
        "type": "Point",
        "coordinates": [
          4.1886621,
          50.9676767
        ]
      },
      "properties": {
        "leisure": "pitch",
        "sport": "boules",
        "nearest_street": "Kattestraat",
        "commune": "Opwijk",
        "province": "brabant_flamand",
        "region": "flandre"
      }
    },
    {
      "type": "Feature",
      "geometry": {
        "type": "Point",
        "coordinates": [
          5.672689,
          50.6877454
        ]
      },
      "properties": {
        "leisure": "pitch",
        "sport": "boules",
        "nearest_street": "Rue Pierre Andrien",
        "commune": "Visé",
        "province": "liege",
        "region": "wallonie"
      }
    },
    {
      "type": "Feature",
      "geometry": {
        "type": "Point",
        "coordinates": [
          5.6727417,
          50.6877305
        ]
      },
      "properties": {
        "leisure": "pitch",
        "sport": "boules",
        "nearest_street": "Rue Pierre Andrien",
        "commune": "Visé",
        "province": "liege",
        "region": "wallonie"
      }
    },
    {
      "type": "Feature",
      "geometry": {
        "type": "Point",
        "coordinates": [
          5.6859707,
          50.6531511
        ]
      },
      "properties": {
        "leisure": "pitch",
        "sport": "boules",
        "nearest_street": "Rue Mousset",
        "commune": "Blegny",
        "province": "liege",
        "region": "wallonie"
      }
    },
    {
      "type": "Feature",
      "geometry": {
        "type": "Point",
        "coordinates": [
          5.6861547,
          50.652969
        ]
      },
      "properties": {
        "leisure": "pitch",
        "sport": "boules",
        "nearest_street": "Rue Mousset",
        "commune": "Blegny",
        "province": "liege",
        "region": "wallonie"
      }
    },
    {
      "type": "Feature",
      "geometry": {
        "type": "Point",
        "coordinates": [
          3.6154222,
          50.5896387
        ]
      },
      "properties": {
        "leisure": "pitch",
        "sport": "boules",
        "nearest_street": "Avenue des Sports",
        "commune": "Leuze",
        "province": "hainaut",
        "region": "wallonie"
      }
    },
    {
      "type": "Feature",
      "geometry": {
        "type": "Point",
        "coordinates": [
          4.2979064,
          50.786042
        ]
      },
      "properties": {
        "boules": "petanque",
        "leisure": "pitch",
        "sport": "boules",
        "nearest_street": "Fabriekstraat",
        "commune": "Sint-Pieters-Leeuw",
        "province": "brabant_flamand",
        "region": "flandre"
      }
    },
    {
      "type": "Feature",
      "geometry": {
        "type": "Point",
        "coordinates": [
          4.68926,
          50.393662
        ]
      },
      "properties": {
        "leisure": "pitch",
        "sport": "boules",
        "nearest_street": "Avenue du Champs Stone",
        "commune": "Fosses-la-Ville",
        "province": "namur",
        "region": "wallonie"
      }
    },
    {
      "type": "Feature",
      "geometry": {
        "type": "Point",
        "coordinates": [
          4.6994144,
          50.8664341
        ]
      },
      "properties": {
        "boules": "petanque",
        "leisure": "pitch",
        "lit": "no",
        "sport": "boules",
        "surface": "compacted",
        "nearest_street": "Erasme Ruelenspark",
        "commune": "Leuven",
        "province": "brabant_flamand",
        "region": "flandre"
      }
    },
    {
      "type": "Feature",
      "geometry": {
        "type": "Point",
        "coordinates": [
          4.69942,
          50.8664866
        ]
      },
      "properties": {
        "boules": "petanque",
        "leisure": "pitch",
        "lit": "no",
        "sport": "boules",
        "surface": "compacted",
        "nearest_street": "Ruelenspark",
        "commune": "Leuven",
        "province": "brabant_flamand",
        "region": "flandre"
      }
    },
    {
      "type": "Feature",
      "geometry": {
        "type": "Point",
        "coordinates": [
          4.6994174,
          50.8664611
        ]
      },
      "properties": {
        "boules": "petanque",
        "leisure": "pitch",
        "lit": "no",
        "sport": "boules",
        "surface": "compacted",
        "nearest_street": "Ruelenspark",
        "commune": "Leuven",
        "province": "brabant_flamand",
        "region": "flandre"
      }
    },
    {
      "type": "Feature",
      "geometry": {
        "type": "Point",
        "coordinates": [
          5.4333427,
          51.2333876
        ]
      },
      "properties": {
        "leisure": "pitch",
        "sport": "boules",
        "surface": "gravel",
        "nearest_street": null,
        "commune": "Neerpelt",
        "province": "limbourg",
        "region": "flandre"
      }
    },
    {
      "type": "Feature",
      "geometry": {
        "type": "Point",
        "coordinates": [
          2.8088179,
          51.1846663
        ]
      },
      "properties": {
        "boules": "petanque",
        "leisure": "pitch",
        "name": "Petanque De Zeemeermin",
        "sport": "boules",
        "nearest_street": "Leopoldlaan",
        "commune": "Middelkerke",
        "province": "flandre_occidentale",
        "region": "flandre"
      }
    },
    {
      "type": "Feature",
      "geometry": {
        "type": "Point",
        "coordinates": [
          4.4194132,
          50.8511419
        ]
      },
      "properties": {
        "boules": "petanque",
        "leisure": "pitch",
        "sport": "boules",
        "nearest_street": "Avenue de la Croix du Sud - Zuiderkruislaan",
        "commune": "Woluwe-Saint-Lambert - Sint-Lambrechts-Woluwe",
        "province": null,
        "region": "bruxelles"
      }
    },
    {
      "type": "Feature",
      "geometry": {
        "type": "Point",
        "coordinates": [
          4.419033,
          50.8513423
        ]
      },
      "properties": {
        "boules": "petanque",
        "leisure": "pitch",
        "sport": "boules",
        "nearest_street": "Clos Sirius - Siriusgaarde",
        "commune": "Woluwe-Saint-Lambert - Sint-Lambrechts-Woluwe",
        "province": null,
        "region": "bruxelles"
      }
    },
    {
      "type": "Feature",
      "geometry": {
        "type": "Point",
        "coordinates": [
          4.1655015,
          51.0344216
        ]
      },
      "properties": {
        "boules": "petanque",
        "leisure": "pitch",
        "sport": "boules",
        "nearest_street": "Molenberg",
        "commune": "Dendermonde",
        "province": "flandre_orientale",
        "region": "flandre"
      }
    },
    {
      "type": "Feature",
      "geometry": {
        "type": "Point",
        "coordinates": [
          4.2255344,
          51.091278
        ]
      },
      "properties": {
        "leisure": "pitch",
        "sport": "boules",
        "nearest_street": "Collegelaan",
        "commune": "Bornem",
        "province": "anvers",
        "region": "flandre"
      }
    },
    {
      "type": "Feature",
      "geometry": {
        "type": "Point",
        "coordinates": [
          4.2173298,
          50.9337922
        ]
      },
      "properties": {
        "leisure": "pitch",
        "sport": "boules",
        "nearest_street": "Voorstehoeve",
        "commune": "Asse",
        "province": "brabant_flamand",
        "region": "flandre"
      }
    },
    {
      "type": "Feature",
      "geometry": {
        "type": "Point",
        "coordinates": [
          3.9254198,
          50.4266233
        ]
      },
      "properties": {
        "leisure": "pitch",
        "sport": "boules",
        "nearest_street": "Rue de l'Espinette",
        "commune": "Mons",
        "province": "hainaut",
        "region": "wallonie"
      }
    },
    {
      "type": "Feature",
      "geometry": {
        "type": "Point",
        "coordinates": [
          4.9190287,
          50.2452055
        ]
      },
      "properties": {
        "leisure": "pitch",
        "sport": "boules",
        "nearest_street": "Pont-Cajot",
        "commune": "Dinant",
        "province": "namur",
        "region": "wallonie"
      }
    },
    {
      "type": "Feature",
      "geometry": {
        "type": "Point",
        "coordinates": [
          3.9257195,
          50.4284482
        ]
      },
      "properties": {
        "leisure": "pitch",
        "sport": "boules",
        "nearest_street": null,
        "commune": "Mons",
        "province": "hainaut",
        "region": "wallonie"
      }
    },
    {
      "type": "Feature",
      "geometry": {
        "type": "Point",
        "coordinates": [
          4.5371332,
          50.7129278
        ]
      },
      "properties": {
        "leisure": "pitch",
        "sport": "boules",
        "nearest_street": "Avenue de Clermont Tonnerre",
        "commune": "Rixensart",
        "province": "brabant_wallon",
        "region": "wallonie"
      }
    },
    {
      "type": "Feature",
      "geometry": {
        "type": "Point",
        "coordinates": [
          3.9758261,
          50.9211036
        ]
      },
      "properties": {
        "boules": "petanque",
        "leisure": "pitch",
        "sport": "boules",
        "nearest_street": "Groendal",
        "commune": "Mere",
        "province": "flandre_orientale",
        "region": "flandre"
      }
    },
    {
      "type": "Feature",
      "geometry": {
        "type": "Point",
        "coordinates": [
          3.8794001,
          50.4566098
        ]
      },
      "properties": {
        "leisure": "pitch",
        "sport": "boules",
        "nearest_street": "Chasse Fontaine",
        "commune": "Mons",
        "province": "hainaut",
        "region": "wallonie"
      }
    },
    {
      "type": "Feature",
      "geometry": {
        "type": "Point",
        "coordinates": [
          2.8536349,
          50.955456
        ]
      },
      "properties": {
        "leisure": "pitch",
        "sport": "boules",
        "nearest_street": "Diksmuidestraat",
        "commune": "Houthulst",
        "province": "flandre_occidentale",
        "region": "flandre"
      }
    },
    {
      "type": "Feature",
      "geometry": {
        "type": "Point",
        "coordinates": [
          4.3136685,
          50.683306
        ]
      },
      "properties": {
        "leisure": "pitch",
        "sport": "boules",
        "nearest_street": "Rue Robert Ledecq",
        "commune": "Wauthier-Braine",
        "province": "brabant_wallon",
        "region": "wallonie"
      }
    },
    {
      "type": "Feature",
      "geometry": {
        "type": "Point",
        "coordinates": [
          4.2983928,
          50.6809969
        ]
      },
      "properties": {
        "access": "yes",
        "boules": "petanque",
        "leisure": "pitch",
        "lit": "yes",
        "sport": "boules",
        "surface": "fine_gravel",
        "nearest_street": "Rue du Zouave Français Michel",
        "commune": "Wauthier-Braine",
        "province": "brabant_wallon",
        "region": "wallonie"
      }
    },
    {
      "type": "Feature",
      "geometry": {
        "type": "Point",
        "coordinates": [
          3.1216677,
          51.3136049
        ]
      },
      "properties": {
        "boules": "petanque",
        "leisure": "pitch",
        "lit": "no",
        "sport": "boules",
        "surface": "sand",
        "nearest_street": "Leopold Konkelbergekaai",
        "commune": "Blankenberge",
        "province": "flandre_occidentale",
        "region": "flandre"
      }
    },
    {
      "type": "Feature",
      "geometry": {
        "type": "Point",
        "coordinates": [
          4.8486296,
          50.0680511
        ]
      },
      "properties": {
        "access": "yes",
        "boules": "petanque",
        "description": "legere pente",
        "leisure": "pitch",
        "lit": "no",
        "sport": "boules",
        "surface": "compacted",
        "nearest_street": "Rue Gilbert Godefroid",
        "commune": "Beauraing",
        "province": "namur",
        "region": "wallonie"
      }
    },
    {
      "type": "Feature",
      "geometry": {
        "type": "Point",
        "coordinates": [
          4.273376,
          50.6714668
        ]
      },
      "properties": {
        "leisure": "pitch",
        "sport": "boules",
        "nearest_street": "Rue de la Grande Bruyère",
        "commune": "Braine-le-Château",
        "province": "brabant_wallon",
        "region": "wallonie"
      }
    },
    {
      "type": "Feature",
      "geometry": {
        "type": "Point",
        "coordinates": [
          3.2092164,
          51.3338478
        ]
      },
      "properties": {
        "leisure": "pitch",
        "sport": "boules",
        "nearest_street": "Kustlaan",
        "commune": "Brugge",
        "province": "flandre_occidentale",
        "region": "flandre"
      }
    },
    {
      "type": "Feature",
      "geometry": {
        "type": "Point",
        "coordinates": [
          3.2090778,
          51.3337621
        ]
      },
      "properties": {
        "leisure": "pitch",
        "sport": "boules",
        "nearest_street": "Kustlaan",
        "commune": "Brugge",
        "province": "flandre_occidentale",
        "region": "flandre"
      }
    },
    {
      "type": "Feature",
      "geometry": {
        "type": "Point",
        "coordinates": [
          5.2829939,
          50.1674706
        ]
      },
      "properties": {
        "leisure": "pitch",
        "sport": "boules",
        "nearest_street": "Rue de l'Yser",
        "commune": "Marche-en-Famenne",
        "province": "luxembourg",
        "region": "wallonie"
      }
    },
    {
      "type": "Feature",
      "geometry": {
        "type": "Point",
        "coordinates": [
          3.083119,
          51.3002944
        ]
      },
      "properties": {
        "leisure": "pitch",
        "lit": "yes",
        "sport": "boules",
        "surface": "compacted",
        "nearest_street": "Astridplein",
        "commune": "Wenduine",
        "province": "flandre_occidentale",
        "region": "flandre"
      }
    },
    {
      "type": "Feature",
      "geometry": {
        "type": "Point",
        "coordinates": [
          4.1974616,
          50.680198
        ]
      },
      "properties": {
        "boules": "petanque",
        "building": "yes",
        "leisure": "pitch",
        "name": "Le Kiki Tubizien",
        "sport": "boules",
        "nearest_street": "Chemin Massart",
        "commune": "Tubize",
        "province": "brabant_wallon",
        "region": "wallonie"
      }
    },
    {
      "type": "Feature",
      "geometry": {
        "type": "Point",
        "coordinates": [
          4.8973044,
          51.2569511
        ]
      },
      "properties": {
        "leisure": "pitch",
        "sport": "boules",
        "nearest_street": "Prijstraat",
        "commune": "Kasterlee",
        "province": "anvers",
        "region": "flandre"
      }
    },
    {
      "type": "Feature",
      "geometry": {
        "type": "Point",
        "coordinates": [
          5.9056984,
          50.325826
        ]
      },
      "properties": {
        "leisure": "pitch",
        "sport": "boules",
        "nearest_street": "Rue de l'Entraide",
        "commune": "Vielsalm",
        "province": "luxembourg",
        "region": "wallonie"
      }
    },
    {
      "type": "Feature",
      "geometry": {
        "type": "Point",
        "coordinates": [
          4.174015,
          50.8685954
        ]
      },
      "properties": {
        "leisure": "pitch",
        "sport": "boules",
        "nearest_street": "Kouterweg",
        "commune": "Ternat",
        "province": "brabant_flamand",
        "region": "flandre"
      }
    },
    {
      "type": "Feature",
      "geometry": {
        "type": "Point",
        "coordinates": [
          4.4804881,
          51.1290067
        ]
      },
      "properties": {
        "boules": "petanque",
        "leisure": "pitch",
        "sport": "boules",
        "nearest_street": "Kontichsesteenweg",
        "commune": "Lint",
        "province": "anvers",
        "region": "flandre"
      }
    },
    {
      "type": "Feature",
      "geometry": {
        "type": "Point",
        "coordinates": [
          4.4803896,
          51.1288529
        ]
      },
      "properties": {
        "boules": "petanque",
        "leisure": "pitch",
        "sport": "boules",
        "nearest_street": "Kontichsesteenweg",
        "commune": "Lint",
        "province": "anvers",
        "region": "flandre"
      }
    },
    {
      "type": "Feature",
      "geometry": {
        "type": "Point",
        "coordinates": [
          3.6443602,
          50.7712868
        ]
      },
      "properties": {
        "leisure": "pitch",
        "lit": "no",
        "sport": "boules",
        "nearest_street": "La Salettestraat",
        "commune": "Etikhove",
        "province": "flandre_orientale",
        "region": "flandre"
      }
    },
    {
      "type": "Feature",
      "geometry": {
        "type": "Point",
        "coordinates": [
          4.4603607,
          50.9840129
        ]
      },
      "properties": {
        "boules": "petanque",
        "leisure": "pitch",
        "sport": "boules",
        "nearest_street": "Tarweveld",
        "commune": "Zemst",
        "province": "brabant_flamand",
        "region": "flandre"
      }
    },
    {
      "type": "Feature",
      "geometry": {
        "type": "Point",
        "coordinates": [
          5.4291353,
          50.9406402
        ]
      },
      "properties": {
        "leisure": "pitch",
        "sport": "boules",
        "nearest_street": "Roerdompstraat",
        "commune": "Diepenbeek",
        "province": "limbourg",
        "region": "flandre"
      }
    },
    {
      "type": "Feature",
      "geometry": {
        "type": "Point",
        "coordinates": [
          5.2561194,
          50.9955746
        ]
      },
      "properties": {
        "leisure": "pitch",
        "sport": "boules",
        "nearest_street": "Kerkstraat",
        "commune": "Zolder",
        "province": "limbourg",
        "region": "flandre"
      }
    },
    {
      "type": "Feature",
      "geometry": {
        "type": "Point",
        "coordinates": [
          5.4862727,
          50.9543768
        ]
      },
      "properties": {
        "leisure": "pitch",
        "name": "Petanqueclub Genk",
        "sport": "boules",
        "nearest_street": "Melbergstraat",
        "commune": "Genk",
        "province": "limbourg",
        "region": "flandre"
      }
    },
    {
      "type": "Feature",
      "geometry": {
        "type": "Point",
        "coordinates": [
          4.4221657,
          51.156955
        ]
      },
      "properties": {
        "boules": "petanque",
        "leisure": "pitch",
        "lit": "yes",
        "sport": "boules",
        "surface": "compacted",
        "nearest_street": "Eysegemblok",
        "commune": "Edegem",
        "province": "anvers",
        "region": "flandre"
      }
    },
    {
      "type": "Feature",
      "geometry": {
        "type": "Point",
        "coordinates": [
          4.8678519,
          50.8572901
        ]
      },
      "properties": {
        "leisure": "pitch",
        "lit": "yes",
        "sport": "boules",
        "surface": "fine_gravel",
        "nearest_street": "Kerkstraat",
        "commune": "Boutersem",
        "province": "brabant_flamand",
        "region": "flandre"
      }
    },
    {
      "type": "Feature",
      "geometry": {
        "type": "Point",
        "coordinates": [
          5.6993965,
          50.622815
        ]
      },
      "properties": {
        "leisure": "pitch",
        "sport": "boules",
        "nearest_street": "Drève du Fort",
        "commune": "Fléron",
        "province": "liege",
        "region": "wallonie"
      }
    },
    {
      "type": "Feature",
      "geometry": {
        "type": "Point",
        "coordinates": [
          5.6995635,
          50.6228758
        ]
      },
      "properties": {
        "leisure": "pitch",
        "sport": "boules",
        "nearest_street": "Drève du Fort",
        "commune": "Fléron",
        "province": "liege",
        "region": "wallonie"
      }
    },
    {
      "type": "Feature",
      "geometry": {
        "type": "Point",
        "coordinates": [
          4.3909793,
          51.1353475
        ]
      },
      "properties": {
        "boules": "petanque",
        "leisure": "pitch",
        "sport": "boules",
        "nearest_street": "Swaeneleike",
        "commune": "Aartselaar",
        "province": "anvers",
        "region": "flandre"
      }
    },
    {
      "type": "Feature",
      "geometry": {
        "type": "Point",
        "coordinates": [
          4.4383078,
          51.1250322
        ]
      },
      "properties": {
        "leisure": "pitch",
        "sport": "boules",
        "nearest_street": "Keizershoek",
        "commune": "Kontich",
        "province": "anvers",
        "region": "flandre"
      }
    },
    {
      "type": "Feature",
      "geometry": {
        "type": "Point",
        "coordinates": [
          4.7015113,
          50.9702253
        ]
      },
      "properties": {
        "leisure": "pitch",
        "sport": "boules",
        "nearest_street": "Demerbroekstraat",
        "commune": "Rotselaar",
        "province": "brabant_flamand",
        "region": "flandre"
      }
    },
    {
      "type": "Feature",
      "geometry": {
        "type": "Point",
        "coordinates": [
          4.3456918,
          51.0946106
        ]
      },
      "properties": {
        "boules": "petanque",
        "leisure": "pitch",
        "sport": "boules",
        "nearest_street": "Noeveren",
        "commune": "Boom",
        "province": "anvers",
        "region": "flandre"
      }
    },
    {
      "type": "Feature",
      "geometry": {
        "type": "Point",
        "coordinates": [
          3.2050023,
          51.2346951
        ]
      },
      "properties": {
        "leisure": "pitch",
        "sport": "boules",
        "nearest_street": "Duivenslagstraat",
        "commune": "Brugge",
        "province": "flandre_occidentale",
        "region": "flandre"
      }
    },
    {
      "type": "Feature",
      "geometry": {
        "type": "Point",
        "coordinates": [
          4.1755507,
          50.305831
        ]
      },
      "properties": {
        "leisure": "pitch",
        "name": "Terrains de Pétanque",
        "sport": "boules",
        "nearest_street": "Chemin du Tram",
        "commune": "Hantes-Wihéries",
        "province": "hainaut",
        "region": "wallonie"
      }
    },
    {
      "type": "Feature",
      "geometry": {
        "type": "Point",
        "coordinates": [
          3.2039593,
          51.226984
        ]
      },
      "properties": {
        "leisure": "pitch",
        "sport": "boules",
        "nearest_street": null,
        "commune": "Brugge",
        "province": "flandre_occidentale",
        "region": "flandre"
      }
    },
    {
      "type": "Feature",
      "geometry": {
        "type": "Point",
        "coordinates": [
          4.3113387,
          50.805684
        ]
      },
      "properties": {
        "leisure": "pitch",
        "sport": "boules",
        "nearest_street": "Square Emile des Grées du Loû - Emile des Grées du Loû Square",
        "commune": "Forest - Vorst",
        "province": null,
        "region": "bruxelles"
      }
    },
    {
      "type": "Feature",
      "geometry": {
        "type": "Point",
        "coordinates": [
          3.3688635,
          50.5822083
        ]
      },
      "properties": {
        "leisure": "pitch",
        "sport": "boules",
        "nearest_street": "Ravel 88A",
        "commune": "Tournai",
        "province": "hainaut",
        "region": "wallonie"
      }
    },
    {
      "type": "Feature",
      "geometry": {
        "type": "Point",
        "coordinates": [
          4.3392233,
          50.8006798
        ]
      },
      "properties": {
        "boules": "petanque",
        "leisure": "pitch",
        "lit": "yes",
        "sport": "boules",
        "surface": "concrete",
        "wheelchair": "yes",
        "nearest_street": "Rue Robert Scott - Robert Scottstraat",
        "commune": "Uccle - Ukkel",
        "province": null,
        "region": "bruxelles"
      }
    },
    {
      "type": "Feature",
      "geometry": {
        "type": "Point",
        "coordinates": [
          3.6447448,
          50.9907298
        ]
      },
      "properties": {
        "access": "yes",
        "leisure": "pitch",
        "name": "Petanqueterrein Polderbos",
        "sport": "boules",
        "surface": "fine_gravel",
        "nearest_street": "Bommelstraat",
        "commune": "De Pinte",
        "province": "flandre_orientale",
        "region": "flandre"
      }
    },
    {
      "type": "Feature",
      "geometry": {
        "type": "Point",
        "coordinates": [
          5.2312068,
          50.565748
        ]
      },
      "properties": {
        "leisure": "pitch",
        "sport": "boules",
        "surface": "fine_gravel",
        "nearest_street": "Chaussée de Tirlemont",
        "commune": "Wanze",
        "province": "liege",
        "region": "wallonie"
      }
    },
    {
      "type": "Feature",
      "geometry": {
        "type": "Point",
        "coordinates": [
          3.2365753,
          51.2283238
        ]
      },
      "properties": {
        "leisure": "pitch",
        "sport": "boules",
        "nearest_street": "Cornelis Everaartstraat",
        "commune": "Brugge",
        "province": "flandre_occidentale",
        "region": "flandre"
      }
    },
    {
      "type": "Feature",
      "geometry": {
        "type": "Point",
        "coordinates": [
          4.5957462,
          51.3876017
        ]
      },
      "properties": {
        "boules": "petanque",
        "leisure": "pitch",
        "sport": "boules",
        "nearest_street": "Gasthuisdreef",
        "commune": "Wuustwezel",
        "province": "anvers",
        "region": "flandre"
      }
    },
    {
      "type": "Feature",
      "geometry": {
        "type": "Point",
        "coordinates": [
          4.2999754,
          50.8817621
        ]
      },
      "properties": {
        "addr:housenumber": "14",
        "addr:street": "Rue au Bois - Bosstraat",
        "building": "yes",
        "leisure": "pitch",
        "sport": "petanque",
        "nearest_street": "Rue au Bois - Bosstraat",
        "commune": "Ganshoren",
        "province": null,
        "region": "bruxelles"
      }
    },
    {
      "type": "Feature",
      "geometry": {
        "type": "Point",
        "coordinates": [
          5.2482084,
          50.915368
        ]
      },
      "properties": {
        "leisure": "pitch",
        "lit": "yes",
        "sport": "boules",
        "surface": "grass",
        "nearest_street": "Burchtstraat",
        "commune": "Hasselt",
        "province": "limbourg",
        "region": "flandre"
      }
    },
    {
      "type": "Feature",
      "geometry": {
        "type": "Point",
        "coordinates": [
          4.5652364,
          50.6630946
        ]
      },
      "properties": {
        "leisure": "pitch",
        "lit": "no",
        "sport": "boules",
        "surface": "compacted",
        "nearest_street": "Avenue des Combattants",
        "commune": "Ottignies-Louvain-la-Neuve",
        "province": "brabant_wallon",
        "region": "wallonie"
      }
    },
    {
      "type": "Feature",
      "geometry": {
        "type": "Point",
        "coordinates": [
          4.0404547,
          51.0653852
        ]
      },
      "properties": {
        "leisure": "pitch",
        "sport": "boules",
        "nearest_street": "Verbindingsstraat",
        "commune": "Zele",
        "province": "flandre_orientale",
        "region": "flandre"
      }
    },
    {
      "type": "Feature",
      "geometry": {
        "type": "Point",
        "coordinates": [
          4.3950453,
          50.4429496
        ]
      },
      "properties": {
        "leisure": "pitch",
        "name": "Espace Provence",
        "sport": "boules",
        "nearest_street": "Cité de la Lache",
        "commune": "Charleroi",
        "province": "hainaut",
        "region": "wallonie"
      }
    },
    {
      "type": "Feature",
      "geometry": {
        "type": "Point",
        "coordinates": [
          5.3039862,
          50.6947363
        ]
      },
      "properties": {
        "leisure": "pitch",
        "sport": "boules",
        "nearest_street": "Place du Roi Albert",
        "commune": "Pousset",
        "province": "liege",
        "region": "wallonie"
      }
    },
    {
      "type": "Feature",
      "geometry": {
        "type": "Point",
        "coordinates": [
          3.2502485,
          51.2326928
        ]
      },
      "properties": {
        "leisure": "pitch",
        "sport": "boules",
        "nearest_street": "Reigersnesten",
        "commune": "Brugge",
        "province": "flandre_occidentale",
        "region": "flandre"
      }
    },
    {
      "type": "Feature",
      "geometry": {
        "type": "Point",
        "coordinates": [
          3.1325664,
          51.3100406
        ]
      },
      "properties": {
        "leisure": "pitch",
        "sport": "boules",
        "nearest_street": "Ontmijnersstraat",
        "commune": "Blankenberge",
        "province": "flandre_occidentale",
        "region": "flandre"
      }
    },
    {
      "type": "Feature",
      "geometry": {
        "type": "Point",
        "coordinates": [
          3.1328927,
          51.3099786
        ]
      },
      "properties": {
        "leisure": "pitch",
        "sport": "boules",
        "nearest_street": "Zuidlaan",
        "commune": "Blankenberge",
        "province": "flandre_occidentale",
        "region": "flandre"
      }
    },
    {
      "type": "Feature",
      "geometry": {
        "type": "Point",
        "coordinates": [
          3.1327722,
          51.3100498
        ]
      },
      "properties": {
        "leisure": "pitch",
        "sport": "boules",
        "nearest_street": "Zuidlaan",
        "commune": "Blankenberge",
        "province": "flandre_occidentale",
        "region": "flandre"
      }
    },
    {
      "type": "Feature",
      "geometry": {
        "type": "Point",
        "coordinates": [
          4.7387739,
          50.8784924
        ]
      },
      "properties": {
        "leisure": "pitch",
        "lit": "no",
        "smokefree": "yes",
        "smoking": "no",
        "smoking:cannabis": "no",
        "smoking:outside": "no",
        "sport": "boules",
        "surface": "compacted",
        "nearest_street": "Kerselarenstraat",
        "commune": "Leuven",
        "province": "brabant_flamand",
        "region": "flandre"
      }
    },
    {
      "type": "Feature",
      "geometry": {
        "type": "Point",
        "coordinates": [
          3.2070023,
          50.9123534
        ]
      },
      "properties": {
        "leisure": "pitch",
        "sport": "boules",
        "nearest_street": "Sint-Jorisstraat",
        "commune": "Izegem",
        "province": "flandre_occidentale",
        "region": "flandre"
      }
    },
    {
      "type": "Feature",
      "geometry": {
        "type": "Point",
        "coordinates": [
          4.4657788,
          50.950737
        ]
      },
      "properties": {
        "boules": "petanque",
        "leisure": "pitch",
        "sport": "boules",
        "nearest_street": "Haesendonckstraat",
        "commune": "Vilvoorde",
        "province": "brabant_flamand",
        "region": "flandre"
      }
    },
    {
      "type": "Feature",
      "geometry": {
        "type": "Point",
        "coordinates": [
          4.3851141,
          50.2211798
        ]
      },
      "properties": {
        "leisure": "pitch",
        "sport": "boules",
        "nearest_street": null,
        "commune": "Boussu-lez-Walcourt",
        "province": "hainaut",
        "region": "wallonie"
      }
    },
    {
      "type": "Feature",
      "geometry": {
        "type": "Point",
        "coordinates": [
          4.3851594,
          50.2211985
        ]
      },
      "properties": {
        "leisure": "pitch",
        "sport": "boules",
        "nearest_street": null,
        "commune": "Boussu-lez-Walcourt",
        "province": "hainaut",
        "region": "wallonie"
      }
    },
    {
      "type": "Feature",
      "geometry": {
        "type": "Point",
        "coordinates": [
          4.4207882,
          51.0462827
        ]
      },
      "properties": {
        "boules": "petanque",
        "leisure": "pitch",
        "sport": "boules",
        "nearest_street": "Heffen-Dorp",
        "commune": "Mechelen",
        "province": "anvers",
        "region": "flandre"
      }
    },
    {
      "type": "Feature",
      "geometry": {
        "type": "Point",
        "coordinates": [
          4.4207402,
          51.0463533
        ]
      },
      "properties": {
        "boules": "petanque",
        "leisure": "pitch",
        "sport": "boules",
        "nearest_street": "Heffen-Dorp",
        "commune": "Mechelen",
        "province": "anvers",
        "region": "flandre"
      }
    },
    {
      "type": "Feature",
      "geometry": {
        "type": "Point",
        "coordinates": [
          4.7388813,
          50.8833859
        ]
      },
      "properties": {
        "access": "yes",
        "leisure": "pitch",
        "sport": "boules",
        "nearest_street": "Guldensporenlaan",
        "commune": "Leuven",
        "province": "brabant_flamand",
        "region": "flandre"
      }
    },
    {
      "type": "Feature",
      "geometry": {
        "type": "Point",
        "coordinates": [
          4.4869142,
          51.0606688
        ]
      },
      "properties": {
        "boules": "petanque",
        "leisure": "pitch",
        "lit": "no",
        "opening_hours": "Sa 14:00+; Su 10:30+",
        "sport": "boules",
        "surface": "compacted",
        "nearest_street": "Clemenceaustraat",
        "commune": "Sint-Katelijne-Waver",
        "province": "anvers",
        "region": "flandre"
      }
    },
    {
      "type": "Feature",
      "geometry": {
        "type": "Point",
        "coordinates": [
          2.594934,
          51.1026284
        ]
      },
      "properties": {
        "leisure": "pitch",
        "lit": "yes",
        "sport": "boules",
        "surface": "fine_gravel",
        "nearest_street": "Jeanne d'Arcplein",
        "commune": "De Panne",
        "province": "flandre_occidentale",
        "region": "flandre"
      }
    },
    {
      "type": "Feature",
      "geometry": {
        "type": "Point",
        "coordinates": [
          4.4864112,
          51.0079961
        ]
      },
      "properties": {
        "boules": "petanque",
        "leisure": "pitch",
        "lit": "no",
        "sport": "boules",
        "surface": "gravel",
        "nearest_street": "Rozenstraat",
        "commune": "Mechelen",
        "province": "anvers",
        "region": "flandre"
      }
    },
    {
      "type": "Feature",
      "geometry": {
        "type": "Point",
        "coordinates": [
          4.4496908,
          50.4528796
        ]
      },
      "properties": {
        "boules": "petanque",
        "leisure": "pitch",
        "note": "3 terrains",
        "sport": "boules",
        "nearest_street": "Houbois",
        "commune": "Charleroi",
        "province": "hainaut",
        "region": "wallonie"
      }
    },
    {
      "type": "Feature",
      "geometry": {
        "type": "Point",
        "coordinates": [
          4.3713973,
          50.9312803
        ]
      },
      "properties": {
        "boules": "petanque",
        "leisure": "pitch",
        "name": "Petanque",
        "sport": "boules",
        "nearest_street": "Prinsenstraat",
        "commune": "Grimbergen",
        "province": "brabant_flamand",
        "region": "flandre"
      }
    },
    {
      "type": "Feature",
      "geometry": {
        "type": "Point",
        "coordinates": [
          4.6927011,
          50.8869899
        ]
      },
      "properties": {
        "access": "yes",
        "boules": "petanque",
        "leisure": "pitch",
        "sport": "boules",
        "surface": "compacted",
        "nearest_street": "'s-Hertogenwijngaard",
        "commune": "Leuven",
        "province": "brabant_flamand",
        "region": "flandre"
      }
    },
    {
      "type": "Feature",
      "geometry": {
        "type": "Point",
        "coordinates": [
          4.7277363,
          50.8972264
        ]
      },
      "properties": {
        "access": "yes",
        "leisure": "pitch",
        "sport": "boules",
        "nearest_street": "Bruineveld",
        "commune": "Leuven",
        "province": "brabant_flamand",
        "region": "flandre"
      }
    },
    {
      "type": "Feature",
      "geometry": {
        "type": "Point",
        "coordinates": [
          4.5026857,
          51.0929762
        ]
      },
      "properties": {
        "boules": "petanque",
        "leisure": "pitch",
        "sport": "boules",
        "nearest_street": "Hondiuslaan",
        "commune": "Duffel",
        "province": "anvers",
        "region": "flandre"
      }
    },
    {
      "type": "Feature",
      "geometry": {
        "type": "Point",
        "coordinates": [
          5.1446238,
          50.6196518
        ]
      },
      "properties": {
        "access": "yes",
        "check_date:lit": "2026-04-18",
        "leisure": "pitch",
        "lit": "no",
        "panoramax": "684ab284-5e5e-41ee-a4ba-6b7ee1b8dcbd",
        "reservation": "no",
        "sport": "boules",
        "surface": "gravel",
        "nearest_street": "Ravel L127",
        "commune": "Braives",
        "province": "liege",
        "region": "wallonie"
      }
    },
    {
      "type": "Feature",
      "geometry": {
        "type": "Point",
        "coordinates": [
          4.7058284,
          50.8596065
        ]
      },
      "properties": {
        "boules": "petanque",
        "leisure": "pitch",
        "lit": "no",
        "smokefree": "yes",
        "smoking": "no",
        "smoking:cannabis": "no",
        "smoking:outside": "no",
        "sport": "boules",
        "surface": "sand",
        "nearest_street": "Alaudastraat",
        "commune": "Leuven",
        "province": "brabant_flamand",
        "region": "flandre"
      }
    },
    {
      "type": "Feature",
      "geometry": {
        "type": "Point",
        "coordinates": [
          4.7058742,
          50.8596019
        ]
      },
      "properties": {
        "boules": "petanque",
        "leisure": "pitch",
        "smokefree": "yes",
        "smoking": "no",
        "smoking:cannabis": "no",
        "smoking:outside": "no",
        "sport": "boules",
        "surface": "sand",
        "nearest_street": "Alaudastraat",
        "commune": "Leuven",
        "province": "brabant_flamand",
        "region": "flandre"
      }
    },
    {
      "type": "Feature",
      "geometry": {
        "type": "Point",
        "coordinates": [
          4.7087016,
          50.8631447
        ]
      },
      "properties": {
        "boules": "petanque",
        "leisure": "pitch",
        "lit": "yes",
        "smokefree": "yes",
        "smoking": "no",
        "smoking:cannabis": "no",
        "smoking:outside": "no",
        "sport": "boules",
        "surface": "fine_gravel",
        "nearest_street": "Bronlaan",
        "commune": "Leuven",
        "province": "brabant_flamand",
        "region": "flandre"
      }
    },
    {
      "type": "Feature",
      "geometry": {
        "type": "Point",
        "coordinates": [
          4.3332051,
          51.1232603
        ]
      },
      "properties": {
        "boules": "petanque",
        "leisure": "pitch",
        "sport": "boules",
        "nearest_street": "Kapelstraat",
        "commune": "Schelle",
        "province": "anvers",
        "region": "flandre"
      }
    },
    {
      "type": "Feature",
      "geometry": {
        "type": "Point",
        "coordinates": [
          4.8711911,
          51.3327337
        ]
      },
      "properties": {
        "boules": "petanque",
        "leisure": "pitch",
        "sport": "boules",
        "surface": "grass",
        "nearest_street": "Kleiputstraat",
        "commune": "Beerse",
        "province": "anvers",
        "region": "flandre"
      }
    },
    {
      "type": "Feature",
      "geometry": {
        "type": "Point",
        "coordinates": [
          3.3324015,
          51.1292098
        ]
      },
      "properties": {
        "leisure": "pitch",
        "sport": "boules",
        "nearest_street": "Albrecht Rodenbachstraat",
        "commune": "Beernem",
        "province": "flandre_occidentale",
        "region": "flandre"
      }
    },
    {
      "type": "Feature",
      "geometry": {
        "type": "Point",
        "coordinates": [
          6.0193554,
          50.4250911
        ]
      },
      "properties": {
        "boules": "petanque",
        "leisure": "pitch",
        "sport": "boules",
        "nearest_street": null,
        "commune": "Malmedy",
        "province": "liege",
        "region": "wallonie"
      }
    },
    {
      "type": "Feature",
      "geometry": {
        "type": "Point",
        "coordinates": [
          4.428225,
          51.1677771
        ]
      },
      "properties": {
        "access": "yes",
        "boules": "petanque",
        "leisure": "pitch",
        "lit": "no",
        "sport": "boules",
        "surface": "compacted",
        "nearest_street": "Parklaan",
        "commune": "Edegem",
        "province": "anvers",
        "region": "flandre"
      }
    },
    {
      "type": "Feature",
      "geometry": {
        "type": "Point",
        "coordinates": [
          3.1116047,
          50.8055234
        ]
      },
      "properties": {
        "boules": "petanque",
        "leisure": "pitch",
        "sport": "boules",
        "nearest_street": "Guido Gezellelaan",
        "commune": "Menen",
        "province": "flandre_occidentale",
        "region": "flandre"
      }
    },
    {
      "type": "Feature",
      "geometry": {
        "type": "Point",
        "coordinates": [
          4.9626172,
          50.3374659
        ]
      },
      "properties": {
        "boules": "petanque",
        "leisure": "pitch",
        "sport": "boules",
        "surface": "fine_gravel",
        "nearest_street": "Rue du Bois des Loges",
        "commune": "Durnal",
        "province": "namur",
        "region": "wallonie"
      }
    },
    {
      "type": "Feature",
      "geometry": {
        "type": "Point",
        "coordinates": [
          3.1218171,
          51.3136498
        ]
      },
      "properties": {
        "boules": "petanque",
        "leisure": "pitch",
        "lit": "no",
        "sport": "boules",
        "surface": "sand",
        "nearest_street": "Franchommelaan",
        "commune": "Blankenberge",
        "province": "flandre_occidentale",
        "region": "flandre"
      }
    },
    {
      "type": "Feature",
      "geometry": {
        "type": "Point",
        "coordinates": [
          5.4466628,
          51.2156901
        ]
      },
      "properties": {
        "leisure": "pitch",
        "name": "Pelter PC",
        "sport": "boules",
        "nearest_street": "Sparrenlaan",
        "commune": "Neerpelt",
        "province": "limbourg",
        "region": "flandre"
      }
    },
    {
      "type": "Feature",
      "geometry": {
        "type": "Point",
        "coordinates": [
          3.2017548,
          50.7970509
        ]
      },
      "properties": {
        "boules": "petanque",
        "leisure": "pitch",
        "sport": "boules",
        "nearest_street": "Rietlaan",
        "commune": "Lauwe",
        "province": "flandre_occidentale",
        "region": "flandre"
      }
    },
    {
      "type": "Feature",
      "geometry": {
        "type": "Point",
        "coordinates": [
          4.0633012,
          50.7742195
        ]
      },
      "properties": {
        "leisure": "pitch",
        "sport": "boules",
        "nearest_street": "Kloosterstraat",
        "commune": "Oetingen",
        "province": "brabant_flamand",
        "region": "flandre"
      }
    },
    {
      "type": "Feature",
      "geometry": {
        "type": "Point",
        "coordinates": [
          4.0634654,
          50.7741488
        ]
      },
      "properties": {
        "leisure": "pitch",
        "sport": "boules",
        "nearest_street": "Kerkstraat",
        "commune": "Oetingen",
        "province": "brabant_flamand",
        "region": "flandre"
      }
    },
    {
      "type": "Feature",
      "geometry": {
        "type": "Point",
        "coordinates": [
          5.4826461,
          49.6035095
        ]
      },
      "properties": {
        "leisure": "pitch",
        "name": "Boulodrome communal",
        "sport": "boules",
        "nearest_street": "Rue de Launoy",
        "commune": "Meix-devant-Virton",
        "province": "luxembourg",
        "region": "wallonie"
      }
    },
    {
      "type": "Feature",
      "geometry": {
        "type": "Point",
        "coordinates": [
          5.4892345,
          49.6937202
        ]
      },
      "properties": {
        "leisure": "pitch",
        "sport": "boules",
        "nearest_street": "Rue de la Breuvanne",
        "commune": "Tintigny",
        "province": "luxembourg",
        "region": "wallonie"
      }
    },
    {
      "type": "Feature",
      "geometry": {
        "type": "Point",
        "coordinates": [
          3.6088684,
          50.8356367
        ]
      },
      "properties": {
        "boules": "petanque",
        "leisure": "pitch",
        "sport": "boules",
        "nearest_street": "Fonteinplein",
        "commune": "Oudenaarde",
        "province": "flandre_orientale",
        "region": "flandre"
      }
    },
    {
      "type": "Feature",
      "geometry": {
        "type": "Point",
        "coordinates": [
          5.6370731,
          49.9663042
        ]
      },
      "properties": {
        "leisure": "pitch",
        "sport": "boules",
        "nearest_street": "Rue du Pont",
        "commune": "Sibret",
        "province": "luxembourg",
        "region": "wallonie"
      }
    },
    {
      "type": "Feature",
      "geometry": {
        "type": "Point",
        "coordinates": [
          5.3683539,
          50.9581196
        ]
      },
      "properties": {
        "covered": "yes",
        "leisure": "pitch",
        "source:geometry:date": "2016-12-12",
        "source:geometry:ref": "Gbg/5791688",
        "sport": "boules",
        "nearest_street": "Tulpinstraat",
        "commune": "Hasselt",
        "province": "limbourg",
        "region": "flandre"
      }
    },
    {
      "type": "Feature",
      "geometry": {
        "type": "Point",
        "coordinates": [
          3.1355435,
          51.3084144
        ]
      },
      "properties": {
        "leisure": "pitch",
        "lit": "no",
        "sport": "boules",
        "surface": "gravel",
        "nearest_street": "d'Hoogploatepark",
        "commune": "Blankenberge",
        "province": "flandre_occidentale",
        "region": "flandre"
      }
    },
    {
      "type": "Feature",
      "geometry": {
        "type": "Point",
        "coordinates": [
          3.1213184,
          50.7996966
        ]
      },
      "properties": {
        "boules": "petanque",
        "leisure": "pitch",
        "sport": "boules",
        "nearest_street": "Vander Merschplein",
        "commune": "Menen",
        "province": "flandre_occidentale",
        "region": "flandre"
      }
    },
    {
      "type": "Feature",
      "geometry": {
        "type": "Point",
        "coordinates": [
          3.1213727,
          50.7996518
        ]
      },
      "properties": {
        "boules": "petanque",
        "leisure": "pitch",
        "sport": "boules",
        "nearest_street": "Vander Merschplein",
        "commune": "Menen",
        "province": "flandre_occidentale",
        "region": "flandre"
      }
    },
    {
      "type": "Feature",
      "geometry": {
        "type": "Point",
        "coordinates": [
          4.5513222,
          51.0279028
        ]
      },
      "properties": {
        "boules": "petanque",
        "leisure": "pitch",
        "sport": "boules",
        "nearest_street": "Grote Doelstraat",
        "commune": "Bonheiden",
        "province": "anvers",
        "region": "flandre"
      }
    },
    {
      "type": "Feature",
      "geometry": {
        "type": "Point",
        "coordinates": [
          4.5510765,
          51.0278384
        ]
      },
      "properties": {
        "boules": "petanque",
        "leisure": "pitch",
        "sport": "boules",
        "nearest_street": "Grote Doelstraat",
        "commune": "Bonheiden",
        "province": "anvers",
        "region": "flandre"
      }
    },
    {
      "type": "Feature",
      "geometry": {
        "type": "Point",
        "coordinates": [
          4.551158,
          51.0278572
        ]
      },
      "properties": {
        "boules": "petanque",
        "leisure": "pitch",
        "sport": "boules",
        "nearest_street": "Grote Doelstraat",
        "commune": "Bonheiden",
        "province": "anvers",
        "region": "flandre"
      }
    },
    {
      "type": "Feature",
      "geometry": {
        "type": "Point",
        "coordinates": [
          4.5512398,
          51.0278805
        ]
      },
      "properties": {
        "boules": "petanque",
        "leisure": "pitch",
        "sport": "boules",
        "nearest_street": "Grote Doelstraat",
        "commune": "Bonheiden",
        "province": "anvers",
        "region": "flandre"
      }
    },
    {
      "type": "Feature",
      "geometry": {
        "type": "Point",
        "coordinates": [
          5.9195868,
          50.2863503
        ]
      },
      "properties": {
        "boules": "petanque",
        "leisure": "pitch",
        "sport": "boules",
        "nearest_street": "Rue Hermanmont",
        "commune": "Vielsalm",
        "province": "luxembourg",
        "region": "wallonie"
      }
    },
    {
      "type": "Feature",
      "geometry": {
        "type": "Point",
        "coordinates": [
          5.8681775,
          49.6479288
        ]
      },
      "properties": {
        "leisure": "pitch",
        "sport": "boules",
        "nearest_street": "Place du Centenaire",
        "commune": "Arlon",
        "province": "luxembourg",
        "region": "wallonie"
      }
    },
    {
      "type": "Feature",
      "geometry": {
        "type": "Point",
        "coordinates": [
          4.0598116,
          50.7737118
        ]
      },
      "properties": {
        "boules": "petanque",
        "leisure": "pitch",
        "sport": "boules",
        "nearest_street": "Kloosterstraat",
        "commune": "Oetingen",
        "province": "brabant_flamand",
        "region": "flandre"
      }
    },
    {
      "type": "Feature",
      "geometry": {
        "type": "Point",
        "coordinates": [
          4.0595966,
          50.7736965
        ]
      },
      "properties": {
        "boules": "petanque",
        "leisure": "pitch",
        "sport": "boules",
        "nearest_street": "Kloosterstraat",
        "commune": "Oetingen",
        "province": "brabant_flamand",
        "region": "flandre"
      }
    },
    {
      "type": "Feature",
      "geometry": {
        "type": "Point",
        "coordinates": [
          4.0596066,
          50.7736472
        ]
      },
      "properties": {
        "boules": "petanque",
        "covered": "yes",
        "leisure": "pitch",
        "sport": "boules",
        "nearest_street": "Kloosterstraat",
        "commune": "Oetingen",
        "province": "brabant_flamand",
        "region": "flandre"
      }
    },
    {
      "type": "Feature",
      "geometry": {
        "type": "Point",
        "coordinates": [
          4.8578065,
          50.4729644
        ]
      },
      "properties": {
        "leisure": "pitch",
        "lit": "yes",
        "sport": "boules",
        "surface": "fine_gravel",
        "nearest_street": "Cité Germinal, Résidence Karina",
        "commune": "Namur",
        "province": "namur",
        "region": "wallonie"
      }
    },
    {
      "type": "Feature",
      "geometry": {
        "type": "Point",
        "coordinates": [
          5.3905537,
          50.8938455
        ]
      },
      "properties": {
        "leisure": "pitch",
        "sport": "boules",
        "nearest_street": "Ganzestraat",
        "commune": "Diepenbeek",
        "province": "limbourg",
        "region": "flandre"
      }
    },
    {
      "type": "Feature",
      "geometry": {
        "type": "Point",
        "coordinates": [
          4.5489933,
          50.9433748
        ]
      },
      "properties": {
        "leisure": "pitch",
        "lit": "yes",
        "sport": "boules",
        "surface": "compacted",
        "nearest_street": "Kerkveldwegel",
        "commune": "Kampenhout",
        "province": "brabant_flamand",
        "region": "flandre"
      }
    },
    {
      "type": "Feature",
      "geometry": {
        "type": "Point",
        "coordinates": [
          4.191012,
          51.0125086
        ]
      },
      "properties": {
        "boules": "petanque",
        "leisure": "pitch",
        "sport": "boules",
        "nearest_street": "Finse piste",
        "commune": "Buggenhout",
        "province": "flandre_orientale",
        "region": "flandre"
      }
    },
    {
      "type": "Feature",
      "geometry": {
        "type": "Point",
        "coordinates": [
          5.8206537,
          49.6704472
        ]
      },
      "properties": {
        "leisure": "pitch",
        "sport": "boules",
        "nearest_street": "Rue Vercingétorix",
        "commune": "Arlon",
        "province": "luxembourg",
        "region": "wallonie"
      }
    },
    {
      "type": "Feature",
      "geometry": {
        "type": "Point",
        "coordinates": [
          3.8095897,
          51.0305082
        ]
      },
      "properties": {
        "boules": "petanque",
        "leisure": "pitch",
        "sport": "boules",
        "nearest_street": "De Kollebloem",
        "commune": "Heusden",
        "province": "flandre_orientale",
        "region": "flandre"
      }
    },
    {
      "type": "Feature",
      "geometry": {
        "type": "Point",
        "coordinates": [
          5.3862009,
          50.9862167
        ]
      },
      "properties": {
        "leisure": "pitch",
        "sport": "boules",
        "nearest_street": "Kleebergweg",
        "commune": "Zonhoven",
        "province": "limbourg",
        "region": "flandre"
      }
    },
    {
      "type": "Feature",
      "geometry": {
        "type": "Point",
        "coordinates": [
          3.7582208,
          51.0275265
        ]
      },
      "properties": {
        "access": "yes",
        "boules": "petanque",
        "covered": "yes",
        "description": "twee banen, stootranden, /met/ touwen afgelijnd.",
        "leisure": "pitch",
        "lit": "yes",
        "sport": "boules",
        "nearest_street": "Inslagpad",
        "commune": "Gent",
        "province": "flandre_orientale",
        "region": "flandre"
      }
    },
    {
      "type": "Feature",
      "geometry": {
        "type": "Point",
        "coordinates": [
          4.0245627,
          50.8009841
        ]
      },
      "properties": {
        "boules": "petanque",
        "leisure": "pitch",
        "name": "Wenteka",
        "sport": "boules",
        "nearest_street": "Kruisveldstraat",
        "commune": "Denderwindeke",
        "province": "flandre_orientale",
        "region": "flandre"
      }
    },
    {
      "type": "Feature",
      "geometry": {
        "type": "Point",
        "coordinates": [
          3.7998555,
          51.0546068
        ]
      },
      "properties": {
        "boules": "petanque",
        "leisure": "pitch",
        "name": "Petanqueterrein De Reinaert",
        "sport": "boules",
        "nearest_street": "Kerkham",
        "commune": "Destelbergen",
        "province": "flandre_orientale",
        "region": "flandre"
      }
    },
    {
      "type": "Feature",
      "geometry": {
        "type": "Point",
        "coordinates": [
          4.1185245,
          50.6966521
        ]
      },
      "properties": {
        "boules": "petanque",
        "leisure": "pitch",
        "sport": "boules",
        "nearest_street": "Rue Charles Borremans",
        "commune": "Bierghes",
        "province": "brabant_wallon",
        "region": "wallonie"
      }
    },
    {
      "type": "Feature",
      "geometry": {
        "type": "Point",
        "coordinates": [
          5.3986581,
          50.6668932
        ]
      },
      "properties": {
        "leisure": "pitch",
        "sport": "boules",
        "nearest_street": "Rue de Freloux",
        "commune": "Fexhe-le-Haut-Clocher",
        "province": "liege",
        "region": "wallonie"
      }
    },
    {
      "type": "Feature",
      "geometry": {
        "type": "Point",
        "coordinates": [
          3.0762207,
          51.3008315
        ]
      },
      "properties": {
        "leisure": "pitch",
        "lit": "yes",
        "sport": "boules",
        "surface": "compacted",
        "nearest_street": "De Rotonde",
        "commune": "Wenduine",
        "province": "flandre_occidentale",
        "region": "flandre"
      }
    },
    {
      "type": "Feature",
      "geometry": {
        "type": "Point",
        "coordinates": [
          4.3487738,
          50.1907461
        ]
      },
      "properties": {
        "leisure": "pitch",
        "lit": "no",
        "sport": "boules",
        "surface": "fine_gravel",
        "nearest_street": "N589a",
        "commune": "Vergnies",
        "province": "hainaut",
        "region": "wallonie"
      }
    },
    {
      "type": "Feature",
      "geometry": {
        "type": "Point",
        "coordinates": [
          3.3221546,
          51.2039068
        ]
      },
      "properties": {
        "access": "yes",
        "boules": "petanque",
        "leisure": "pitch",
        "sport": "boules",
        "surface": "gravel",
        "nearest_street": "Kloosterstraat",
        "commune": "Damme",
        "province": "flandre_occidentale",
        "region": "flandre"
      }
    },
    {
      "type": "Feature",
      "geometry": {
        "type": "Point",
        "coordinates": [
          4.3962049,
          50.8134407
        ]
      },
      "properties": {
        "boules": "petanque",
        "description:fr": "Boulodrôme Rendez-vous des Peyrescans",
        "leisure": "pitch",
        "sport": "boules",
        "nearest_street": "Rue des Brebis - Ooienstraat",
        "commune": "Ixelles - Elsene",
        "province": null,
        "region": "bruxelles"
      }
    },
    {
      "type": "Feature",
      "geometry": {
        "type": "Point",
        "coordinates": [
          4.1118622,
          50.7347816
        ]
      },
      "properties": {
        "boules": "petanque",
        "leisure": "pitch",
        "sport": "boules",
        "nearest_street": "Plaats",
        "commune": "Heikruis",
        "province": "brabant_flamand",
        "region": "flandre"
      }
    },
    {
      "type": "Feature",
      "geometry": {
        "type": "Point",
        "coordinates": [
          5.5177001,
          50.7685614
        ]
      },
      "properties": {
        "boules": "petanque",
        "leisure": "pitch",
        "sport": "boules",
        "nearest_street": "Neremsplein",
        "commune": "Nerem",
        "province": "limbourg",
        "region": "flandre"
      }
    },
    {
      "type": "Feature",
      "geometry": {
        "type": "Point",
        "coordinates": [
          6.1089493,
          50.4658804
        ]
      },
      "properties": {
        "boules": "petanque",
        "leisure": "pitch",
        "name": "Pétanque loisir",
        "sport": "boules",
        "nearest_street": "Rue des Baras",
        "commune": "Ovifat",
        "province": "liege",
        "region": "wallonie"
      }
    },
    {
      "type": "Feature",
      "geometry": {
        "type": "Point",
        "coordinates": [
          6.1136869,
          50.4159656
        ]
      },
      "properties": {
        "boules": "petanque",
        "leisure": "pitch",
        "sport": "boules",
        "nearest_street": "Rue Outrewarchenne",
        "commune": "Remonval",
        "province": "liege",
        "region": "wallonie"
      }
    },
    {
      "type": "Feature",
      "geometry": {
        "type": "Point",
        "coordinates": [
          6.0280885,
          50.4233087
        ]
      },
      "properties": {
        "boules": "petanque",
        "leisure": "pitch",
        "lit": "yes",
        "sport": "boules",
        "surface": "compacted",
        "nearest_street": "Place du Parc",
        "commune": "Malmedy",
        "province": "liege",
        "region": "wallonie"
      }
    },
    {
      "type": "Feature",
      "geometry": {
        "type": "Point",
        "coordinates": [
          5.93595,
          50.3943828
        ]
      },
      "properties": {
        "boules": "petanque",
        "leisure": "pitch",
        "note": "3 terrains",
        "sport": "boules",
        "nearest_street": null,
        "commune": "Stavelot",
        "province": "liege",
        "region": "wallonie"
      }
    },
    {
      "type": "Feature",
      "geometry": {
        "type": "Point",
        "coordinates": [
          5.9350766,
          50.3941662
        ]
      },
      "properties": {
        "boules": "petanque",
        "leisure": "pitch",
        "sport": "boules",
        "nearest_street": "Quai des Vieux Moulins",
        "commune": "Stavelot",
        "province": "liege",
        "region": "wallonie"
      }
    },
    {
      "type": "Feature",
      "geometry": {
        "type": "Point",
        "coordinates": [
          4.6140505,
          50.7512409
        ]
      },
      "properties": {
        "leisure": "pitch",
        "sport": "boules",
        "nearest_street": "Schoolstraat",
        "commune": "Ottenburg",
        "province": "brabant_flamand",
        "region": "flandre"
      }
    },
    {
      "type": "Feature",
      "geometry": {
        "type": "Point",
        "coordinates": [
          3.7390697,
          51.0376452
        ]
      },
      "properties": {
        "access": "yes",
        "boules": "petanque",
        "leisure": "pitch",
        "lit": "no",
        "reservation": "no",
        "sport": "boules",
        "surface": "compacted",
        "nearest_street": "Bisschopstraat",
        "commune": "Gent",
        "province": "flandre_orientale",
        "region": "flandre"
      }
    },
    {
      "type": "Feature",
      "geometry": {
        "type": "Point",
        "coordinates": [
          4.258906,
          50.8496463
        ]
      },
      "properties": {
        "leisure": "pitch",
        "sport": "boules",
        "nearest_street": "d'Arconatistraat",
        "commune": "Dilbeek",
        "province": "brabant_flamand",
        "region": "flandre"
      }
    },
    {
      "type": "Feature",
      "geometry": {
        "type": "Point",
        "coordinates": [
          4.3376266,
          50.4650419
        ]
      },
      "properties": {
        "leisure": "pitch",
        "sport": "boules",
        "nearest_street": "Rue de la Résistance",
        "commune": "Courcelles",
        "province": "hainaut",
        "region": "wallonie"
      }
    },
    {
      "type": "Feature",
      "geometry": {
        "type": "Point",
        "coordinates": [
          4.3376234,
          50.4649957
        ]
      },
      "properties": {
        "leisure": "pitch",
        "sport": "boules",
        "nearest_street": "Rue de la Résistance",
        "commune": "Courcelles",
        "province": "hainaut",
        "region": "wallonie"
      }
    },
    {
      "type": "Feature",
      "geometry": {
        "type": "Point",
        "coordinates": [
          3.3451115,
          51.1418175
        ]
      },
      "properties": {
        "boules": "petanque",
        "leisure": "pitch",
        "sport": "boules",
        "surface": "gravel",
        "nearest_street": "Meiboomstraat",
        "commune": "Beernem",
        "province": "flandre_occidentale",
        "region": "flandre"
      }
    },
    {
      "type": "Feature",
      "geometry": {
        "type": "Point",
        "coordinates": [
          5.6696404,
          50.8139247
        ]
      },
      "properties": {
        "leisure": "pitch",
        "sport": "boules",
        "surface": "gravel",
        "nearest_street": "Statieplein",
        "commune": "Riemst",
        "province": "limbourg",
        "region": "flandre"
      }
    },
    {
      "type": "Feature",
      "geometry": {
        "type": "Point",
        "coordinates": [
          4.688161,
          51.1641693
        ]
      },
      "properties": {
        "access": "yes",
        "leisure": "pitch",
        "sport": "boules",
        "surface": "unpaved",
        "nearest_street": "Pastoor Vermeirenstraat",
        "commune": "Nijlen",
        "province": "anvers",
        "region": "flandre"
      }
    },
    {
      "type": "Feature",
      "geometry": {
        "type": "Point",
        "coordinates": [
          3.6132026,
          50.8399719
        ]
      },
      "properties": {
        "leisure": "pitch",
        "sport": "boules",
        "nearest_street": "Desiré Waelkensstraat",
        "commune": "Oudenaarde",
        "province": "flandre_orientale",
        "region": "flandre"
      }
    },
    {
      "type": "Feature",
      "geometry": {
        "type": "Point",
        "coordinates": [
          5.1118231,
          50.8602992
        ]
      },
      "properties": {
        "leisure": "pitch",
        "sport": "boules",
        "nearest_street": "Terweidenstraat",
        "commune": "Zoutleeuw",
        "province": "brabant_flamand",
        "region": "flandre"
      }
    },
    {
      "type": "Feature",
      "geometry": {
        "type": "Point",
        "coordinates": [
          3.6321264,
          51.1926417
        ]
      },
      "properties": {
        "boules": "petanque",
        "leisure": "pitch",
        "sport": "boules",
        "nearest_street": "Heihoekse Kerkwegel",
        "commune": "Lembeke",
        "province": "flandre_orientale",
        "region": "flandre"
      }
    },
    {
      "type": "Feature",
      "geometry": {
        "type": "Point",
        "coordinates": [
          3.2086803,
          51.034264
        ]
      },
      "properties": {
        "leisure": "pitch",
        "sport": "boules",
        "surface": "gravel",
        "nearest_street": "Kasteelstraat",
        "commune": "Zwevezele",
        "province": "flandre_occidentale",
        "region": "flandre"
      }
    },
    {
      "type": "Feature",
      "geometry": {
        "type": "Point",
        "coordinates": [
          3.9278869,
          51.0134212
        ]
      },
      "properties": {
        "boules": "petanque",
        "leisure": "pitch",
        "sport": "boules",
        "nearest_street": "Dorp",
        "commune": "Wichelen",
        "province": "flandre_orientale",
        "region": "flandre"
      }
    },
    {
      "type": "Feature",
      "geometry": {
        "type": "Point",
        "coordinates": [
          4.8132723,
          50.6268724
        ]
      },
      "properties": {
        "amenity": "parking",
        "leisure": "pitch",
        "name": "Petanque",
        "sport": "boules",
        "nearest_street": "RAVeL L147",
        "commune": "Perwez",
        "province": "brabant_wallon",
        "region": "wallonie"
      }
    },
    {
      "type": "Feature",
      "geometry": {
        "type": "Point",
        "coordinates": [
          2.7108045,
          51.1317369
        ]
      },
      "properties": {
        "boules": "petanque",
        "leisure": "pitch",
        "sport": "boules",
        "surface": "sand",
        "nearest_street": "Polderstraat",
        "commune": "Koksijde",
        "province": "flandre_occidentale",
        "region": "flandre"
      }
    },
    {
      "type": "Feature",
      "geometry": {
        "type": "Point",
        "coordinates": [
          4.4887634,
          51.1218939
        ]
      },
      "properties": {
        "boules": "petanque",
        "leisure": "pitch",
        "sport": "boules",
        "nearest_street": "Bethaniëlaan",
        "commune": "Lint",
        "province": "anvers",
        "region": "flandre"
      }
    },
    {
      "type": "Feature",
      "geometry": {
        "type": "Point",
        "coordinates": [
          3.1336851,
          51.3168224
        ]
      },
      "properties": {
        "boules": "petanque",
        "leisure": "pitch",
        "lit": "no",
        "sport": "boules",
        "surface": "pebblestone",
        "nearest_street": "Rogierlaan",
        "commune": "Blankenberge",
        "province": "flandre_occidentale",
        "region": "flandre"
      }
    },
    {
      "type": "Feature",
      "geometry": {
        "type": "Point",
        "coordinates": [
          4.53889,
          51.0720295
        ]
      },
      "properties": {
        "boules": "petanque",
        "leisure": "pitch",
        "sport": "boules",
        "nearest_street": "Hondsbossen",
        "commune": "Sint-Katelijne-Waver",
        "province": "anvers",
        "region": "flandre"
      }
    },
    {
      "type": "Feature",
      "geometry": {
        "type": "Point",
        "coordinates": [
          4.3610549,
          50.8269875
        ]
      },
      "properties": {
        "boules": "petanque",
        "leisure": "pitch",
        "lit": "no",
        "sport": "boules",
        "surface": "clay",
        "nearest_street": "Rue Paul Émile Janson - Paul Émile Jansonstraat",
        "commune": "Ixelles - Elsene",
        "province": null,
        "region": "bruxelles"
      }
    },
    {
      "type": "Feature",
      "geometry": {
        "type": "Point",
        "coordinates": [
          3.8065274,
          50.9948369
        ]
      },
      "properties": {
        "boules": "petanque",
        "leisure": "pitch",
        "sport": "boules",
        "nearest_street": "Ovenveldstraat",
        "commune": "Melle",
        "province": "flandre_orientale",
        "region": "flandre"
      }
    },
    {
      "type": "Feature",
      "geometry": {
        "type": "Point",
        "coordinates": [
          2.9711789,
          51.2516711
        ]
      },
      "properties": {
        "leisure": "pitch",
        "sport": "boules",
        "surface": "sand",
        "nearest_street": "Koninklijke Baan",
        "commune": "Bredene",
        "province": "flandre_occidentale",
        "region": "flandre"
      }
    },
    {
      "type": "Feature",
      "geometry": {
        "type": "Point",
        "coordinates": [
          4.5150123,
          51.0111067
        ]
      },
      "properties": {
        "boules": "petanque",
        "leisure": "pitch",
        "sport": "boules",
        "nearest_street": "Muizen-Dorp",
        "commune": "Mechelen",
        "province": "anvers",
        "region": "flandre"
      }
    },
    {
      "type": "Feature",
      "geometry": {
        "type": "Point",
        "coordinates": [
          2.9600158,
          51.0306172
        ]
      },
      "properties": {
        "leisure": "pitch",
        "sport": "boules",
        "nearest_street": "Vladslostraat",
        "commune": "Werken",
        "province": "flandre_occidentale",
        "region": "flandre"
      }
    },
    {
      "type": "Feature",
      "geometry": {
        "type": "Point",
        "coordinates": [
          4.8622144,
          51.1158305
        ]
      },
      "properties": {
        "leisure": "pitch",
        "sport": "boules",
        "nearest_street": "Ter Voort",
        "commune": "Westerlo",
        "province": "anvers",
        "region": "flandre"
      }
    },
    {
      "type": "Feature",
      "geometry": {
        "type": "Point",
        "coordinates": [
          4.8622361,
          51.1158028
        ]
      },
      "properties": {
        "leisure": "pitch",
        "sport": "boules",
        "nearest_street": "Ter Voort",
        "commune": "Westerlo",
        "province": "anvers",
        "region": "flandre"
      }
    },
    {
      "type": "Feature",
      "geometry": {
        "type": "Point",
        "coordinates": [
          5.1514882,
          51.0989748
        ]
      },
      "properties": {
        "boules": "petanque",
        "leisure": "pitch",
        "sport": "boules",
        "nearest_street": "Finse piste",
        "commune": "Kwaadmechelen",
        "province": "limbourg",
        "region": "flandre"
      }
    },
    {
      "type": "Feature",
      "geometry": {
        "type": "Point",
        "coordinates": [
          4.6305822,
          51.1486279
        ]
      },
      "properties": {
        "leisure": "pitch",
        "sport": "petanque",
        "surface": "gravel",
        "nearest_street": "Grote Puttingbaan",
        "commune": "Nijlen",
        "province": "anvers",
        "region": "flandre"
      }
    },
    {
      "type": "Feature",
      "geometry": {
        "type": "Point",
        "coordinates": [
          5.5593217,
          50.786375
        ]
      },
      "properties": {
        "leisure": "pitch",
        "sport": "boules",
        "surface": "gravel",
        "nearest_street": "Papesteeg",
        "commune": "Riemst",
        "province": "limbourg",
        "region": "flandre"
      }
    },
    {
      "type": "Feature",
      "geometry": {
        "type": "Point",
        "coordinates": [
          5.1449234,
          50.9972889
        ]
      },
      "properties": {
        "leisure": "pitch",
        "name": "Petanque Club Meldert",
        "short_name": "PC Meldert",
        "sport": "boules",
        "nearest_street": "Meldertsebaan",
        "commune": "Lummen",
        "province": "limbourg",
        "region": "flandre"
      }
    },
    {
      "type": "Feature",
      "geometry": {
        "type": "Point",
        "coordinates": [
          3.9611427,
          50.4408708
        ]
      },
      "properties": {
        "boules": "petanque",
        "leisure": "pitch",
        "lit": "yes",
        "sport": "boules",
        "surface": "gravel",
        "nearest_street": "Bas Chemin",
        "commune": "Mons",
        "province": "hainaut",
        "region": "wallonie"
      }
    },
    {
      "type": "Feature",
      "geometry": {
        "type": "Point",
        "coordinates": [
          3.181877,
          51.3281539
        ]
      },
      "properties": {
        "access": "yes",
        "boules": "petanque",
        "leisure": "pitch",
        "sport": "boules",
        "nearest_street": "Stella Marisstraat",
        "commune": "Brugge",
        "province": "flandre_occidentale",
        "region": "flandre"
      }
    },
    {
      "type": "Feature",
      "geometry": {
        "type": "Point",
        "coordinates": [
          2.8055716,
          51.1802419
        ]
      },
      "properties": {
        "leisure": "pitch",
        "sport": "boules",
        "nearest_street": "Duinenweg",
        "commune": "Middelkerke",
        "province": "flandre_occidentale",
        "region": "flandre"
      }
    },
    {
      "type": "Feature",
      "geometry": {
        "type": "Point",
        "coordinates": [
          3.1344296,
          50.9619016
        ]
      },
      "properties": {
        "boules": "petanque",
        "leisure": "pitch",
        "sport": "boules",
        "nearest_street": "Beversesteenweg",
        "commune": "Roeselare",
        "province": "flandre_occidentale",
        "region": "flandre"
      }
    },
    {
      "type": "Feature",
      "geometry": {
        "type": "Point",
        "coordinates": [
          2.7406117,
          51.1320793
        ]
      },
      "properties": {
        "leisure": "pitch",
        "sport": "boules",
        "nearest_street": "Dudenhofenlaan",
        "commune": "Nieuwpoort",
        "province": "flandre_occidentale",
        "region": "flandre"
      }
    },
    {
      "type": "Feature",
      "geometry": {
        "type": "Point",
        "coordinates": [
          3.5604178,
          50.9818317
        ]
      },
      "properties": {
        "addr:city": "Deinze",
        "addr:housenumber": "11",
        "addr:postcode": "9800",
        "addr:street": "Parijsestraat",
        "leisure": "pitch",
        "name": "PC 't Duvelke",
        "sport": "boules",
        "nearest_street": "Prinses Elisabethfietslaan",
        "commune": "Deinze",
        "province": "flandre_orientale",
        "region": "flandre"
      }
    },
    {
      "type": "Feature",
      "geometry": {
        "type": "Point",
        "coordinates": [
          4.3948972,
          51.1618206
        ]
      },
      "properties": {
        "boules": "petanque",
        "leisure": "pitch",
        "lit": "no",
        "sport": "boules",
        "surface": "compacted",
        "nearest_street": "Tankgrachtpad",
        "commune": "Antwerpen",
        "province": "anvers",
        "region": "flandre"
      }
    },
    {
      "type": "Feature",
      "geometry": {
        "type": "Point",
        "coordinates": [
          5.5513698,
          50.9344245
        ]
      },
      "properties": {
        "leisure": "pitch",
        "sport": "boules",
        "nearest_street": "Munstersestraat",
        "commune": "Zutendaal",
        "province": "limbourg",
        "region": "flandre"
      }
    },
    {
      "type": "Feature",
      "geometry": {
        "type": "Point",
        "coordinates": [
          5.3596959,
          51.0032422
        ]
      },
      "properties": {
        "leisure": "pitch",
        "sport": "boules",
        "nearest_street": "Oudestraat",
        "commune": "Zonhoven",
        "province": "limbourg",
        "region": "flandre"
      }
    },
    {
      "type": "Feature",
      "geometry": {
        "type": "Point",
        "coordinates": [
          5.3593674,
          51.0034151
        ]
      },
      "properties": {
        "leisure": "pitch",
        "sport": "boules",
        "nearest_street": "Oudestraat",
        "commune": "Zonhoven",
        "province": "limbourg",
        "region": "flandre"
      }
    },
    {
      "type": "Feature",
      "geometry": {
        "type": "Point",
        "coordinates": [
          3.3331117,
          50.9224537
        ]
      },
      "properties": {
        "leisure": "pitch",
        "sport": "boules",
        "nearest_street": "Ravottestraat",
        "commune": "Oostrozebeke",
        "province": "flandre_occidentale",
        "region": "flandre"
      }
    },
    {
      "type": "Feature",
      "geometry": {
        "type": "Point",
        "coordinates": [
          3.3330358,
          50.9223335
        ]
      },
      "properties": {
        "leisure": "pitch",
        "sport": "boules",
        "nearest_street": "Ernest Brengierstraat",
        "commune": "Oostrozebeke",
        "province": "flandre_occidentale",
        "region": "flandre"
      }
    },
    {
      "type": "Feature",
      "geometry": {
        "type": "Point",
        "coordinates": [
          4.2252289,
          50.7129809
        ]
      },
      "properties": {
        "leisure": "pitch",
        "sport": "boules",
        "nearest_street": "Hoefstraat",
        "commune": "Halle",
        "province": "brabant_flamand",
        "region": "flandre"
      }
    },
    {
      "type": "Feature",
      "geometry": {
        "type": "Point",
        "coordinates": [
          3.7439743,
          51.0517339
        ]
      },
      "properties": {
        "access": "yes",
        "boules": "petanque",
        "leisure": "pitch",
        "lit": "no",
        "reservation": "no",
        "sport": "boules",
        "surface": "gravel",
        "nearest_street": "Augusta De Taeyepad",
        "commune": "Gent",
        "province": "flandre_orientale",
        "region": "flandre"
      }
    },
    {
      "type": "Feature",
      "geometry": {
        "type": "Point",
        "coordinates": [
          2.6082319,
          51.1106422
        ]
      },
      "properties": {
        "leisure": "pitch",
        "sport": "boules",
        "nearest_street": "Pieterlaan",
        "commune": "Koksijde",
        "province": "flandre_occidentale",
        "region": "flandre"
      }
    },
    {
      "type": "Feature",
      "geometry": {
        "type": "Point",
        "coordinates": [
          2.608468,
          51.110721
        ]
      },
      "properties": {
        "leisure": "pitch",
        "sport": "boules",
        "nearest_street": "Pieterlaan",
        "commune": "Koksijde",
        "province": "flandre_occidentale",
        "region": "flandre"
      }
    },
    {
      "type": "Feature",
      "geometry": {
        "type": "Point",
        "coordinates": [
          2.6087346,
          51.1108099
        ]
      },
      "properties": {
        "leisure": "pitch",
        "sport": "boules",
        "nearest_street": "Pieterlaan",
        "commune": "Koksijde",
        "province": "flandre_occidentale",
        "region": "flandre"
      }
    },
    {
      "type": "Feature",
      "geometry": {
        "type": "Point",
        "coordinates": [
          5.015719,
          51.4116765
        ]
      },
      "properties": {
        "boules": "petanque",
        "leisure": "pitch",
        "sport": "boules",
        "nearest_street": "Polderstraat",
        "commune": "Ravels",
        "province": "anvers",
        "region": "flandre"
      }
    },
    {
      "type": "Feature",
      "geometry": {
        "type": "Point",
        "coordinates": [
          4.4936492,
          51.2864047
        ]
      },
      "properties": {
        "leisure": "pitch",
        "lit": "yes",
        "sport": "boules",
        "nearest_street": "Hemeldreef",
        "commune": "Brasschaat",
        "province": "anvers",
        "region": "flandre"
      }
    },
    {
      "type": "Feature",
      "geometry": {
        "type": "Point",
        "coordinates": [
          5.6301023,
          50.6015405
        ]
      },
      "properties": {
        "access": "yes",
        "leisure": "pitch",
        "lit": "yes",
        "reservation": "no",
        "sport": "boules",
        "surface": "compacted",
        "nearest_street": "Rue du Gravier",
        "commune": "Vaux-sous-Chèvremont",
        "province": "liege",
        "region": "wallonie"
      }
    },
    {
      "type": "Feature",
      "geometry": {
        "type": "Point",
        "coordinates": [
          4.2609328,
          50.681005
        ]
      },
      "properties": {
        "leisure": "pitch",
        "sport": "boules",
        "nearest_street": "Rue de Tubize",
        "commune": "Braine-le-Château",
        "province": "brabant_wallon",
        "region": "wallonie"
      }
    },
    {
      "type": "Feature",
      "geometry": {
        "type": "Point",
        "coordinates": [
          4.2094081,
          50.4647779
        ]
      },
      "properties": {
        "boules": "petanque",
        "leisure": "pitch",
        "sport": "boules",
        "nearest_street": "Rue de la Poterie Monseu",
        "commune": "La Louvière",
        "province": "hainaut",
        "region": "wallonie"
      }
    },
    {
      "type": "Feature",
      "geometry": {
        "type": "Point",
        "coordinates": [
          4.2092933,
          50.4647013
        ]
      },
      "properties": {
        "leisure": "pitch",
        "sport": "boules",
        "nearest_street": "Rue de la Poterie Monseu",
        "commune": "La Louvière",
        "province": "hainaut",
        "region": "wallonie"
      }
    },
    {
      "type": "Feature",
      "geometry": {
        "type": "Point",
        "coordinates": [
          4.2084744,
          50.4641333
        ]
      },
      "properties": {
        "leisure": "pitch",
        "sport": "boules",
        "nearest_street": "Rue de la Poterie Monseu",
        "commune": "La Louvière",
        "province": "hainaut",
        "region": "wallonie"
      }
    },
    {
      "type": "Feature",
      "geometry": {
        "type": "Point",
        "coordinates": [
          3.1857441,
          50.7919875
        ]
      },
      "properties": {
        "boules": "petanque",
        "leisure": "pitch",
        "sport": "boules",
        "nearest_street": "Lauwe",
        "commune": "Lauwe",
        "province": "flandre_occidentale",
        "region": "flandre"
      }
    },
    {
      "type": "Feature",
      "geometry": {
        "type": "Point",
        "coordinates": [
          3.8162874,
          50.9711321
        ]
      },
      "properties": {
        "boules": "petanque",
        "leisure": "pitch",
        "sport": "boules",
        "nearest_street": "Sint-Bavoplein",
        "commune": "Gijzenzele",
        "province": "flandre_orientale",
        "region": "flandre"
      }
    },
    {
      "type": "Feature",
      "geometry": {
        "type": "Point",
        "coordinates": [
          3.0254179,
          50.8472139
        ]
      },
      "properties": {
        "boules": "petanque",
        "leisure": "pitch",
        "sport": "boules",
        "nearest_street": "Lazaretweg",
        "commune": "Zonnebeke",
        "province": "flandre_occidentale",
        "region": "flandre"
      }
    },
    {
      "type": "Feature",
      "geometry": {
        "type": "Point",
        "coordinates": [
          3.0254189,
          50.8495099
        ]
      },
      "properties": {
        "boules": "petanque",
        "leisure": "pitch",
        "sport": "boules",
        "nearest_street": "Salinasplein",
        "commune": "Zonnebeke",
        "province": "flandre_occidentale",
        "region": "flandre"
      }
    },
    {
      "type": "Feature",
      "geometry": {
        "type": "Point",
        "coordinates": [
          3.1186011,
          50.806812
        ]
      },
      "properties": {
        "boules": "petanque",
        "leisure": "pitch",
        "sport": "boules",
        "nearest_street": "Rusthof Ter Berken",
        "commune": "Menen",
        "province": "flandre_occidentale",
        "region": "flandre"
      }
    },
    {
      "type": "Feature",
      "geometry": {
        "type": "Point",
        "coordinates": [
          4.5192458,
          51.1782975
        ]
      },
      "properties": {
        "boules": "petanque",
        "leisure": "pitch",
        "sport": "boules",
        "nearest_street": "Anemonenlaan",
        "commune": "Boechout",
        "province": "anvers",
        "region": "flandre"
      }
    },
    {
      "type": "Feature",
      "geometry": {
        "type": "Point",
        "coordinates": [
          4.3663734,
          51.084606
        ]
      },
      "properties": {
        "boules": "petanque",
        "leisure": "pitch",
        "sport": "boules",
        "nearest_street": "Heldenplaats",
        "commune": "Boom",
        "province": "anvers",
        "region": "flandre"
      }
    },
    {
      "type": "Feature",
      "geometry": {
        "type": "Point",
        "coordinates": [
          4.3663556,
          51.0845821
        ]
      },
      "properties": {
        "boules": "petanque",
        "leisure": "pitch",
        "sport": "boules",
        "nearest_street": "Heldenplaats",
        "commune": "Boom",
        "province": "anvers",
        "region": "flandre"
      }
    },
    {
      "type": "Feature",
      "geometry": {
        "type": "Point",
        "coordinates": [
          3.3689953,
          50.6130749
        ]
      },
      "properties": {
        "boules": "petanque",
        "leisure": "pitch",
        "source:start_date": "https://www.lavenir.net/regions/wallonie-picarde/tournai/2022/01/18/le-tournai-davant-des-cites-et-plus-encore-EWGHFAGQLFDKBE6GNDVA2IQDRQ/",
        "sport": "boules",
        "start_date": "1976",
        "surface": "ground",
        "nearest_street": "Carbonnelle",
        "commune": "Tournai",
        "province": "hainaut",
        "region": "wallonie"
      }
    },
    {
      "type": "Feature",
      "geometry": {
        "type": "Point",
        "coordinates": [
          3.3689763,
          50.6131007
        ]
      },
      "properties": {
        "boules": "petanque",
        "leisure": "pitch",
        "source:start_date": "https://www.lavenir.net/regions/wallonie-picarde/tournai/2022/01/18/le-tournai-davant-des-cites-et-plus-encore-EWGHFAGQLFDKBE6GNDVA2IQDRQ/",
        "sport": "boules",
        "start_date": "1976",
        "surface": "ground",
        "nearest_street": "Carbonnelle",
        "commune": "Tournai",
        "province": "hainaut",
        "region": "wallonie"
      }
    },
    {
      "type": "Feature",
      "geometry": {
        "type": "Point",
        "coordinates": [
          3.3689563,
          50.6131273
        ]
      },
      "properties": {
        "boules": "petanque",
        "leisure": "pitch",
        "source:start_date": "https://www.lavenir.net/regions/wallonie-picarde/tournai/2022/01/18/le-tournai-davant-des-cites-et-plus-encore-EWGHFAGQLFDKBE6GNDVA2IQDRQ/",
        "sport": "boules",
        "start_date": "1976",
        "surface": "ground",
        "nearest_street": "Carbonnelle",
        "commune": "Tournai",
        "province": "hainaut",
        "region": "wallonie"
      }
    },
    {
      "type": "Feature",
      "geometry": {
        "type": "Point",
        "coordinates": [
          3.660837,
          50.9020759
        ]
      },
      "properties": {
        "boules": "petanque",
        "leisure": "pitch",
        "sport": "boules",
        "nearest_street": "Sportstraat",
        "commune": "Zingem",
        "province": "flandre_orientale",
        "region": "flandre"
      }
    },
    {
      "type": "Feature",
      "geometry": {
        "type": "Point",
        "coordinates": [
          4.9975533,
          49.8643159
        ]
      },
      "properties": {
        "leisure": "pitch",
        "sport": "boules",
        "nearest_street": "Cornimont",
        "commune": "Cornimont",
        "province": "namur",
        "region": "wallonie"
      }
    },
    {
      "type": "Feature",
      "geometry": {
        "type": "Point",
        "coordinates": [
          4.0488498,
          51.1559351
        ]
      },
      "properties": {
        "boules": "petanque",
        "leisure": "pitch",
        "name": "Petanque terreinen",
        "sport": "boules",
        "nearest_street": "Finse piste",
        "commune": "Sinaai",
        "province": "flandre_orientale",
        "region": "flandre"
      }
    },
    {
      "type": "Feature",
      "geometry": {
        "type": "Point",
        "coordinates": [
          3.7586473,
          51.2298205
        ]
      },
      "properties": {
        "boules": "petanque",
        "leisure": "pitch",
        "sport": "boules",
        "nearest_street": "Dijkstraat",
        "commune": "Assenede",
        "province": "flandre_orientale",
        "region": "flandre"
      }
    },
    {
      "type": "Feature",
      "geometry": {
        "type": "Point",
        "coordinates": [
          5.3342275,
          50.8418432
        ]
      },
      "properties": {
        "leisure": "pitch",
        "sport": "boules",
        "surface": "pebblestone",
        "nearest_street": "De Rijten",
        "commune": "Wellen",
        "province": "limbourg",
        "region": "flandre"
      }
    },
    {
      "type": "Feature",
      "geometry": {
        "type": "Point",
        "coordinates": [
          5.1466666,
          50.7186653
        ]
      },
      "properties": {
        "leisure": "pitch",
        "sport": "boules",
        "nearest_street": "Groenplaats",
        "commune": "Montenaken",
        "province": "limbourg",
        "region": "flandre"
      }
    },
    {
      "type": "Feature",
      "geometry": {
        "type": "Point",
        "coordinates": [
          4.5539793,
          50.4787312
        ]
      },
      "properties": {
        "boules": "petanque",
        "leisure": "pitch",
        "sport": "boules",
        "nearest_street": "Rue de Fleurjoux",
        "commune": "Fleurus",
        "province": "hainaut",
        "region": "wallonie"
      }
    },
    {
      "type": "Feature",
      "geometry": {
        "type": "Point",
        "coordinates": [
          4.7624036,
          51.4158181
        ]
      },
      "properties": {
        "boules": "petanque",
        "leisure": "pitch",
        "lit": "no",
        "name": "Petanque banen",
        "sport": "boules",
        "surface": "gravel",
        "nearest_street": "Venhoefweg",
        "commune": "Hoogstraten",
        "province": "anvers",
        "region": "flandre"
      }
    },
    {
      "type": "Feature",
      "geometry": {
        "type": "Point",
        "coordinates": [
          4.5173524,
          51.2280242
        ]
      },
      "properties": {
        "leisure": "pitch",
        "lit": "yes",
        "sport": "boules",
        "surface": "clay",
        "nearest_street": "Merksemsebaan",
        "commune": "Wijnegem",
        "province": "anvers",
        "region": "flandre"
      }
    },
    {
      "type": "Feature",
      "geometry": {
        "type": "Point",
        "coordinates": [
          5.5707182,
          50.6235365
        ]
      },
      "properties": {
        "access": "yes",
        "boules": "petanque",
        "leisure": "pitch",
        "lit": "yes",
        "panoramax": "8f64fa85-ec38-4a0c-8b06-614d618f2b70",
        "reservation": "no",
        "sport": "boules",
        "surface": "compacted",
        "nearest_street": "Place des Franchises",
        "commune": "Liège",
        "province": "liege",
        "region": "wallonie"
      }
    },
    {
      "type": "Feature",
      "geometry": {
        "type": "Point",
        "coordinates": [
          4.4749879,
          51.3013717
        ]
      },
      "properties": {
        "boules": "petanque",
        "leisure": "pitch",
        "sport": "boules",
        "nearest_street": "Julialei",
        "commune": "Brasschaat",
        "province": "anvers",
        "region": "flandre"
      }
    },
    {
      "type": "Feature",
      "geometry": {
        "type": "Point",
        "coordinates": [
          3.9908637,
          50.9733324
        ]
      },
      "properties": {
        "boules": "petanque",
        "leisure": "pitch",
        "name": "Petanque Ronkenburg",
        "sport": "boules",
        "nearest_street": "Poortendries",
        "commune": "Lede",
        "province": "flandre_orientale",
        "region": "flandre"
      }
    },
    {
      "type": "Feature",
      "geometry": {
        "type": "Point",
        "coordinates": [
          3.734445,
          50.9772861
        ]
      },
      "properties": {
        "boules": "petanque",
        "leisure": "pitch",
        "sport": "boules",
        "surface": "gravel",
        "nearest_street": "Wielewaalstraat",
        "commune": "Merelbeke",
        "province": "flandre_orientale",
        "region": "flandre"
      }
    },
    {
      "type": "Feature",
      "geometry": {
        "type": "Point",
        "coordinates": [
          4.4777511,
          51.3782774
        ]
      },
      "properties": {
        "leisure": "pitch",
        "sport": "boules",
        "surface": "compacted",
        "nearest_street": "Finse piste",
        "commune": "Kalmthout",
        "province": "anvers",
        "region": "flandre"
      }
    },
    {
      "type": "Feature",
      "geometry": {
        "type": "Point",
        "coordinates": [
          5.1196809,
          50.4364267
        ]
      },
      "properties": {
        "leisure": "pitch",
        "lit": "no",
        "sport": "boules",
        "surface": "sand",
        "nearest_street": "Rue du Tilleul",
        "commune": "Ohey",
        "province": "namur",
        "region": "wallonie"
      }
    },
    {
      "type": "Feature",
      "geometry": {
        "type": "Point",
        "coordinates": [
          5.1217409,
          51.2515403
        ]
      },
      "properties": {
        "boules": "petanque",
        "leisure": "pitch",
        "lit": "yes",
        "sport": "boules",
        "surface": "compacted",
        "nearest_street": null,
        "commune": "Dessel",
        "province": "anvers",
        "region": "flandre"
      }
    },
    {
      "type": "Feature",
      "geometry": {
        "type": "Point",
        "coordinates": [
          5.1217473,
          51.251647
        ]
      },
      "properties": {
        "boules": "petanque",
        "leisure": "pitch",
        "lit": "yes",
        "sport": "boules",
        "surface": "compacted",
        "nearest_street": null,
        "commune": "Dessel",
        "province": "anvers",
        "region": "flandre"
      }
    },
    {
      "type": "Feature",
      "geometry": {
        "type": "Point",
        "coordinates": [
          3.5865883,
          50.7349517
        ]
      },
      "properties": {
        "leisure": "pitch",
        "sport": "boules",
        "surface": "compacted",
        "nearest_street": "Finse piste",
        "commune": "Ronse",
        "province": "flandre_orientale",
        "region": "flandre"
      }
    },
    {
      "type": "Feature",
      "geometry": {
        "type": "Point",
        "coordinates": [
          3.5865229,
          50.7349455
        ]
      },
      "properties": {
        "leisure": "pitch",
        "sport": "boules",
        "surface": "compacted",
        "nearest_street": "Finse piste",
        "commune": "Ronse",
        "province": "flandre_orientale",
        "region": "flandre"
      }
    },
    {
      "type": "Feature",
      "geometry": {
        "type": "Point",
        "coordinates": [
          3.5864567,
          50.7349406
        ]
      },
      "properties": {
        "leisure": "pitch",
        "sport": "boules",
        "surface": "compacted",
        "nearest_street": "Finse piste",
        "commune": "Ronse",
        "province": "flandre_orientale",
        "region": "flandre"
      }
    },
    {
      "type": "Feature",
      "geometry": {
        "type": "Point",
        "coordinates": [
          3.5863924,
          50.7349351
        ]
      },
      "properties": {
        "leisure": "pitch",
        "sport": "boules",
        "surface": "compacted",
        "nearest_street": "Finse piste",
        "commune": "Ronse",
        "province": "flandre_orientale",
        "region": "flandre"
      }
    },
    {
      "type": "Feature",
      "geometry": {
        "type": "Point",
        "coordinates": [
          4.4680204,
          50.8594988
        ]
      },
      "properties": {
        "leisure": "pitch",
        "sport": "boules",
        "nearest_street": "Stokkelstraat - Rue de Stockel",
        "commune": "Kraainem",
        "province": "brabant_flamand",
        "region": "flandre"
      }
    },
    {
      "type": "Feature",
      "geometry": {
        "type": "Point",
        "coordinates": [
          4.472333,
          50.861211
        ]
      },
      "properties": {
        "access": "private",
        "leisure": "pitch",
        "sport": "boules",
        "nearest_street": "Mezenweg - Chemin des Mésanges",
        "commune": "Kraainem",
        "province": "brabant_flamand",
        "region": "flandre"
      }
    },
    {
      "type": "Feature",
      "geometry": {
        "type": "Point",
        "coordinates": [
          4.4638951,
          50.8585446
        ]
      },
      "properties": {
        "leisure": "pitch",
        "sport": "boules",
        "nearest_street": "Sint Pancratiuslaan - Avenue Saint-Pancrace",
        "commune": "Kraainem",
        "province": "brabant_flamand",
        "region": "flandre"
      }
    },
    {
      "type": "Feature",
      "geometry": {
        "type": "Point",
        "coordinates": [
          4.5703632,
          50.5116596
        ]
      },
      "properties": {
        "boules": "petanque",
        "leisure": "pitch",
        "sport": "boules",
        "surface": "compacted",
        "nearest_street": "Sentier du Faux-Ri",
        "commune": "Ligny",
        "province": "namur",
        "region": "wallonie"
      }
    },
    {
      "type": "Feature",
      "geometry": {
        "type": "Point",
        "coordinates": [
          3.8968971,
          51.0047077
        ]
      },
      "properties": {
        "boules": "petanque",
        "leisure": "pitch",
        "sport": "boules",
        "nearest_street": "Finse piste",
        "commune": "Wetteren",
        "province": "flandre_orientale",
        "region": "flandre"
      }
    },
    {
      "type": "Feature",
      "geometry": {
        "type": "Point",
        "coordinates": [
          4.4919084,
          51.2962111
        ]
      },
      "properties": {
        "leisure": "pitch",
        "sport": "boules",
        "nearest_street": "Van Hemelrijcklei",
        "commune": "Brasschaat",
        "province": "anvers",
        "region": "flandre"
      }
    },
    {
      "type": "Feature",
      "geometry": {
        "type": "Point",
        "coordinates": [
          3.6662796,
          50.8984824
        ]
      },
      "properties": {
        "boules": "petanque",
        "leisure": "pitch",
        "sport": "boules",
        "nearest_street": "Boterhoek",
        "commune": "Zingem",
        "province": "flandre_orientale",
        "region": "flandre"
      }
    },
    {
      "type": "Feature",
      "geometry": {
        "type": "Point",
        "coordinates": [
          3.1014648,
          51.3075065
        ]
      },
      "properties": {
        "boules": "petanque",
        "leisure": "pitch",
        "sport": "boules",
        "nearest_street": null,
        "commune": "Wenduine",
        "province": "flandre_occidentale",
        "region": "flandre"
      }
    },
    {
      "type": "Feature",
      "geometry": {
        "type": "Point",
        "coordinates": [
          4.3233198,
          50.7890066
        ]
      },
      "properties": {
        "leisure": "pitch",
        "sport": "boules",
        "nearest_street": "Rue Georges Ugeux - Georges Ugeuxstraat",
        "commune": "Uccle - Ukkel",
        "province": null,
        "region": "bruxelles"
      }
    },
    {
      "type": "Feature",
      "geometry": {
        "type": "Point",
        "coordinates": [
          4.3234548,
          50.7890994
        ]
      },
      "properties": {
        "leisure": "pitch",
        "sport": "boules",
        "nearest_street": "Rue Georges Ugeux - Georges Ugeuxstraat",
        "commune": "Uccle - Ukkel",
        "province": null,
        "region": "bruxelles"
      }
    },
    {
      "type": "Feature",
      "geometry": {
        "type": "Point",
        "coordinates": [
          4.3235144,
          50.7892279
        ]
      },
      "properties": {
        "leisure": "pitch",
        "sport": "boules",
        "nearest_street": "Rue Georges Ugeux - Georges Ugeuxstraat",
        "commune": "Uccle - Ukkel",
        "province": null,
        "region": "bruxelles"
      }
    },
    {
      "type": "Feature",
      "geometry": {
        "type": "Point",
        "coordinates": [
          4.2288547,
          50.6892006
        ]
      },
      "properties": {
        "leisure": "pitch",
        "sport": "boules",
        "nearest_street": "Avenue des Platanes",
        "commune": "Tubize",
        "province": "brabant_wallon",
        "region": "wallonie"
      }
    },
    {
      "type": "Feature",
      "geometry": {
        "type": "Point",
        "coordinates": [
          5.1058846,
          50.8985711
        ]
      },
      "properties": {
        "boules": "petanque",
        "leisure": "pitch",
        "sport": "boules",
        "way": "0",
        "nearest_street": "Ganzenweg",
        "commune": "Geetbets",
        "province": "brabant_flamand",
        "region": "flandre"
      }
    },
    {
      "type": "Feature",
      "geometry": {
        "type": "Point",
        "coordinates": [
          5.10584,
          50.8986556
        ]
      },
      "properties": {
        "boules": "petanque",
        "leisure": "pitch",
        "sport": "boules",
        "way": "0",
        "nearest_street": "Ganzenweg",
        "commune": "Geetbets",
        "province": "brabant_flamand",
        "region": "flandre"
      }
    },
    {
      "type": "Feature",
      "geometry": {
        "type": "Point",
        "coordinates": [
          5.1058623,
          50.8986113
        ]
      },
      "properties": {
        "boules": "petanque",
        "leisure": "pitch",
        "sport": "boules",
        "way": "0",
        "nearest_street": "Ganzenweg",
        "commune": "Geetbets",
        "province": "brabant_flamand",
        "region": "flandre"
      }
    },
    {
      "type": "Feature",
      "geometry": {
        "type": "Point",
        "coordinates": [
          5.581959,
          50.6446584
        ]
      },
      "properties": {
        "boules": "petanque",
        "leisure": "pitch",
        "lit": "yes",
        "sport": "boules",
        "surface": "compacted",
        "nearest_street": "Quai Sainte-Barbe",
        "commune": "Liège",
        "province": "liege",
        "region": "wallonie"
      }
    },
    {
      "type": "Feature",
      "geometry": {
        "type": "Point",
        "coordinates": [
          5.5821495,
          50.6447297
        ]
      },
      "properties": {
        "boules": "petanque",
        "leisure": "pitch",
        "lit": "yes",
        "sport": "boules",
        "surface": "compacted",
        "nearest_street": "Quai Sainte-Barbe",
        "commune": "Liège",
        "province": "liege",
        "region": "wallonie"
      }
    },
    {
      "type": "Feature",
      "geometry": {
        "type": "Point",
        "coordinates": [
          5.1253955,
          50.8723468
        ]
      },
      "properties": {
        "leisure": "pitch",
        "sport": "boules",
        "nearest_street": "Vijverstraat",
        "commune": "Grazen",
        "province": "brabant_flamand",
        "region": "flandre"
      }
    },
    {
      "type": "Feature",
      "geometry": {
        "type": "Point",
        "coordinates": [
          5.2550472,
          50.9446968
        ]
      },
      "properties": {
        "leisure": "pitch",
        "sport": "boules",
        "nearest_street": "Ten Hove",
        "commune": "Hasselt",
        "province": "limbourg",
        "region": "flandre"
      }
    },
    {
      "type": "Feature",
      "geometry": {
        "type": "Point",
        "coordinates": [
          4.3901974,
          51.2058354
        ]
      },
      "properties": {
        "leisure": "pitch",
        "lit": "yes",
        "sport": "boules",
        "surface": "compacted",
        "nearest_street": "Baron D'hanislaan",
        "commune": "Antwerpen",
        "province": "anvers",
        "region": "flandre"
      }
    },
    {
      "type": "Feature",
      "geometry": {
        "type": "Point",
        "coordinates": [
          3.6682746,
          51.0311811
        ]
      },
      "properties": {
        "boules": "petanque",
        "leisure": "pitch",
        "sport": "boules",
        "nearest_street": "Afsneedorp",
        "commune": "Gent",
        "province": "flandre_orientale",
        "region": "flandre"
      }
    },
    {
      "type": "Feature",
      "geometry": {
        "type": "Point",
        "coordinates": [
          3.6685187,
          51.0313345
        ]
      },
      "properties": {
        "boules": "petanque",
        "covered": "yes",
        "leisure": "pitch",
        "source:geometry:date": "2014-12-01",
        "source:geometry:ref": "Gbg/5017146",
        "sport": "boules",
        "nearest_street": "Afsneedorp",
        "commune": "Gent",
        "province": "flandre_orientale",
        "region": "flandre"
      }
    },
    {
      "type": "Feature",
      "geometry": {
        "type": "Point",
        "coordinates": [
          3.4851006,
          51.0926611
        ]
      },
      "properties": {
        "access": "yes",
        "boules": "petanque",
        "leisure": "pitch",
        "lit": "no",
        "sport": "boules",
        "surface": "compacted",
        "nearest_street": "Bellemdorpweg",
        "commune": "Aalter",
        "province": "flandre_orientale",
        "region": "flandre"
      }
    },
    {
      "type": "Feature",
      "geometry": {
        "type": "Point",
        "coordinates": [
          3.4850713,
          51.0926401
        ]
      },
      "properties": {
        "access": "yes",
        "boules": "petanque",
        "leisure": "pitch",
        "lit": "no",
        "sport": "boules",
        "surface": "compacted",
        "nearest_street": "Bellemdorpweg",
        "commune": "Aalter",
        "province": "flandre_orientale",
        "region": "flandre"
      }
    },
    {
      "type": "Feature",
      "geometry": {
        "type": "Point",
        "coordinates": [
          3.4849566,
          51.092651
        ]
      },
      "properties": {
        "access": "yes",
        "boules": "petanque",
        "leisure": "pitch",
        "lit": "no",
        "sport": "boules",
        "surface": "compacted",
        "nearest_street": "Bellemdorpweg",
        "commune": "Aalter",
        "province": "flandre_orientale",
        "region": "flandre"
      }
    },
    {
      "type": "Feature",
      "geometry": {
        "type": "Point",
        "coordinates": [
          3.4484087,
          51.0829308
        ]
      },
      "properties": {
        "boules": "petanque",
        "leisure": "pitch",
        "sport": "boules",
        "nearest_street": "Biesemkerkweg",
        "commune": "Aalter",
        "province": "flandre_orientale",
        "region": "flandre"
      }
    },
    {
      "type": "Feature",
      "geometry": {
        "type": "Point",
        "coordinates": [
          3.2180364,
          51.2189404
        ]
      },
      "properties": {
        "access": "yes",
        "boules": "petanque",
        "leisure": "pitch",
        "lit": "no",
        "reservation": "no",
        "sport": "boules",
        "surface": "compacted",
        "nearest_street": "Kardinaal Mercierstraat",
        "commune": "Brugge",
        "province": "flandre_occidentale",
        "region": "flandre"
      }
    },
    {
      "type": "Feature",
      "geometry": {
        "type": "Point",
        "coordinates": [
          3.7793389,
          50.3957694
        ]
      },
      "properties": {
        "boules": "petanque",
        "leisure": "pitch",
        "sport": "boules",
        "nearest_street": "Cité des Cocars",
        "commune": "Dour",
        "province": "hainaut",
        "region": "wallonie"
      }
    },
    {
      "type": "Feature",
      "geometry": {
        "type": "Point",
        "coordinates": [
          3.2302142,
          51.2063297
        ]
      },
      "properties": {
        "leisure": "pitch",
        "lit": "yes",
        "sport": "boules",
        "surface": "sand",
        "nearest_street": "Stalijzerstraat",
        "commune": "Brugge",
        "province": "flandre_occidentale",
        "region": "flandre"
      }
    },
    {
      "type": "Feature",
      "geometry": {
        "type": "Point",
        "coordinates": [
          3.2360773,
          51.2120294
        ]
      },
      "properties": {
        "leisure": "pitch",
        "sport": "boules",
        "nearest_street": "Stoelplein",
        "commune": "Brugge",
        "province": "flandre_occidentale",
        "region": "flandre"
      }
    },
    {
      "type": "Feature",
      "geometry": {
        "type": "Point",
        "coordinates": [
          3.2396125,
          51.2092572
        ]
      },
      "properties": {
        "leisure": "pitch",
        "sport": "boules",
        "nearest_street": "Balsemboomstraat",
        "commune": "Brugge",
        "province": "flandre_occidentale",
        "region": "flandre"
      }
    },
    {
      "type": "Feature",
      "geometry": {
        "type": "Point",
        "coordinates": [
          5.6049035,
          50.7161718
        ]
      },
      "properties": {
        "leisure": "pitch",
        "sport": "boules",
        "nearest_street": "Clos de la Chapelle au Bois",
        "commune": "Hermée",
        "province": "liege",
        "region": "wallonie"
      }
    },
    {
      "type": "Feature",
      "geometry": {
        "type": "Point",
        "coordinates": [
          5.1336186,
          50.1114984
        ]
      },
      "properties": {
        "boules": "petanque",
        "leisure": "pitch",
        "lit": "no",
        "sport": "boules",
        "surface": "fine_gravel",
        "nearest_street": "Rue du Roptai",
        "commune": "Ave-et-Auffe",
        "province": "namur",
        "region": "wallonie"
      }
    },
    {
      "type": "Feature",
      "geometry": {
        "type": "Point",
        "coordinates": [
          5.2627607,
          51.2251466
        ]
      },
      "properties": {
        "boules": "petanque",
        "leisure": "pitch",
        "sport": "boules",
        "surface": "sand",
        "nearest_street": "Martinus Van Gurplaan",
        "commune": "Lommel",
        "province": "limbourg",
        "region": "flandre"
      }
    },
    {
      "type": "Feature",
      "geometry": {
        "type": "Point",
        "coordinates": [
          4.1638566,
          51.0504833
        ]
      },
      "properties": {
        "leisure": "pitch",
        "sport": "boules",
        "nearest_street": "'t Hoog",
        "commune": "Hamme",
        "province": "flandre_orientale",
        "region": "flandre"
      }
    },
    {
      "type": "Feature",
      "geometry": {
        "type": "Point",
        "coordinates": [
          5.2280434,
          51.1883773
        ]
      },
      "properties": {
        "boules": "petanque",
        "leisure": "pitch",
        "sport": "boules",
        "nearest_street": "Wateringstraat",
        "commune": "Balen",
        "province": "anvers",
        "region": "flandre"
      }
    },
    {
      "type": "Feature",
      "geometry": {
        "type": "Point",
        "coordinates": [
          5.2280688,
          51.1882742
        ]
      },
      "properties": {
        "boules": "petanque",
        "leisure": "pitch",
        "sport": "boules",
        "nearest_street": "Wateringstraat",
        "commune": "Balen",
        "province": "anvers",
        "region": "flandre"
      }
    },
    {
      "type": "Feature",
      "geometry": {
        "type": "Point",
        "coordinates": [
          5.2278884,
          51.1883289
        ]
      },
      "properties": {
        "boules": "petanque",
        "leisure": "pitch",
        "sport": "boules",
        "nearest_street": "Wateringstraat",
        "commune": "Balen",
        "province": "anvers",
        "region": "flandre"
      }
    },
    {
      "type": "Feature",
      "geometry": {
        "type": "Point",
        "coordinates": [
          3.122261,
          50.9594413
        ]
      },
      "properties": {
        "boules": "petanque",
        "leisure": "pitch",
        "sport": "boules",
        "nearest_street": "Prinsenhof",
        "commune": "Roeselare",
        "province": "flandre_occidentale",
        "region": "flandre"
      }
    },
    {
      "type": "Feature",
      "geometry": {
        "type": "Point",
        "coordinates": [
          3.122031,
          50.9595862
        ]
      },
      "properties": {
        "boules": "petanque",
        "leisure": "pitch",
        "sport": "boules",
        "nearest_street": "Brugsesteenweg",
        "commune": "Roeselare",
        "province": "flandre_occidentale",
        "region": "flandre"
      }
    },
    {
      "type": "Feature",
      "geometry": {
        "type": "Point",
        "coordinates": [
          4.1557674,
          51.0688485
        ]
      },
      "properties": {
        "boules": "petanque",
        "leisure": "pitch",
        "sport": "boules",
        "surface": "paved",
        "nearest_street": "Geeststraat",
        "commune": "Hamme",
        "province": "flandre_orientale",
        "region": "flandre"
      }
    },
    {
      "type": "Feature",
      "geometry": {
        "type": "Point",
        "coordinates": [
          5.4309035,
          51.2239321
        ]
      },
      "properties": {
        "boules": "petanque",
        "leisure": "pitch",
        "sport": "boules",
        "nearest_street": "Vonderstraat",
        "commune": "Overpelt",
        "province": "limbourg",
        "region": "flandre"
      }
    },
    {
      "type": "Feature",
      "geometry": {
        "type": "Point",
        "coordinates": [
          4.5426066,
          51.3595185
        ]
      },
      "properties": {
        "leisure": "pitch",
        "sport": "boules",
        "nearest_street": "Sint Jozefsplein",
        "commune": "Wuustwezel",
        "province": "anvers",
        "region": "flandre"
      }
    },
    {
      "type": "Feature",
      "geometry": {
        "type": "Point",
        "coordinates": [
          3.2517855,
          51.3360163
        ]
      },
      "properties": {
        "building": "yes",
        "leisure": "pitch",
        "name": "Boulodrome",
        "sport": "boules",
        "nearest_street": "Weibroekstraat",
        "commune": "Knokke-Heist",
        "province": "flandre_occidentale",
        "region": "flandre"
      }
    },
    {
      "type": "Feature",
      "geometry": {
        "type": "Point",
        "coordinates": [
          4.0670405,
          50.4302742
        ]
      },
      "properties": {
        "leisure": "pitch",
        "sport": "boules",
        "surface": "compacted",
        "nearest_street": "Place du Levant",
        "commune": "Binche",
        "province": "hainaut",
        "region": "wallonie"
      }
    },
    {
      "type": "Feature",
      "geometry": {
        "type": "Point",
        "coordinates": [
          3.9278386,
          51.0133333
        ]
      },
      "properties": {
        "boules": "petanque",
        "leisure": "pitch",
        "sport": "boules",
        "nearest_street": "Dorp",
        "commune": "Wichelen",
        "province": "flandre_orientale",
        "region": "flandre"
      }
    },
    {
      "type": "Feature",
      "geometry": {
        "type": "Point",
        "coordinates": [
          3.9279268,
          51.0134577
        ]
      },
      "properties": {
        "boules": "petanque",
        "leisure": "pitch",
        "sport": "boules",
        "nearest_street": "Dorp",
        "commune": "Wichelen",
        "province": "flandre_orientale",
        "region": "flandre"
      }
    },
    {
      "type": "Feature",
      "geometry": {
        "type": "Point",
        "coordinates": [
          4.4714394,
          50.7656947
        ]
      },
      "properties": {
        "boules": "petanque",
        "leisure": "pitch",
        "sport": "boules",
        "surface": "gravel",
        "nearest_street": "Baron de Man d'Attenrodestraat",
        "commune": "Hoeilaart",
        "province": "brabant_flamand",
        "region": "flandre"
      }
    },
    {
      "type": "Feature",
      "geometry": {
        "type": "Point",
        "coordinates": [
          3.8653828,
          50.423663
        ]
      },
      "properties": {
        "leisure": "pitch",
        "sport": "boules",
        "nearest_street": "Place du Sud",
        "commune": "Quaregnon",
        "province": "hainaut",
        "region": "wallonie"
      }
    },
    {
      "type": "Feature",
      "geometry": {
        "type": "Point",
        "coordinates": [
          3.5802574,
          51.1925303
        ]
      },
      "properties": {
        "leisure": "pitch",
        "sport": "boules",
        "nearest_street": "Vrombautstraat",
        "commune": "Eeklo",
        "province": "flandre_orientale",
        "region": "flandre"
      }
    },
    {
      "type": "Feature",
      "geometry": {
        "type": "Point",
        "coordinates": [
          4.9302941,
          51.0435003
        ]
      },
      "properties": {
        "boules": "petanque",
        "leisure": "pitch",
        "sport": "boules",
        "nearest_street": "Averbodesesteenweg",
        "commune": "Herselt",
        "province": "anvers",
        "region": "flandre"
      }
    },
    {
      "type": "Feature",
      "geometry": {
        "type": "Point",
        "coordinates": [
          4.9302325,
          51.0434687
        ]
      },
      "properties": {
        "boules": "petanque",
        "leisure": "pitch",
        "sport": "boules",
        "nearest_street": "Blauberg",
        "commune": "Herselt",
        "province": "anvers",
        "region": "flandre"
      }
    },
    {
      "type": "Feature",
      "geometry": {
        "type": "Point",
        "coordinates": [
          4.9301711,
          51.0434372
        ]
      },
      "properties": {
        "boules": "petanque",
        "leisure": "pitch",
        "sport": "boules",
        "nearest_street": "Wezelseheide",
        "commune": "Herselt",
        "province": "anvers",
        "region": "flandre"
      }
    },
    {
      "type": "Feature",
      "geometry": {
        "type": "Point",
        "coordinates": [
          4.9301711,
          51.043613
        ]
      },
      "properties": {
        "boules": "petanque",
        "leisure": "pitch",
        "sport": "boules",
        "nearest_street": "Blauberg",
        "commune": "Herselt",
        "province": "anvers",
        "region": "flandre"
      }
    },
    {
      "type": "Feature",
      "geometry": {
        "type": "Point",
        "coordinates": [
          4.9301097,
          51.0435807
        ]
      },
      "properties": {
        "boules": "petanque",
        "leisure": "pitch",
        "sport": "boules",
        "nearest_street": "Blauberg",
        "commune": "Herselt",
        "province": "anvers",
        "region": "flandre"
      }
    },
    {
      "type": "Feature",
      "geometry": {
        "type": "Point",
        "coordinates": [
          4.7618304,
          50.238072
        ]
      },
      "properties": {
        "leisure": "pitch",
        "sport": "boules",
        "nearest_street": "Rue Sergent Cléda",
        "commune": "Anthée",
        "province": "namur",
        "region": "wallonie"
      }
    },
    {
      "type": "Feature",
      "geometry": {
        "type": "Point",
        "coordinates": [
          3.8792478,
          50.7674839
        ]
      },
      "properties": {
        "boules": "petanque",
        "leisure": "pitch",
        "lit": "no",
        "sport": "boules",
        "surface": "paving_stones",
        "nearest_street": "Guilleminlaan",
        "commune": "Geraardsbergen",
        "province": "flandre_orientale",
        "region": "flandre"
      }
    },
    {
      "type": "Feature",
      "geometry": {
        "type": "Point",
        "coordinates": [
          3.4858793,
          51.130168
        ]
      },
      "properties": {
        "boules": "petanque",
        "leisure": "pitch",
        "sport": "boules",
        "surface": "compacted",
        "nearest_street": "Urseldorp",
        "commune": "Aalter",
        "province": "flandre_orientale",
        "region": "flandre"
      }
    },
    {
      "type": "Feature",
      "geometry": {
        "type": "Point",
        "coordinates": [
          4.6381211,
          50.4980463
        ]
      },
      "properties": {
        "boules": "petanque",
        "leisure": "pitch",
        "sport": "boules",
        "surface": "fine_gravel",
        "nearest_street": "Rue de la Place",
        "commune": "Jemeppe-sur-Sambre",
        "province": "namur",
        "region": "wallonie"
      }
    },
    {
      "type": "Feature",
      "geometry": {
        "type": "Point",
        "coordinates": [
          3.4445455,
          51.0413572
        ]
      },
      "properties": {
        "boules": "petanque",
        "leisure": "pitch",
        "sport": "boules",
        "nearest_street": "Poekedorpstraat",
        "commune": "Aalter",
        "province": "flandre_orientale",
        "region": "flandre"
      }
    },
    {
      "type": "Feature",
      "geometry": {
        "type": "Point",
        "coordinates": [
          5.8146905,
          49.6770471
        ]
      },
      "properties": {
        "leisure": "pitch",
        "sport": "boules",
        "nearest_street": "Rue de la Sambre",
        "commune": "Arlon",
        "province": "luxembourg",
        "region": "wallonie"
      }
    },
    {
      "type": "Feature",
      "geometry": {
        "type": "Point",
        "coordinates": [
          5.8147214,
          49.6770252
        ]
      },
      "properties": {
        "leisure": "pitch",
        "sport": "boules",
        "nearest_street": "Rue de la Sambre",
        "commune": "Arlon",
        "province": "luxembourg",
        "region": "wallonie"
      }
    },
    {
      "type": "Feature",
      "geometry": {
        "type": "Point",
        "coordinates": [
          5.2629711,
          51.1139769
        ]
      },
      "properties": {
        "boules": "petanque",
        "leisure": "pitch",
        "sport": "boules",
        "surface": "gravel",
        "nearest_street": "Merkemlaan",
        "commune": "Leopoldsburg",
        "province": "limbourg",
        "region": "flandre"
      }
    },
    {
      "type": "Feature",
      "geometry": {
        "type": "Point",
        "coordinates": [
          3.9757029,
          50.9210178
        ]
      },
      "properties": {
        "boules": "petanque",
        "building": "public",
        "leisure": "pitch",
        "lit": "yes",
        "sport": "boules",
        "nearest_street": "Groendal",
        "commune": "Mere",
        "province": "flandre_orientale",
        "region": "flandre"
      }
    },
    {
      "type": "Feature",
      "geometry": {
        "type": "Point",
        "coordinates": [
          3.5927519,
          50.8998243
        ]
      },
      "properties": {
        "leisure": "pitch",
        "sport": "boules",
        "nearest_street": "Lange Aststraat",
        "commune": "Huise",
        "province": "flandre_orientale",
        "region": "flandre"
      }
    },
    {
      "type": "Feature",
      "geometry": {
        "type": "Point",
        "coordinates": [
          2.7697991,
          51.1309372
        ]
      },
      "properties": {
        "leisure": "pitch",
        "sport": "boules",
        "nearest_street": "Brugse Steenweg",
        "commune": "Nieuwpoort",
        "province": "flandre_occidentale",
        "region": "flandre"
      }
    },
    {
      "type": "Feature",
      "geometry": {
        "type": "Point",
        "coordinates": [
          2.7747971,
          51.130854
        ]
      },
      "properties": {
        "leisure": "pitch",
        "sport": "boules",
        "nearest_street": "Brugse Steenweg",
        "commune": "Nieuwpoort",
        "province": "flandre_occidentale",
        "region": "flandre"
      }
    },
    {
      "type": "Feature",
      "geometry": {
        "type": "Point",
        "coordinates": [
          4.4985408,
          51.2530201
        ]
      },
      "properties": {
        "leisure": "pitch",
        "sport": "boules",
        "nearest_street": "Curielaan",
        "commune": "Schoten",
        "province": "anvers",
        "region": "flandre"
      }
    },
    {
      "type": "Feature",
      "geometry": {
        "type": "Point",
        "coordinates": [
          3.0980403,
          50.9976154
        ]
      },
      "properties": {
        "leisure": "pitch",
        "lit": "no",
        "sport": "boules",
        "surface": "fine_gravel",
        "nearest_street": "Torhoutstraat",
        "commune": "Gits",
        "province": "flandre_occidentale",
        "region": "flandre"
      }
    },
    {
      "type": "Feature",
      "geometry": {
        "type": "Point",
        "coordinates": [
          4.3516202,
          50.6643624
        ]
      },
      "properties": {
        "leisure": "pitch",
        "sport": "boules",
        "nearest_street": "Rue de Lillois",
        "commune": "Braine-l'Alleud",
        "province": "brabant_wallon",
        "region": "wallonie"
      }
    },
    {
      "type": "Feature",
      "geometry": {
        "type": "Point",
        "coordinates": [
          3.1291735,
          50.9352773
        ]
      },
      "properties": {
        "boules": "petanque",
        "leisure": "pitch",
        "sport": "boules",
        "nearest_street": "Kasteeldreef",
        "commune": "Roeselare",
        "province": "flandre_occidentale",
        "region": "flandre"
      }
    },
    {
      "type": "Feature",
      "geometry": {
        "type": "Point",
        "coordinates": [
          3.1290944,
          50.9354122
        ]
      },
      "properties": {
        "boules": "petanque",
        "leisure": "pitch",
        "sport": "boules",
        "nearest_street": "Kasteeldreef",
        "commune": "Roeselare",
        "province": "flandre_occidentale",
        "region": "flandre"
      }
    },
    {
      "type": "Feature",
      "geometry": {
        "type": "Point",
        "coordinates": [
          3.1292081,
          50.9351965
        ]
      },
      "properties": {
        "boules": "petanque",
        "leisure": "pitch",
        "sport": "boules",
        "nearest_street": "Kasteeldreef",
        "commune": "Roeselare",
        "province": "flandre_occidentale",
        "region": "flandre"
      }
    },
    {
      "type": "Feature",
      "geometry": {
        "type": "Point",
        "coordinates": [
          6.0403527,
          50.6220473
        ]
      },
      "properties": {
        "boules": "petanque",
        "leisure": "pitch",
        "lit": "yes",
        "sport": "boules",
        "surface": "fine_gravel",
        "nearest_street": "Schilsweg",
        "commune": "Eupen",
        "province": "liege",
        "region": "wallonie"
      }
    },
    {
      "type": "Feature",
      "geometry": {
        "type": "Point",
        "coordinates": [
          5.2956317,
          50.2941753
        ]
      },
      "properties": {
        "access": "yes",
        "leisure": "pitch",
        "reservation": "no",
        "sport": "boules",
        "surface": "compacted",
        "nearest_street": "Rue de l'Église",
        "commune": "Heure",
        "province": "namur",
        "region": "wallonie"
      }
    },
    {
      "type": "Feature",
      "geometry": {
        "type": "Point",
        "coordinates": [
          3.9509983,
          51.1556576
        ]
      },
      "properties": {
        "access": "customers",
        "boules": "petanque",
        "leisure": "pitch",
        "sport": "boules",
        "nearest_street": "Oude Spoorweg",
        "commune": "Moerbeke",
        "province": "flandre_orientale",
        "region": "flandre"
      }
    },
    {
      "type": "Feature",
      "geometry": {
        "type": "Point",
        "coordinates": [
          5.7622217,
          50.7331154
        ]
      },
      "properties": {
        "boules": "petanque",
        "leisure": "pitch",
        "sport": "boules",
        "surface": "gravel",
        "nearest_street": "Ruelle des Cinq Bonniers",
        "commune": "Warsage",
        "province": "liege",
        "region": "wallonie"
      }
    },
    {
      "type": "Feature",
      "geometry": {
        "type": "Point",
        "coordinates": [
          4.1725258,
          51.2912265
        ]
      },
      "properties": {
        "boules": "petanque",
        "leisure": "pitch",
        "sport": "boules",
        "nearest_street": "Grote Geulestraat",
        "commune": "Kieldrecht",
        "province": "flandre_orientale",
        "region": "flandre"
      }
    },
    {
      "type": "Feature",
      "geometry": {
        "type": "Point",
        "coordinates": [
          6.0535916,
          50.6263527
        ]
      },
      "properties": {
        "boules": "petanque",
        "leisure": "pitch",
        "sport": "boules",
        "nearest_street": "Schönefelderweg",
        "commune": "Eupen",
        "province": "liege",
        "region": "wallonie"
      }
    },
    {
      "type": "Feature",
      "geometry": {
        "type": "Point",
        "coordinates": [
          4.5687751,
          50.6450774
        ]
      },
      "properties": {
        "leisure": "pitch",
        "lit": "no",
        "sport": "boules",
        "surface": "asphalt",
        "nearest_street": "Sentier de la Forge",
        "commune": "Court-Saint-Etienne",
        "province": "brabant_wallon",
        "region": "wallonie"
      }
    },
    {
      "type": "Feature",
      "geometry": {
        "type": "Point",
        "coordinates": [
          4.8742601,
          51.2987794
        ]
      },
      "properties": {
        "leisure": "pitch",
        "sport": "boules",
        "nearest_street": "Zeggelaan",
        "commune": "Vosselaar",
        "province": "anvers",
        "region": "flandre"
      }
    },
    {
      "type": "Feature",
      "geometry": {
        "type": "Point",
        "coordinates": [
          4.3841716,
          50.866338
        ]
      },
      "properties": {
        "access": "yes",
        "boules": "petanque",
        "leisure": "pitch",
        "sport": "boules",
        "surface": "sand",
        "nearest_street": "Chemin du Crossing - Weg naar de Crossing",
        "commune": "Schaerbeek - Schaarbeek",
        "province": null,
        "region": "bruxelles"
      }
    },
    {
      "type": "Feature",
      "geometry": {
        "type": "Point",
        "coordinates": [
          5.3962569,
          51.0213124
        ]
      },
      "properties": {
        "leisure": "pitch",
        "sport": "boules",
        "nearest_street": "Wildrozenstraat",
        "commune": "Houthalen",
        "province": "limbourg",
        "region": "flandre"
      }
    },
    {
      "type": "Feature",
      "geometry": {
        "type": "Point",
        "coordinates": [
          6.0278792,
          50.6307441
        ]
      },
      "properties": {
        "boules": "petanque",
        "leisure": "pitch",
        "sport": "boules",
        "nearest_street": "Vervierser Straße",
        "commune": "Eupen",
        "province": "liege",
        "region": "wallonie"
      }
    },
    {
      "type": "Feature",
      "geometry": {
        "type": "Point",
        "coordinates": [
          6.0278835,
          50.6306981
        ]
      },
      "properties": {
        "boules": "petanque",
        "leisure": "pitch",
        "sport": "boules",
        "nearest_street": "Vervierser Straße",
        "commune": "Eupen",
        "province": "liege",
        "region": "wallonie"
      }
    },
    {
      "type": "Feature",
      "geometry": {
        "type": "Point",
        "coordinates": [
          6.0278857,
          50.6306252
        ]
      },
      "properties": {
        "boules": "petanque",
        "leisure": "pitch",
        "sport": "boules",
        "nearest_street": "Vervierser Straße",
        "commune": "Eupen",
        "province": "liege",
        "region": "wallonie"
      }
    },
    {
      "type": "Feature",
      "geometry": {
        "type": "Point",
        "coordinates": [
          6.0278907,
          50.6305792
        ]
      },
      "properties": {
        "boules": "petanque",
        "leisure": "pitch",
        "sport": "boules",
        "nearest_street": "Vervierser Straße",
        "commune": "Eupen",
        "province": "liege",
        "region": "wallonie"
      }
    },
    {
      "type": "Feature",
      "geometry": {
        "type": "Point",
        "coordinates": [
          4.5690628,
          50.8771637
        ]
      },
      "properties": {
        "leisure": "pitch",
        "sport": "boules",
        "nearest_street": "Troostweg",
        "commune": "Everberg",
        "province": "brabant_flamand",
        "region": "flandre"
      }
    },
    {
      "type": "Feature",
      "geometry": {
        "type": "Point",
        "coordinates": [
          4.5691914,
          50.8771287
        ]
      },
      "properties": {
        "leisure": "pitch",
        "sport": "boules",
        "nearest_street": "Troostweg",
        "commune": "Everberg",
        "province": "brabant_flamand",
        "region": "flandre"
      }
    },
    {
      "type": "Feature",
      "geometry": {
        "type": "Point",
        "coordinates": [
          4.5692255,
          50.8772464
        ]
      },
      "properties": {
        "leisure": "pitch",
        "sport": "boules",
        "nearest_street": "Gemeenteplein",
        "commune": "Everberg",
        "province": "brabant_flamand",
        "region": "flandre"
      }
    },
    {
      "type": "Feature",
      "geometry": {
        "type": "Point",
        "coordinates": [
          4.1971461,
          50.6802488
        ]
      },
      "properties": {
        "boules": "petanque",
        "leisure": "pitch",
        "sport": "boules",
        "nearest_street": "Chemin Massart",
        "commune": "Tubize",
        "province": "brabant_wallon",
        "region": "wallonie"
      }
    },
    {
      "type": "Feature",
      "geometry": {
        "type": "Point",
        "coordinates": [
          4.6200076,
          50.158468
        ]
      },
      "properties": {
        "leisure": "pitch",
        "lit": "no",
        "sport": "boules",
        "nearest_street": "Rue Centrale",
        "commune": "Philippeville",
        "province": "namur",
        "region": "wallonie"
      }
    },
    {
      "type": "Feature",
      "geometry": {
        "type": "Point",
        "coordinates": [
          3.0738476,
          50.8111011
        ]
      },
      "properties": {
        "boules": "petanque",
        "leisure": "pitch",
        "sport": "boules",
        "nearest_street": "Jeruzalemstraat",
        "commune": "Wervik",
        "province": "flandre_occidentale",
        "region": "flandre"
      }
    },
    {
      "type": "Feature",
      "geometry": {
        "type": "Point",
        "coordinates": [
          4.9349119,
          50.235951
        ]
      },
      "properties": {
        "leisure": "pitch",
        "sport": "boules",
        "surface": "gravel",
        "nearest_street": "Rue d'Anseremme",
        "commune": "Dinant",
        "province": "namur",
        "region": "wallonie"
      }
    },
    {
      "type": "Feature",
      "geometry": {
        "type": "Point",
        "coordinates": [
          4.9602642,
          50.0136341
        ]
      },
      "properties": {
        "boules": "petanque",
        "capacity": "2",
        "leisure": "pitch",
        "sport": "boules",
        "surface": "fine_gravel",
        "nearest_street": "Rue de Sart-Custinne",
        "commune": "Malvoisin",
        "province": "namur",
        "region": "wallonie"
      }
    },
    {
      "type": "Feature",
      "geometry": {
        "type": "Point",
        "coordinates": [
          4.9587936,
          50.0123074
        ]
      },
      "properties": {
        "boules": "petanque",
        "leisure": "pitch",
        "sport": "boules",
        "surface": "fine_gravel",
        "nearest_street": "Bois du Chenai",
        "commune": "Malvoisin",
        "province": "namur",
        "region": "wallonie"
      }
    },
    {
      "type": "Feature",
      "geometry": {
        "type": "Point",
        "coordinates": [
          5.2860702,
          50.6886983
        ]
      },
      "properties": {
        "leisure": "pitch",
        "sport": "boules",
        "nearest_street": "Rue Amédée de Lantremange",
        "commune": "Waremme",
        "province": "liege",
        "region": "wallonie"
      }
    },
    {
      "type": "Feature",
      "geometry": {
        "type": "Point",
        "coordinates": [
          5.8085909,
          51.1293101
        ]
      },
      "properties": {
        "leisure": "pitch",
        "sport": "boules",
        "nearest_street": "Bekerstraat",
        "commune": "Kinrooi",
        "province": "limbourg",
        "region": "flandre"
      }
    },
    {
      "type": "Feature",
      "geometry": {
        "type": "Point",
        "coordinates": [
          3.8806288,
          50.4414455
        ]
      },
      "properties": {
        "leisure": "pitch",
        "sport": "boules",
        "nearest_street": "Rue de Quaregnon",
        "commune": "Mons",
        "province": "hainaut",
        "region": "wallonie"
      }
    },
    {
      "type": "Feature",
      "geometry": {
        "type": "Point",
        "coordinates": [
          5.0116397,
          50.0971995
        ]
      },
      "properties": {
        "leisure": "pitch",
        "sport": "boules",
        "nearest_street": "Quartier des Trois Chênes",
        "commune": "Beauraing",
        "province": "namur",
        "region": "wallonie"
      }
    },
    {
      "type": "Feature",
      "geometry": {
        "type": "Point",
        "coordinates": [
          5.9021035,
          50.5870207
        ]
      },
      "properties": {
        "boules": "petanque",
        "leisure": "pitch",
        "sport": "boules",
        "nearest_street": "Chemin Menotte",
        "commune": "Verviers",
        "province": "liege",
        "region": "wallonie"
      }
    },
    {
      "type": "Feature",
      "geometry": {
        "type": "Point",
        "coordinates": [
          5.0591544,
          51.079769
        ]
      },
      "properties": {
        "boules": "petanque",
        "leisure": "pitch",
        "sport": "boules",
        "nearest_street": "Lindestraat",
        "commune": "Vorst",
        "province": "anvers",
        "region": "flandre"
      }
    },
    {
      "type": "Feature",
      "geometry": {
        "type": "Point",
        "coordinates": [
          4.3475201,
          51.1647395
        ]
      },
      "properties": {
        "boules": "petanque",
        "leisure": "pitch",
        "name": "Mercurius Petanque",
        "sport": "boules",
        "surface": "sand",
        "nearest_street": "Hoofdfrontweg",
        "commune": "Antwerpen",
        "province": "anvers",
        "region": "flandre"
      }
    },
    {
      "type": "Feature",
      "geometry": {
        "type": "Point",
        "coordinates": [
          4.3132407,
          50.6830886
        ]
      },
      "properties": {
        "leisure": "pitch",
        "sport": "boules",
        "nearest_street": "Rue du Chêne Usé",
        "commune": "Wauthier-Braine",
        "province": "brabant_wallon",
        "region": "wallonie"
      }
    },
    {
      "type": "Feature",
      "geometry": {
        "type": "Point",
        "coordinates": [
          4.8635952,
          51.1466281
        ]
      },
      "properties": {
        "boules": "petanque",
        "leisure": "pitch",
        "lit": "no",
        "sport": "boules",
        "surface": "gravel",
        "nearest_street": "Magister Janssenstuin",
        "commune": "Olen",
        "province": "anvers",
        "region": "flandre"
      }
    },
    {
      "type": "Feature",
      "geometry": {
        "type": "Point",
        "coordinates": [
          5.8824059,
          50.6146695
        ]
      },
      "properties": {
        "leisure": "pitch",
        "sport": "boules",
        "nearest_street": "Route de Henri-Chapelle",
        "commune": "Dison",
        "province": "liege",
        "region": "wallonie"
      }
    },
    {
      "type": "Feature",
      "geometry": {
        "type": "Point",
        "coordinates": [
          3.9869463,
          51.0894082
        ]
      },
      "properties": {
        "leisure": "pitch",
        "sport": "boules",
        "nearest_street": "Lenenstraat",
        "commune": "Lokeren",
        "province": "flandre_orientale",
        "region": "flandre"
      }
    },
    {
      "type": "Feature",
      "geometry": {
        "type": "Point",
        "coordinates": [
          4.6406339,
          50.8975649
        ]
      },
      "properties": {
        "boules": "petanque",
        "leisure": "pitch",
        "sport": "boules",
        "surface": "gravel",
        "nearest_street": "Aardeweg",
        "commune": "Winksele",
        "province": "brabant_flamand",
        "region": "flandre"
      }
    },
    {
      "type": "Feature",
      "geometry": {
        "type": "Point",
        "coordinates": [
          4.6408481,
          50.8974344
        ]
      },
      "properties": {
        "boules": "petanque",
        "leisure": "pitch",
        "sport": "boules",
        "surface": "gravel",
        "nearest_street": "Aardeweg",
        "commune": "Winksele",
        "province": "brabant_flamand",
        "region": "flandre"
      }
    },
    {
      "type": "Feature",
      "geometry": {
        "type": "Point",
        "coordinates": [
          4.8474888,
          50.0736363
        ]
      },
      "properties": {
        "boules": "petanque",
        "leisure": "pitch",
        "sport": "boules",
        "nearest_street": "Rue de France",
        "commune": "Beauraing",
        "province": "namur",
        "region": "wallonie"
      }
    },
    {
      "type": "Feature",
      "geometry": {
        "type": "Point",
        "coordinates": [
          4.758888,
          51.1361143
        ]
      },
      "properties": {
        "boules": "petanque",
        "leisure": "pitch",
        "sport": "boules",
        "surface": "compacted",
        "nearest_street": "Liefkenshoek",
        "commune": "Herenthout",
        "province": "anvers",
        "region": "flandre"
      }
    },
    {
      "type": "Feature",
      "geometry": {
        "type": "Point",
        "coordinates": [
          4.1031098,
          50.9524259
        ]
      },
      "properties": {
        "boules": "petanque",
        "leisure": "pitch",
        "sport": "boules",
        "nearest_street": "Leireken",
        "commune": "Aalst",
        "province": "flandre_orientale",
        "region": "flandre"
      }
    },
    {
      "type": "Feature",
      "geometry": {
        "type": "Point",
        "coordinates": [
          4.3781455,
          51.1945713
        ]
      },
      "properties": {
        "boules": "petanque",
        "leisure": "pitch",
        "name": "Petanque",
        "sport": "boules",
        "nearest_street": "August Leyweg",
        "commune": "Antwerpen",
        "province": "anvers",
        "region": "flandre"
      }
    },
    {
      "type": "Feature",
      "geometry": {
        "type": "Point",
        "coordinates": [
          3.7356514,
          51.059173
        ]
      },
      "properties": {
        "boules": "petanque",
        "leisure": "pitch",
        "sport": "boules",
        "nearest_street": "Metselaarsstraat",
        "commune": "Gent",
        "province": "flandre_orientale",
        "region": "flandre"
      }
    },
    {
      "type": "Feature",
      "geometry": {
        "type": "Point",
        "coordinates": [
          3.0649369,
          50.9430313
        ]
      },
      "properties": {
        "leisure": "pitch",
        "sport": "boules",
        "nearest_street": "Engels Hof",
        "commune": "Staden",
        "province": "flandre_occidentale",
        "region": "flandre"
      }
    },
    {
      "type": "Feature",
      "geometry": {
        "type": "Point",
        "coordinates": [
          5.2281655,
          50.792058
        ]
      },
      "properties": {
        "leisure": "pitch",
        "lit": "yes",
        "sport": "boules",
        "surface": "grass",
        "nearest_street": "Hemelrijk",
        "commune": "Sint-Truiden",
        "province": "limbourg",
        "region": "flandre"
      }
    },
    {
      "type": "Feature",
      "geometry": {
        "type": "Point",
        "coordinates": [
          3.36358,
          51.1257098
        ]
      },
      "properties": {
        "leisure": "pitch",
        "sport": "boules",
        "nearest_street": "Tuinwijk",
        "commune": "Beernem",
        "province": "flandre_occidentale",
        "region": "flandre"
      }
    },
    {
      "type": "Feature",
      "geometry": {
        "type": "Point",
        "coordinates": [
          3.1254861,
          50.9401175
        ]
      },
      "properties": {
        "leisure": "pitch",
        "sport": "boules",
        "nearest_street": "Damberdshof",
        "commune": "Roeselare",
        "province": "flandre_occidentale",
        "region": "flandre"
      }
    },
    {
      "type": "Feature",
      "geometry": {
        "type": "Point",
        "coordinates": [
          3.1253915,
          50.9402431
        ]
      },
      "properties": {
        "leisure": "pitch",
        "sport": "boules",
        "nearest_street": "Damberdshof",
        "commune": "Roeselare",
        "province": "flandre_occidentale",
        "region": "flandre"
      }
    },
    {
      "type": "Feature",
      "geometry": {
        "type": "Point",
        "coordinates": [
          5.08521,
          51.0636645
        ]
      },
      "properties": {
        "leisure": "pitch",
        "sport": "boules",
        "nearest_street": "Heuvelheemstraat",
        "commune": "Tessenderlo",
        "province": "limbourg",
        "region": "flandre"
      }
    },
    {
      "type": "Feature",
      "geometry": {
        "type": "Point",
        "coordinates": [
          4.3649145,
          50.9521742
        ]
      },
      "properties": {
        "boules": "petanque",
        "leisure": "pitch",
        "sport": "boules",
        "nearest_street": "Zevensterre",
        "commune": "Beigem",
        "province": "brabant_flamand",
        "region": "flandre"
      }
    },
    {
      "type": "Feature",
      "geometry": {
        "type": "Point",
        "coordinates": [
          4.3649109,
          50.952197
        ]
      },
      "properties": {
        "boules": "petanque",
        "leisure": "pitch",
        "sport": "boules",
        "nearest_street": "Zevensterre",
        "commune": "Beigem",
        "province": "brabant_flamand",
        "region": "flandre"
      }
    },
    {
      "type": "Feature",
      "geometry": {
        "type": "Point",
        "coordinates": [
          4.1161039,
          51.1629382
        ]
      },
      "properties": {
        "boules": "petanque",
        "leisure": "pitch",
        "sport": "boules",
        "surface": "gravel",
        "nearest_street": "Filip de Pillecynlaan",
        "commune": "Sint-Niklaas",
        "province": "flandre_orientale",
        "region": "flandre"
      }
    },
    {
      "type": "Feature",
      "geometry": {
        "type": "Point",
        "coordinates": [
          3.231432,
          50.8838295
        ]
      },
      "properties": {
        "leisure": "pitch",
        "sport": "boules",
        "nearest_street": "De Vierschaar",
        "commune": "Lendelede",
        "province": "flandre_occidentale",
        "region": "flandre"
      }
    },
    {
      "type": "Feature",
      "geometry": {
        "type": "Point",
        "coordinates": [
          3.7615001,
          51.076738
        ]
      },
      "properties": {
        "leisure": "pitch",
        "sport": "boules",
        "nearest_street": "Invalidenstraat",
        "commune": "Gent",
        "province": "flandre_orientale",
        "region": "flandre"
      }
    },
    {
      "type": "Feature",
      "geometry": {
        "type": "Point",
        "coordinates": [
          5.3298306,
          51.0536683
        ]
      },
      "properties": {
        "leisure": "pitch",
        "sport": "boules",
        "nearest_street": "Kanadastraat",
        "commune": "Heusden-Zolder",
        "province": "limbourg",
        "region": "flandre"
      }
    },
    {
      "type": "Feature",
      "geometry": {
        "type": "Point",
        "coordinates": [
          4.4917007,
          50.9890836
        ]
      },
      "properties": {
        "boules": "petanque",
        "leisure": "pitch",
        "sport": "boules",
        "nearest_street": "Nieuwstraat",
        "commune": "Zemst",
        "province": "brabant_flamand",
        "region": "flandre"
      }
    },
    {
      "type": "Feature",
      "geometry": {
        "type": "Point",
        "coordinates": [
          4.4868846,
          51.0606492
        ]
      },
      "properties": {
        "leisure": "pitch",
        "lit": "no",
        "sport": "boules",
        "surface": "compacted",
        "nearest_street": "Clemenceaustraat",
        "commune": "Sint-Katelijne-Waver",
        "province": "anvers",
        "region": "flandre"
      }
    },
    {
      "type": "Feature",
      "geometry": {
        "type": "Point",
        "coordinates": [
          5.4801027,
          50.8345437
        ]
      },
      "properties": {
        "leisure": "pitch",
        "sport": "boules",
        "nearest_street": "Katteveldstraat",
        "commune": "Werm",
        "province": "limbourg",
        "region": "flandre"
      }
    },
    {
      "type": "Feature",
      "geometry": {
        "type": "Point",
        "coordinates": [
          4.2787614,
          51.0804762
        ]
      },
      "properties": {
        "leisure": "pitch",
        "sport": "boules",
        "nearest_street": "Neerheidedreef",
        "commune": "Puurs",
        "province": "anvers",
        "region": "flandre"
      }
    },
    {
      "type": "Feature",
      "geometry": {
        "type": "Point",
        "coordinates": [
          4.278708,
          51.0804727
        ]
      },
      "properties": {
        "leisure": "pitch",
        "sport": "boules",
        "nearest_street": "Neerheidedreef",
        "commune": "Puurs",
        "province": "anvers",
        "region": "flandre"
      }
    },
    {
      "type": "Feature",
      "geometry": {
        "type": "Point",
        "coordinates": [
          4.4176692,
          50.8569713
        ]
      },
      "properties": {
        "leisure": "pitch",
        "lit": "no",
        "sport": "boules",
        "surface": "compacted",
        "nearest_street": "Clos des Compagnons Bâtisseurs - Bouwgezellenerf",
        "commune": "Evere",
        "province": null,
        "region": "bruxelles"
      }
    },
    {
      "type": "Feature",
      "geometry": {
        "type": "Point",
        "coordinates": [
          5.7615464,
          49.7223503
        ]
      },
      "properties": {
        "leisure": "pitch",
        "sport": "boules",
        "nearest_street": "Rue Saint-Servais",
        "commune": "Thiaumont",
        "province": "luxembourg",
        "region": "wallonie"
      }
    },
    {
      "type": "Feature",
      "geometry": {
        "type": "Point",
        "coordinates": [
          4.2763128,
          51.0748615
        ]
      },
      "properties": {
        "boules": "yes",
        "leisure": "pitch",
        "sport": "boules",
        "surface": "compacted",
        "nearest_street": "Hondsmarkt",
        "commune": "Puurs",
        "province": "anvers",
        "region": "flandre"
      }
    },
    {
      "type": "Feature",
      "geometry": {
        "type": "Point",
        "coordinates": [
          4.4313724,
          51.2515545
        ]
      },
      "properties": {
        "boules": "petanque",
        "leisure": "pitch",
        "sport": "boules",
        "nearest_street": "Oortbroek",
        "commune": "Antwerpen",
        "province": "anvers",
        "region": "flandre"
      }
    },
    {
      "type": "Feature",
      "geometry": {
        "type": "Point",
        "coordinates": [
          3.2220086,
          51.1821222
        ]
      },
      "properties": {
        "leisure": "pitch",
        "sport": "boules",
        "nearest_street": "Spoorwegstraat",
        "commune": "Brugge",
        "province": "flandre_occidentale",
        "region": "flandre"
      }
    },
    {
      "type": "Feature",
      "geometry": {
        "type": "Point",
        "coordinates": [
          3.1394791,
          50.94786
        ]
      },
      "properties": {
        "leisure": "pitch",
        "sport": "boules",
        "nearest_street": "Germain Hoetstraat",
        "commune": "Roeselare",
        "province": "flandre_occidentale",
        "region": "flandre"
      }
    },
    {
      "type": "Feature",
      "geometry": {
        "type": "Point",
        "coordinates": [
          5.0989064,
          51.2014309
        ]
      },
      "properties": {
        "boules": "petanque",
        "leisure": "pitch",
        "sport": "boules",
        "nearest_street": "Pastoor Moorkensstraat",
        "commune": "Mol",
        "province": "anvers",
        "region": "flandre"
      }
    },
    {
      "type": "Feature",
      "geometry": {
        "type": "Point",
        "coordinates": [
          4.7144097,
          50.6856412
        ]
      },
      "properties": {
        "leisure": "pitch",
        "name": "Pétanque",
        "sport": "boules",
        "nearest_street": "Sentier du vicinal Courcelles Incourt sur Gistoux",
        "commune": "Chaumont-Gistoux",
        "province": "brabant_wallon",
        "region": "wallonie"
      }
    },
    {
      "type": "Feature",
      "geometry": {
        "type": "Point",
        "coordinates": [
          4.9797072,
          51.203513
        ]
      },
      "properties": {
        "access": "yes",
        "boules": "petanque",
        "leisure": "pitch",
        "lit": "no",
        "sport": "boules",
        "nearest_street": "Aardseweg",
        "commune": "Geel",
        "province": "anvers",
        "region": "flandre"
      }
    },
    {
      "type": "Feature",
      "geometry": {
        "type": "Point",
        "coordinates": [
          4.5970621,
          50.5252888
        ]
      },
      "properties": {
        "leisure": "pitch",
        "sport": "boules",
        "nearest_street": "Rue Stain",
        "commune": "Sombreffe",
        "province": "namur",
        "region": "wallonie"
      }
    },
    {
      "type": "Feature",
      "geometry": {
        "type": "Point",
        "coordinates": [
          4.2269403,
          51.1279393
        ]
      },
      "properties": {
        "leisure": "pitch",
        "sport": "boules",
        "nearest_street": "Eupenlaan",
        "commune": "Temse",
        "province": "flandre_orientale",
        "region": "flandre"
      }
    },
    {
      "type": "Feature",
      "geometry": {
        "type": "Point",
        "coordinates": [
          4.6010327,
          50.4531836
        ]
      },
      "properties": {
        "leisure": "pitch",
        "sport": "boules",
        "nearest_street": "Allée de Belle-Vue",
        "commune": "Sambreville",
        "province": "namur",
        "region": "wallonie"
      }
    },
    {
      "type": "Feature",
      "geometry": {
        "type": "Point",
        "coordinates": [
          3.1772852,
          50.8049297
        ]
      },
      "properties": {
        "boules": "petanque",
        "leisure": "pitch",
        "sport": "boules",
        "nearest_street": "Elckerlycplein",
        "commune": "Wevelgem",
        "province": "flandre_occidentale",
        "region": "flandre"
      }
    },
    {
      "type": "Feature",
      "geometry": {
        "type": "Point",
        "coordinates": [
          3.6270299,
          51.2736152
        ]
      },
      "properties": {
        "leisure": "pitch",
        "sport": "boules",
        "nearest_street": "Paster Sieswegel",
        "commune": "Watervliet",
        "province": "flandre_orientale",
        "region": "flandre"
      }
    },
    {
      "type": "Feature",
      "geometry": {
        "type": "Point",
        "coordinates": [
          3.7543364,
          51.0685997
        ]
      },
      "properties": {
        "leisure": "pitch",
        "sport": "boules",
        "nearest_street": "Biest",
        "commune": "Gent",
        "province": "flandre_orientale",
        "region": "flandre"
      }
    },
    {
      "type": "Feature",
      "geometry": {
        "type": "Point",
        "coordinates": [
          3.7543482,
          51.0686379
        ]
      },
      "properties": {
        "leisure": "pitch",
        "sport": "boules",
        "nearest_street": "Biest",
        "commune": "Gent",
        "province": "flandre_orientale",
        "region": "flandre"
      }
    },
    {
      "type": "Feature",
      "geometry": {
        "type": "Point",
        "coordinates": [
          3.7543558,
          51.0686749
        ]
      },
      "properties": {
        "leisure": "pitch",
        "sport": "boules",
        "nearest_street": "Biest",
        "commune": "Gent",
        "province": "flandre_orientale",
        "region": "flandre"
      }
    },
    {
      "type": "Feature",
      "geometry": {
        "type": "Point",
        "coordinates": [
          2.9245386,
          51.2250674
        ]
      },
      "properties": {
        "leisure": "pitch",
        "sport": "boules",
        "nearest_street": "Graaf de Smet de Naeyerlaan",
        "commune": "Oostende",
        "province": "flandre_occidentale",
        "region": "flandre"
      }
    },
    {
      "type": "Feature",
      "geometry": {
        "type": "Point",
        "coordinates": [
          3.1806832,
          51.2010339
        ]
      },
      "properties": {
        "boules": "petanque",
        "leisure": "pitch",
        "sport": "boules",
        "nearest_street": "Zandstraat",
        "commune": "Brugge",
        "province": "flandre_occidentale",
        "region": "flandre"
      }
    },
    {
      "type": "Feature",
      "geometry": {
        "type": "Point",
        "coordinates": [
          3.3380126,
          51.1373442
        ]
      },
      "properties": {
        "leisure": "pitch",
        "sport": "boules",
        "nearest_street": "Bargelaan",
        "commune": "Beernem",
        "province": "flandre_occidentale",
        "region": "flandre"
      }
    },
    {
      "type": "Feature",
      "geometry": {
        "type": "Point",
        "coordinates": [
          3.3386462,
          51.1376568
        ]
      },
      "properties": {
        "leisure": "pitch",
        "lit": "no",
        "sport": "boules",
        "surface": "compacted",
        "nearest_street": "Damsestraat",
        "commune": "Beernem",
        "province": "flandre_occidentale",
        "region": "flandre"
      }
    },
    {
      "type": "Feature",
      "geometry": {
        "type": "Point",
        "coordinates": [
          4.3391469,
          50.8803032
        ]
      },
      "properties": {
        "leisure": "pitch",
        "sport": "boules",
        "nearest_street": "Rue Eliane Vogel-Polsky - Eliane Vogel-Polskystraat",
        "commune": "Jette",
        "province": null,
        "region": "bruxelles"
      }
    },
    {
      "type": "Feature",
      "geometry": {
        "type": "Point",
        "coordinates": [
          4.3389655,
          50.8803102
        ]
      },
      "properties": {
        "leisure": "pitch",
        "sport": "boules",
        "nearest_street": "Esseghem - Essegem",
        "commune": "Jette",
        "province": null,
        "region": "bruxelles"
      }
    },
    {
      "type": "Feature",
      "geometry": {
        "type": "Point",
        "coordinates": [
          2.959602,
          51.2473959
        ]
      },
      "properties": {
        "leisure": "pitch",
        "sport": "boules",
        "nearest_street": "Driftweg",
        "commune": "Bredene",
        "province": "flandre_occidentale",
        "region": "flandre"
      }
    },
    {
      "type": "Feature",
      "geometry": {
        "type": "Point",
        "coordinates": [
          4.5118505,
          50.8181047
        ]
      },
      "properties": {
        "boules": "petanque",
        "leisure": "pitch",
        "lit": "yes",
        "name": "Petanque \"Diependal\"",
        "sport": "boules",
        "surface": "gravel",
        "nearest_street": "Hertenbergstraat",
        "commune": "Tervuren",
        "province": "brabant_flamand",
        "region": "flandre"
      }
    },
    {
      "type": "Feature",
      "geometry": {
        "type": "Point",
        "coordinates": [
          5.4992607,
          50.5768432
        ]
      },
      "properties": {
        "leisure": "pitch",
        "sport": "boules",
        "nearest_street": "Avenue des Aisemences",
        "commune": "Seraing",
        "province": "liege",
        "region": "wallonie"
      }
    },
    {
      "type": "Feature",
      "geometry": {
        "type": "Point",
        "coordinates": [
          3.9088608,
          50.4135117
        ]
      },
      "properties": {
        "boules": "petanque",
        "leisure": "pitch",
        "sport": "boules",
        "surface": "gravel",
        "nearest_street": "Rue Donaire",
        "commune": "Frameries",
        "province": "hainaut",
        "region": "wallonie"
      }
    },
    {
      "type": "Feature",
      "geometry": {
        "type": "Point",
        "coordinates": [
          4.2877094,
          50.7840851
        ]
      },
      "properties": {
        "access": "customers",
        "leisure": "pitch",
        "sport": "boules",
        "nearest_street": "Vaartweg",
        "commune": "Sint-Pieters-Leeuw",
        "province": "brabant_flamand",
        "region": "flandre"
      }
    },
    {
      "type": "Feature",
      "geometry": {
        "type": "Point",
        "coordinates": [
          4.938395,
          51.3962904
        ]
      },
      "properties": {
        "leisure": "pitch",
        "sport": "boules",
        "nearest_street": "Bredaseweg",
        "commune": "Ravels",
        "province": "anvers",
        "region": "flandre"
      }
    },
    {
      "type": "Feature",
      "geometry": {
        "type": "Point",
        "coordinates": [
          4.9381781,
          51.3962786
        ]
      },
      "properties": {
        "leisure": "pitch",
        "sport": "boules",
        "nearest_street": "Bredaseweg",
        "commune": "Ravels",
        "province": "anvers",
        "region": "flandre"
      }
    },
    {
      "type": "Feature",
      "geometry": {
        "type": "Point",
        "coordinates": [
          4.9379642,
          51.3962661
        ]
      },
      "properties": {
        "leisure": "pitch",
        "sport": "boules",
        "nearest_street": "Bredaseweg",
        "commune": "Ravels",
        "province": "anvers",
        "region": "flandre"
      }
    },
    {
      "type": "Feature",
      "geometry": {
        "type": "Point",
        "coordinates": [
          3.1115203,
          51.2362927
        ]
      },
      "properties": {
        "boules": "petanque",
        "leisure": "pitch",
        "sport": "boules",
        "nearest_street": "Pastoriestraat",
        "commune": "Houtave",
        "province": "flandre_occidentale",
        "region": "flandre"
      }
    },
    {
      "type": "Feature",
      "geometry": {
        "type": "Point",
        "coordinates": [
          3.747946,
          51.0455315
        ]
      },
      "properties": {
        "boules": "petanque",
        "building": "yes",
        "leisure": "pitch",
        "lit": "yes",
        "name": "Petanquelokaal Bassijnstraat",
        "source:geometry:date": "2002-04-08",
        "source:geometry:ref": "Gbg/41414",
        "sport": "boules",
        "nearest_street": "Bassijnstraat",
        "commune": "Gent",
        "province": "flandre_orientale",
        "region": "flandre"
      }
    },
    {
      "type": "Feature",
      "geometry": {
        "type": "Point",
        "coordinates": [
          4.8004005,
          50.6219133
        ]
      },
      "properties": {
        "leisure": "pitch",
        "sport": "boules",
        "nearest_street": "RAVeL Ligne 147",
        "commune": "Perwez",
        "province": "brabant_wallon",
        "region": "wallonie"
      }
    },
    {
      "type": "Feature",
      "geometry": {
        "type": "Point",
        "coordinates": [
          4.8005576,
          50.6219083
        ]
      },
      "properties": {
        "leisure": "pitch",
        "sport": "boules",
        "nearest_street": "RAVeL Ligne 147",
        "commune": "Perwez",
        "province": "brabant_wallon",
        "region": "wallonie"
      }
    },
    {
      "type": "Feature",
      "geometry": {
        "type": "Point",
        "coordinates": [
          4.8007497,
          50.621952
        ]
      },
      "properties": {
        "leisure": "pitch",
        "sport": "boules",
        "nearest_street": "RAVeL Ligne 147",
        "commune": "Perwez",
        "province": "brabant_wallon",
        "region": "wallonie"
      }
    },
    {
      "type": "Feature",
      "geometry": {
        "type": "Point",
        "coordinates": [
          4.8527356,
          50.4639188
        ]
      },
      "properties": {
        "leisure": "pitch",
        "sport": "boules",
        "nearest_street": "Avenue Reine Astrid",
        "commune": "Namur",
        "province": "namur",
        "region": "wallonie"
      }
    },
    {
      "type": "Feature",
      "geometry": {
        "type": "Point",
        "coordinates": [
          3.5752349,
          51.1840199
        ]
      },
      "properties": {
        "boules": "petanque",
        "leisure": "pitch",
        "lit": "no",
        "sport": "boules",
        "nearest_street": "Burgemeester Lionel Pussemierstraat",
        "commune": "Eeklo",
        "province": "flandre_orientale",
        "region": "flandre"
      }
    },
    {
      "type": "Feature",
      "geometry": {
        "type": "Point",
        "coordinates": [
          2.894432,
          50.84464
        ]
      },
      "properties": {
        "access": "permissive",
        "boules": "petanque",
        "description": "4 velden",
        "leisure": "pitch",
        "name": "Petanque",
        "sport": "boules",
        "surface": "fine_gravel",
        "nearest_street": "Leopold III-laan",
        "commune": "Ieper",
        "province": "flandre_occidentale",
        "region": "flandre"
      }
    },
    {
      "type": "Feature",
      "geometry": {
        "type": "Point",
        "coordinates": [
          4.0595262,
          50.8032471
        ]
      },
      "properties": {
        "boules": "petanque",
        "leisure": "pitch",
        "sport": "boules",
        "nearest_street": "Kantonstraat",
        "commune": "Neigem",
        "province": "flandre_orientale",
        "region": "flandre"
      }
    },
    {
      "type": "Feature",
      "geometry": {
        "type": "Point",
        "coordinates": [
          4.7783727,
          50.5848575
        ]
      },
      "properties": {
        "leisure": "pitch",
        "sport": "boules",
        "nearest_street": "Rue d'Aische-En-Refail",
        "commune": "Gembloux",
        "province": "namur",
        "region": "wallonie"
      }
    },
    {
      "type": "Feature",
      "geometry": {
        "type": "Point",
        "coordinates": [
          3.8584064,
          50.5909178
        ]
      },
      "properties": {
        "leisure": "pitch",
        "sport": "boules",
        "nearest_street": "Sentier 'Arbre quel est ton nom ?",
        "commune": "Brugelette (section)",
        "province": "hainaut",
        "region": "wallonie"
      }
    },
    {
      "type": "Feature",
      "geometry": {
        "type": "Point",
        "coordinates": [
          4.0326083,
          51.0723121
        ]
      },
      "properties": {
        "access": "yes",
        "boules": "petanque",
        "leisure": "pitch",
        "sport": "boules",
        "surface": "gravel",
        "nearest_street": "Acacialaan",
        "commune": "Zele",
        "province": "flandre_orientale",
        "region": "flandre"
      }
    },
    {
      "type": "Feature",
      "geometry": {
        "type": "Point",
        "coordinates": [
          4.7904974,
          50.3311655
        ]
      },
      "properties": {
        "leisure": "pitch",
        "source": "bing",
        "sport": "boules",
        "nearest_street": "Rue du Chérimont",
        "commune": "Bioul",
        "province": "namur",
        "region": "wallonie"
      }
    },
    {
      "type": "Feature",
      "geometry": {
        "type": "Point",
        "coordinates": [
          3.2497028,
          51.204574
        ]
      },
      "properties": {
        "boules": "petanque",
        "leisure": "pitch",
        "lit": "no",
        "sport": "boules",
        "surface": "fine_gravel",
        "nearest_street": "Vinkenplein",
        "commune": "Brugge",
        "province": "flandre_occidentale",
        "region": "flandre"
      }
    },
    {
      "type": "Feature",
      "geometry": {
        "type": "Point",
        "coordinates": [
          5.5413495,
          50.6223246
        ]
      },
      "properties": {
        "access": "yes",
        "leisure": "pitch",
        "lit": "no",
        "reservation": "no",
        "sport": "boules",
        "surface": "tartan",
        "nearest_street": "Avenue des Marronniers",
        "commune": "Saint-Nicolas",
        "province": "liege",
        "region": "wallonie"
      }
    },
    {
      "type": "Feature",
      "geometry": {
        "type": "Point",
        "coordinates": [
          3.3573454,
          50.8863627
        ]
      },
      "properties": {
        "leisure": "pitch",
        "sport": "boules",
        "nearest_street": "Georges Coornaertdreef",
        "commune": "Waregem",
        "province": "flandre_occidentale",
        "region": "flandre"
      }
    },
    {
      "type": "Feature",
      "geometry": {
        "type": "Point",
        "coordinates": [
          3.7786042,
          51.0753016
        ]
      },
      "properties": {
        "leisure": "pitch",
        "sport": "boules",
        "nearest_street": "Antwerpsesteenweg",
        "commune": "Gent",
        "province": "flandre_orientale",
        "region": "flandre"
      }
    },
    {
      "type": "Feature",
      "geometry": {
        "type": "Point",
        "coordinates": [
          3.7786801,
          51.075348
        ]
      },
      "properties": {
        "leisure": "pitch",
        "sport": "boules",
        "nearest_street": "Antwerpsesteenweg",
        "commune": "Gent",
        "province": "flandre_orientale",
        "region": "flandre"
      }
    },
    {
      "type": "Feature",
      "geometry": {
        "type": "Point",
        "coordinates": [
          3.8875106,
          50.4449442
        ]
      },
      "properties": {
        "leisure": "pitch",
        "sport": "boules",
        "nearest_street": "Place de la Perche",
        "commune": "Mons",
        "province": "hainaut",
        "region": "wallonie"
      }
    },
    {
      "type": "Feature",
      "geometry": {
        "type": "Point",
        "coordinates": [
          6.027883,
          50.6306567
        ]
      },
      "properties": {
        "access": "yes",
        "boules": "petanque",
        "fee": "no",
        "leisure": "pitch",
        "lit": "yes",
        "name": "Pétanque - Boccia - Boule",
        "sport": "boules",
        "nearest_street": "Vervierser Straße",
        "commune": "Eupen",
        "province": "liege",
        "region": "wallonie"
      }
    },
    {
      "type": "Feature",
      "geometry": {
        "type": "Point",
        "coordinates": [
          5.3465557,
          50.9250654
        ]
      },
      "properties": {
        "leisure": "pitch",
        "lit": "no",
        "sport": "boules",
        "surface": "sand",
        "nearest_street": "Plankeweidelaan",
        "commune": "Hasselt",
        "province": "limbourg",
        "region": "flandre"
      }
    },
    {
      "type": "Feature",
      "geometry": {
        "type": "Point",
        "coordinates": [
          4.3130277,
          50.8439274
        ]
      },
      "properties": {
        "leisure": "pitch",
        "sport": "boules",
        "nearest_street": "Square des Vétérans Coloniaux - Koloniale Veteranensquare",
        "commune": "Anderlecht",
        "province": null,
        "region": "bruxelles"
      }
    },
    {
      "type": "Feature",
      "geometry": {
        "type": "Point",
        "coordinates": [
          4.8388795,
          50.5695438
        ]
      },
      "properties": {
        "leisure": "pitch",
        "sport": "boules",
        "nearest_street": "Rue Léon Montulet",
        "commune": "Eghezée",
        "province": "namur",
        "region": "wallonie"
      }
    },
    {
      "type": "Feature",
      "geometry": {
        "type": "Point",
        "coordinates": [
          3.9199608,
          51.1227196
        ]
      },
      "properties": {
        "access": "yes",
        "leisure": "pitch",
        "sport": "boules",
        "nearest_street": "Oude Tramroute",
        "commune": "Doorslaar",
        "province": "flandre_orientale",
        "region": "flandre"
      }
    },
    {
      "type": "Feature",
      "geometry": {
        "type": "Point",
        "coordinates": [
          4.7582884,
          50.4373559
        ]
      },
      "properties": {
        "leisure": "pitch",
        "sport": "boules",
        "nearest_street": "RAVeL",
        "commune": "Floreffe",
        "province": "namur",
        "region": "wallonie"
      }
    },
    {
      "type": "Feature",
      "geometry": {
        "type": "Point",
        "coordinates": [
          4.162234,
          50.8530102
        ]
      },
      "properties": {
        "leisure": "pitch",
        "sport": "boules",
        "surface": "fine_gravel",
        "nearest_street": "Pol De Montstraat",
        "commune": "Ternat",
        "province": "brabant_flamand",
        "region": "flandre"
      }
    },
    {
      "type": "Feature",
      "geometry": {
        "type": "Point",
        "coordinates": [
          5.6893217,
          50.4778859
        ]
      },
      "properties": {
        "leisure": "pitch",
        "sport": "boules",
        "surface": "sand",
        "nearest_street": "Allée des Rénardeaux",
        "commune": "Aywaille",
        "province": "liege",
        "region": "wallonie"
      }
    },
    {
      "type": "Feature",
      "geometry": {
        "type": "Point",
        "coordinates": [
          3.6918302,
          51.0501627
        ]
      },
      "properties": {
        "access": "customers",
        "boules": "petanque",
        "leisure": "pitch",
        "lit": "no",
        "sport": "boules",
        "nearest_street": "Noorderlaan",
        "commune": "Gent",
        "province": "flandre_orientale",
        "region": "flandre"
      }
    },
    {
      "type": "Feature",
      "geometry": {
        "type": "Point",
        "coordinates": [
          3.63699,
          50.9884384
        ]
      },
      "properties": {
        "leisure": "pitch",
        "lit": "no",
        "operator": "Petanqueclub De Zonnebloem",
        "sport": "boules",
        "nearest_street": "Sijsjespark",
        "commune": "De Pinte",
        "province": "flandre_orientale",
        "region": "flandre"
      }
    },
    {
      "type": "Feature",
      "geometry": {
        "type": "Point",
        "coordinates": [
          5.3244162,
          50.929262
        ]
      },
      "properties": {
        "leisure": "pitch",
        "sport": "boules",
        "nearest_street": "Vredestraat",
        "commune": "Hasselt",
        "province": "limbourg",
        "region": "flandre"
      }
    },
    {
      "type": "Feature",
      "geometry": {
        "type": "Point",
        "coordinates": [
          4.6220139,
          50.662812
        ]
      },
      "properties": {
        "access": "private",
        "boules": "petanque",
        "club": "sport",
        "leisure": "pitch",
        "name": "Royal Pétanque Club du Blanc Ry",
        "sport": "boules",
        "nearest_street": "Chemin du Hangar à Ballons",
        "commune": "Ottignies-Louvain-la-Neuve",
        "province": "brabant_wallon",
        "region": "wallonie"
      }
    },
    {
      "type": "Feature",
      "geometry": {
        "type": "Point",
        "coordinates": [
          3.7808477,
          51.0997217
        ]
      },
      "properties": {
        "leisure": "pitch",
        "sport": "boules",
        "nearest_street": "Absdalestraat",
        "commune": "Gent",
        "province": "flandre_orientale",
        "region": "flandre"
      }
    },
    {
      "type": "Feature",
      "geometry": {
        "type": "Point",
        "coordinates": [
          4.3490794,
          50.8656888
        ]
      },
      "properties": {
        "boules": "petanque",
        "leisure": "pitch",
        "lit": "yes",
        "sport": "boules",
        "surface": "gravel",
        "nearest_street": "Tour et Taxis - Thurn en Taxis",
        "commune": "Bruxelles - Brussel",
        "province": null,
        "region": "bruxelles"
      }
    },
    {
      "type": "Feature",
      "geometry": {
        "type": "Point",
        "coordinates": [
          3.4548286,
          51.0469665
        ]
      },
      "properties": {
        "leisure": "pitch",
        "sport": "boules",
        "nearest_street": "Boterstraatje",
        "commune": "Aalter",
        "province": "flandre_orientale",
        "region": "flandre"
      }
    },
    {
      "type": "Feature",
      "geometry": {
        "type": "Point",
        "coordinates": [
          3.6823838,
          51.0466715
        ]
      },
      "properties": {
        "access": "yes",
        "boules": "petanque",
        "description": "2 lanes",
        "leisure": "pitch",
        "sport": "boules",
        "surface": "gravel",
        "nearest_street": "Trimlaan",
        "commune": "Gent",
        "province": "flandre_orientale",
        "region": "flandre"
      }
    },
    {
      "type": "Feature",
      "geometry": {
        "type": "Point",
        "coordinates": [
          3.7078374,
          51.0395311
        ]
      },
      "properties": {
        "access": "customers",
        "boules": "petanque",
        "building": "yes",
        "club": "sport",
        "covered": "yes",
        "description": "6 indoor lanes",
        "leisure": "pitch",
        "lit": "yes",
        "name": "PC Patijntje",
        "opening_hours": "Mo 13:00-21:00; Tu 19:00+; We 14:00-21:00; Su 14:00-21:00",
        "source:geometry:date": "2014-12-01",
        "source:geometry:ref": "Gbg/5019551",
        "sport": "boules",
        "nearest_street": "Distelstraat",
        "commune": "Gent",
        "province": "flandre_orientale",
        "region": "flandre"
      }
    },
    {
      "type": "Feature",
      "geometry": {
        "type": "Point",
        "coordinates": [
          3.6089702,
          51.1548401
        ]
      },
      "properties": {
        "leisure": "pitch",
        "sport": "boules",
        "nearest_street": "Guldensporenwijk",
        "commune": "Waarschoot",
        "province": "flandre_orientale",
        "region": "flandre"
      }
    },
    {
      "type": "Feature",
      "geometry": {
        "type": "Point",
        "coordinates": [
          3.609013,
          51.1559052
        ]
      },
      "properties": {
        "leisure": "pitch",
        "sport": "boules",
        "nearest_street": "Guldensporenwijk",
        "commune": "Waarschoot",
        "province": "flandre_orientale",
        "region": "flandre"
      }
    },
    {
      "type": "Feature",
      "geometry": {
        "type": "Point",
        "coordinates": [
          4.2397121,
          50.7380512
        ]
      },
      "properties": {
        "boules": "petanque",
        "leisure": "pitch",
        "sport": "boules",
        "nearest_street": "Louis Thibautstraat",
        "commune": "Halle",
        "province": "brabant_flamand",
        "region": "flandre"
      }
    },
    {
      "type": "Feature",
      "geometry": {
        "type": "Point",
        "coordinates": [
          4.2397897,
          50.7380602
        ]
      },
      "properties": {
        "boules": "petanque",
        "leisure": "pitch",
        "sport": "boules",
        "nearest_street": "Louis Thibautstraat",
        "commune": "Halle",
        "province": "brabant_flamand",
        "region": "flandre"
      }
    },
    {
      "type": "Feature",
      "geometry": {
        "type": "Point",
        "coordinates": [
          4.2400702,
          50.7380229
        ]
      },
      "properties": {
        "boules": "petanque",
        "leisure": "pitch",
        "sport": "boules",
        "nearest_street": "Louis Thibautstraat",
        "commune": "Halle",
        "province": "brabant_flamand",
        "region": "flandre"
      }
    },
    {
      "type": "Feature",
      "geometry": {
        "type": "Point",
        "coordinates": [
          4.4565877,
          51.1039421
        ]
      },
      "properties": {
        "boules": "petanque",
        "indoor": "yes",
        "leisure": "pitch",
        "source:geometry:date": "2014-10-09",
        "source:geometry:ref": "Gbg/4865588",
        "sport": "boules",
        "nearest_street": "Hessepoellei",
        "commune": "Kontich",
        "province": "anvers",
        "region": "flandre"
      }
    },
    {
      "type": "Feature",
      "geometry": {
        "type": "Point",
        "coordinates": [
          3.2729177,
          50.826521
        ]
      },
      "properties": {
        "leisure": "pitch",
        "sport": "boules",
        "nearest_street": "Veemarkt",
        "commune": "Kortrijk",
        "province": "flandre_occidentale",
        "region": "flandre"
      }
    },
    {
      "type": "Feature",
      "geometry": {
        "type": "Point",
        "coordinates": [
          3.244447,
          51.2026168
        ]
      },
      "properties": {
        "boules": "petanque",
        "leisure": "pitch",
        "lit": "no",
        "sport": "boules",
        "surface": "clay",
        "nearest_street": "Blekerijstraat",
        "commune": "Brugge",
        "province": "flandre_occidentale",
        "region": "flandre"
      }
    },
    {
      "type": "Feature",
      "geometry": {
        "type": "Point",
        "coordinates": [
          3.6657083,
          51.0801448
        ]
      },
      "properties": {
        "access": "yes",
        "boules": "petanque",
        "leisure": "pitch",
        "lit": "yes",
        "name": "Petanqueterrein Mercuriusstraat",
        "sport": "boules",
        "nearest_street": "Mercuriusstraat",
        "commune": "Gent",
        "province": "flandre_orientale",
        "region": "flandre"
      }
    },
    {
      "type": "Feature",
      "geometry": {
        "type": "Point",
        "coordinates": [
          3.7079864,
          51.0395635
        ]
      },
      "properties": {
        "access": "customers",
        "boules": "petanque",
        "covered": "no",
        "description": "3+1 outdoor lanes",
        "leisure": "pitch",
        "lit": "yes",
        "sport": "boules",
        "nearest_street": "Distelstraat",
        "commune": "Gent",
        "province": "flandre_orientale",
        "region": "flandre"
      }
    },
    {
      "type": "Feature",
      "geometry": {
        "type": "Point",
        "coordinates": [
          4.0429281,
          50.6931366
        ]
      },
      "properties": {
        "leisure": "pitch",
        "sport": "boules",
        "nearest_street": "Avenue Elisabeth - Elisabethlaan",
        "commune": "Enghien - Edingen",
        "province": "hainaut",
        "region": "wallonie"
      }
    },
    {
      "type": "Feature",
      "geometry": {
        "type": "Point",
        "coordinates": [
          4.8204046,
          51.0783414
        ]
      },
      "properties": {
        "boules": "petanque",
        "leisure": "pitch",
        "sport": "boules",
        "nearest_street": "Kempische Ardennen",
        "commune": "Westerlo",
        "province": "anvers",
        "region": "flandre"
      }
    },
    {
      "type": "Feature",
      "geometry": {
        "type": "Point",
        "coordinates": [
          4.7188722,
          51.0870651
        ]
      },
      "properties": {
        "boules": "petanque",
        "landcover": "sand",
        "leisure": "pitch",
        "name": "Markt",
        "source": "https://www.hln.be/in-de-buurt/heist-op-den-berg/petanqueclub-groot-heist-ruilt-heist-station-in-voor-woonzorgcentrum-ten-kerselaere~aaf20bc0/",
        "sport": "boules",
        "nearest_street": "Marktstraat",
        "commune": "Heist-op-den-Berg",
        "province": "anvers",
        "region": "flandre"
      }
    },
    {
      "type": "Feature",
      "geometry": {
        "type": "Point",
        "coordinates": [
          3.7081275,
          51.0443341
        ]
      },
      "properties": {
        "boules": "petanque",
        "leisure": "pitch",
        "sport": "boules",
        "surface": "compacted",
        "nearest_street": "Jubileumlaan",
        "commune": "Gent",
        "province": "flandre_orientale",
        "region": "flandre"
      }
    },
    {
      "type": "Feature",
      "geometry": {
        "type": "Point",
        "coordinates": [
          3.7082702,
          51.0443205
        ]
      },
      "properties": {
        "boules": "petanque",
        "leisure": "pitch",
        "sport": "boules",
        "surface": "compacted",
        "nearest_street": "Offerlaan",
        "commune": "Gent",
        "province": "flandre_orientale",
        "region": "flandre"
      }
    },
    {
      "type": "Feature",
      "geometry": {
        "type": "Point",
        "coordinates": [
          3.7400258,
          51.0511393
        ]
      },
      "properties": {
        "access": "yes",
        "boules": "petanque",
        "description": "Zonder afbakening",
        "leisure": "pitch",
        "sport": "boules",
        "nearest_street": "Rommelwaterpark",
        "commune": "Gent",
        "province": "flandre_orientale",
        "region": "flandre"
      }
    },
    {
      "type": "Feature",
      "geometry": {
        "type": "Point",
        "coordinates": [
          3.7398124,
          51.052104
        ]
      },
      "properties": {
        "access": "yes",
        "boules": "petanque",
        "description": "Zonder afbakening",
        "leisure": "pitch",
        "sport": "boules",
        "nearest_street": "Rommelwaterpark",
        "commune": "Gent",
        "province": "flandre_orientale",
        "region": "flandre"
      }
    },
    {
      "type": "Feature",
      "geometry": {
        "type": "Point",
        "coordinates": [
          4.0313615,
          51.0723665
        ]
      },
      "properties": {
        "leisure": "pitch",
        "sport": "boules",
        "nearest_street": "Acacialaan",
        "commune": "Zele",
        "province": "flandre_orientale",
        "region": "flandre"
      }
    },
    {
      "type": "Feature",
      "geometry": {
        "type": "Point",
        "coordinates": [
          3.8502373,
          51.0248139
        ]
      },
      "properties": {
        "access": "yes",
        "boules": "petanque",
        "leisure": "pitch",
        "name": "De Warande",
        "sport": "boules",
        "surface": "fine_gravel",
        "nearest_street": "Warande",
        "commune": "Laarne",
        "province": "flandre_orientale",
        "region": "flandre"
      }
    },
    {
      "type": "Feature",
      "geometry": {
        "type": "Point",
        "coordinates": [
          3.8601459,
          50.4313284
        ]
      },
      "properties": {
        "leisure": "pitch",
        "sport": "boules",
        "nearest_street": "Rue Liénard",
        "commune": "Quaregnon",
        "province": "hainaut",
        "region": "wallonie"
      }
    },
    {
      "type": "Feature",
      "geometry": {
        "type": "Point",
        "coordinates": [
          3.8601202,
          50.4314337
        ]
      },
      "properties": {
        "leisure": "pitch",
        "sport": "boules",
        "nearest_street": "Rue Liénard",
        "commune": "Quaregnon",
        "province": "hainaut",
        "region": "wallonie"
      }
    },
    {
      "type": "Feature",
      "geometry": {
        "type": "Point",
        "coordinates": [
          3.6117185,
          51.0971132
        ]
      },
      "properties": {
        "leisure": "pitch",
        "sport": "boules",
        "nearest_street": "Molendreef",
        "commune": "Lovendegem",
        "province": "flandre_orientale",
        "region": "flandre"
      }
    },
    {
      "type": "Feature",
      "geometry": {
        "type": "Point",
        "coordinates": [
          4.260505,
          51.1289113
        ]
      },
      "properties": {
        "boules": "petanque",
        "leisure": "pitch",
        "sport": "boules",
        "nearest_street": "Kapelstraat",
        "commune": "Temse",
        "province": "flandre_orientale",
        "region": "flandre"
      }
    },
    {
      "type": "Feature",
      "geometry": {
        "type": "Point",
        "coordinates": [
          4.2605035,
          51.1289476
        ]
      },
      "properties": {
        "boules": "petanque",
        "leisure": "pitch",
        "sport": "boules",
        "nearest_street": "Kapelstraat",
        "commune": "Steendorp",
        "province": "flandre_orientale",
        "region": "flandre"
      }
    },
    {
      "type": "Feature",
      "geometry": {
        "type": "Point",
        "coordinates": [
          4.2186991,
          51.0276447
        ]
      },
      "properties": {
        "boules": "petanque",
        "leisure": "pitch",
        "sport": "boules",
        "surface": "gravel",
        "nearest_street": "Dries",
        "commune": "Buggenhout",
        "province": "flandre_orientale",
        "region": "flandre"
      }
    },
    {
      "type": "Feature",
      "geometry": {
        "type": "Point",
        "coordinates": [
          3.6345268,
          51.0193073
        ]
      },
      "properties": {
        "access": "yes",
        "boules": "petanque",
        "description": "3 banen",
        "leisure": "pitch",
        "sport": "boules",
        "nearest_street": "Priesterage",
        "commune": "Sint-Martens-Latem",
        "province": "flandre_orientale",
        "region": "flandre"
      }
    },
    {
      "type": "Feature",
      "geometry": {
        "type": "Point",
        "coordinates": [
          5.4515112,
          50.7760773
        ]
      },
      "properties": {
        "access": "yes",
        "boules": "petanque",
        "leisure": "pitch",
        "lit": "yes",
        "sport": "boules",
        "surface": "compacted",
        "nearest_street": "Cottalaan",
        "commune": "Tongeren",
        "province": "limbourg",
        "region": "flandre"
      }
    },
    {
      "type": "Feature",
      "geometry": {
        "type": "Point",
        "coordinates": [
          5.4664463,
          50.7753758
        ]
      },
      "properties": {
        "access": "yes",
        "boules": "petanque",
        "leisure": "pitch",
        "lit": "no",
        "sport": "boules",
        "surface": "compacted",
        "nearest_street": "Montgomerylaan",
        "commune": "Tongeren",
        "province": "limbourg",
        "region": "flandre"
      }
    },
    {
      "type": "Feature",
      "geometry": {
        "type": "Point",
        "coordinates": [
          5.4611516,
          50.7669474
        ]
      },
      "properties": {
        "access": "yes",
        "boules": "petanque",
        "leisure": "pitch",
        "sport": "boules",
        "nearest_street": "Offelkenstraat",
        "commune": "Tongeren",
        "province": "limbourg",
        "region": "flandre"
      }
    },
    {
      "type": "Feature",
      "geometry": {
        "type": "Point",
        "coordinates": [
          4.3437436,
          51.1507908
        ]
      },
      "properties": {
        "leisure": "pitch",
        "sport": "boules",
        "nearest_street": "Halfbunderweg",
        "commune": "Hemiksem",
        "province": "anvers",
        "region": "flandre"
      }
    },
    {
      "type": "Feature",
      "geometry": {
        "type": "Point",
        "coordinates": [
          4.1157429,
          50.458449
        ]
      },
      "properties": {
        "leisure": "pitch",
        "sport": "boules",
        "nearest_street": "Rue Saint-Martin",
        "commune": "La Louvière",
        "province": "hainaut",
        "region": "wallonie"
      }
    },
    {
      "type": "Feature",
      "geometry": {
        "type": "Point",
        "coordinates": [
          3.7622243,
          51.0409758
        ]
      },
      "properties": {
        "access": "yes",
        "boules": "petanque",
        "leisure": "pitch",
        "lit": "yes",
        "sport": "boules",
        "surface": "fine_gravel",
        "nearest_street": "Meersemdries",
        "commune": "Gent",
        "province": "flandre_orientale",
        "region": "flandre"
      }
    },
    {
      "type": "Feature",
      "geometry": {
        "type": "Point",
        "coordinates": [
          3.7622912,
          51.0408393
        ]
      },
      "properties": {
        "access": "yes",
        "boules": "petanque",
        "leisure": "pitch",
        "lit": "yes",
        "sport": "boules",
        "surface": "fine_gravel",
        "nearest_street": "Meersemdries",
        "commune": "Gent",
        "province": "flandre_orientale",
        "region": "flandre"
      }
    },
    {
      "type": "Feature",
      "geometry": {
        "type": "Point",
        "coordinates": [
          3.6956228,
          50.9787783
        ]
      },
      "properties": {
        "access": "yes",
        "boules": "petanque",
        "leisure": "pitch",
        "lit": "no",
        "sport": "boules",
        "surface": "gravel",
        "nearest_street": "Kerkwegel",
        "commune": "Zevergem",
        "province": "flandre_orientale",
        "region": "flandre"
      }
    },
    {
      "type": "Feature",
      "geometry": {
        "type": "Point",
        "coordinates": [
          3.6150136,
          50.8533286
        ]
      },
      "properties": {
        "boules": "yes",
        "leisure": "pitch",
        "name": "Petanque Club De Krijgers",
        "sport": "boules",
        "website": "https://www.oudenaarde.be/nl/sport/accommodatie/indoor-sportaccommodatie/petanquecomplex",
        "nearest_street": "Galgestraat",
        "commune": "Oudenaarde",
        "province": "flandre_orientale",
        "region": "flandre"
      }
    },
    {
      "type": "Feature",
      "geometry": {
        "type": "Point",
        "coordinates": [
          5.7278535,
          51.0662411
        ]
      },
      "properties": {
        "leisure": "pitch",
        "sport": "boules",
        "nearest_street": "Vinkenlaan",
        "commune": "Rotem",
        "province": "limbourg",
        "region": "flandre"
      }
    },
    {
      "type": "Feature",
      "geometry": {
        "type": "Point",
        "coordinates": [
          3.6694736,
          51.0214847
        ]
      },
      "properties": {
        "access": "yes",
        "boules": "petanque",
        "leisure": "pitch",
        "sport": "boules",
        "nearest_street": "Pastorijdreef",
        "commune": "Gent",
        "province": "flandre_orientale",
        "region": "flandre"
      }
    },
    {
      "type": "Feature",
      "geometry": {
        "type": "Point",
        "coordinates": [
          4.9031557,
          51.1671051
        ]
      },
      "properties": {
        "access": "yes",
        "leisure": "pitch",
        "sport": "boules",
        "nearest_street": "Keizershofstraat",
        "commune": "Olen",
        "province": "anvers",
        "region": "flandre"
      }
    },
    {
      "type": "Feature",
      "geometry": {
        "type": "Point",
        "coordinates": [
          3.6627262,
          50.9972604
        ]
      },
      "properties": {
        "leisure": "pitch",
        "lit": "yes",
        "sport": "boules",
        "surface": "compacted",
        "nearest_street": "Hendrik Consciencelaan",
        "commune": "De Pinte",
        "province": "flandre_orientale",
        "region": "flandre"
      }
    },
    {
      "type": "Feature",
      "geometry": {
        "type": "Point",
        "coordinates": [
          3.4358084,
          50.8793384
        ]
      },
      "properties": {
        "boules": "yes",
        "leisure": "pitch",
        "sport": "boules",
        "surface": "gravel",
        "nearest_street": "Drafstraat",
        "commune": "Waregem",
        "province": "flandre_occidentale",
        "region": "flandre"
      }
    },
    {
      "type": "Feature",
      "geometry": {
        "type": "Point",
        "coordinates": [
          6.0396958,
          50.6327203
        ]
      },
      "properties": {
        "boules": "petanque",
        "leisure": "pitch",
        "sport": "boules",
        "nearest_street": "Nispert",
        "commune": "Eupen",
        "province": "liege",
        "region": "wallonie"
      }
    },
    {
      "type": "Feature",
      "geometry": {
        "type": "Point",
        "coordinates": [
          2.8769938,
          50.7892028
        ]
      },
      "properties": {
        "leisure": "pitch",
        "lit": "no",
        "sport": "boules",
        "surface": "fine_gravel",
        "nearest_street": "Vierstraat",
        "commune": "Wijtschate",
        "province": "flandre_occidentale",
        "region": "flandre"
      }
    },
    {
      "type": "Feature",
      "geometry": {
        "type": "Point",
        "coordinates": [
          3.2335655,
          50.8068962
        ]
      },
      "properties": {
        "boules": "petanque",
        "leisure": "pitch",
        "sport": "boules",
        "nearest_street": null,
        "commune": "Kortrijk",
        "province": "flandre_occidentale",
        "region": "flandre"
      }
    },
    {
      "type": "Feature",
      "geometry": {
        "type": "Point",
        "coordinates": [
          4.9742052,
          51.1653091
        ]
      },
      "properties": {
        "leisure": "pitch",
        "sport": "boules",
        "nearest_street": "Elsumakker",
        "commune": "Geel",
        "province": "anvers",
        "region": "flandre"
      }
    },
    {
      "type": "Feature",
      "geometry": {
        "type": "Point",
        "coordinates": [
          3.2325048,
          50.7402252
        ]
      },
      "properties": {
        "leisure": "pitch",
        "sport": "boules",
        "nearest_street": "Rue du Village - Dorpstraat",
        "commune": "Mouscron",
        "province": "hainaut",
        "region": "wallonie"
      }
    },
    {
      "type": "Feature",
      "geometry": {
        "type": "Point",
        "coordinates": [
          3.17872,
          50.7629516
        ]
      },
      "properties": {
        "access": "customers",
        "boules": "petanque",
        "leisure": "pitch",
        "sport": "boules",
        "nearest_street": "Schelpenstraat",
        "commune": "Menen",
        "province": "flandre_occidentale",
        "region": "flandre"
      }
    },
    {
      "type": "Feature",
      "geometry": {
        "type": "Point",
        "coordinates": [
          3.1786932,
          50.7629349
        ]
      },
      "properties": {
        "access": "customers",
        "boules": "petanque",
        "leisure": "pitch",
        "sport": "boules",
        "nearest_street": "Schelpenstraat",
        "commune": "Menen",
        "province": "flandre_occidentale",
        "region": "flandre"
      }
    },
    {
      "type": "Feature",
      "geometry": {
        "type": "Point",
        "coordinates": [
          3.1786655,
          50.7629176
        ]
      },
      "properties": {
        "access": "customers",
        "boules": "petanque",
        "leisure": "pitch",
        "sport": "boules",
        "nearest_street": "Schelpenstraat",
        "commune": "Menen",
        "province": "flandre_occidentale",
        "region": "flandre"
      }
    },
    {
      "type": "Feature",
      "geometry": {
        "type": "Point",
        "coordinates": [
          4.8283137,
          50.5845554
        ]
      },
      "properties": {
        "building": "yes",
        "leisure": "pitch",
        "sport": "boules",
        "nearest_street": "Route de Perwez",
        "commune": "Eghezée",
        "province": "namur",
        "region": "wallonie"
      }
    },
    {
      "type": "Feature",
      "geometry": {
        "type": "Point",
        "coordinates": [
          3.1252346,
          50.7972831
        ]
      },
      "properties": {
        "boules": "petanque",
        "leisure": "pitch",
        "sport": "boules",
        "nearest_street": "Piketpoort",
        "commune": "Menen",
        "province": "flandre_occidentale",
        "region": "flandre"
      }
    },
    {
      "type": "Feature",
      "geometry": {
        "type": "Point",
        "coordinates": [
          3.1251039,
          50.7972277
        ]
      },
      "properties": {
        "boules": "petanque",
        "leisure": "pitch",
        "sport": "boules",
        "nearest_street": "Piketpoort",
        "commune": "Menen",
        "province": "flandre_occidentale",
        "region": "flandre"
      }
    },
    {
      "type": "Feature",
      "geometry": {
        "type": "Point",
        "coordinates": [
          4.9406394,
          50.5257089
        ]
      },
      "properties": {
        "boules": "petanque",
        "leisure": "pitch",
        "name": "La Boule qui March'O'Velette",
        "sport": "boules",
        "nearest_street": "Rue du Calvaire",
        "commune": "Marchovelette",
        "province": "namur",
        "region": "wallonie"
      }
    },
    {
      "type": "Feature",
      "geometry": {
        "type": "Point",
        "coordinates": [
          4.7180045,
          51.2083833
        ]
      },
      "properties": {
        "leisure": "pitch",
        "sport": "boules",
        "nearest_street": "Goudvinklaan",
        "commune": "Zandhoven",
        "province": "anvers",
        "region": "flandre"
      }
    },
    {
      "type": "Feature",
      "geometry": {
        "type": "Point",
        "coordinates": [
          3.6138984,
          51.0362148
        ]
      },
      "properties": {
        "leisure": "pitch",
        "sport": "boules",
        "nearest_street": "Elsakker",
        "commune": "Gent",
        "province": "flandre_orientale",
        "region": "flandre"
      }
    },
    {
      "type": "Feature",
      "geometry": {
        "type": "Point",
        "coordinates": [
          4.9017327,
          50.4957032
        ]
      },
      "properties": {
        "leisure": "pitch",
        "sport": "boules",
        "nearest_street": "Rue de la Jonquière",
        "commune": "Namur",
        "province": "namur",
        "region": "wallonie"
      }
    },
    {
      "type": "Feature",
      "geometry": {
        "type": "Point",
        "coordinates": [
          3.7316337,
          51.0726242
        ]
      },
      "properties": {
        "access": "yes",
        "boules": "petanque",
        "leisure": "pitch",
        "lit": "yes",
        "name": "Petanqueterrein Seniorenclubhuis Muide-Meulestede",
        "sport": "boules",
        "surface": "fine_gravel",
        "nearest_street": "Roerstraat",
        "commune": "Gent",
        "province": "flandre_orientale",
        "region": "flandre"
      }
    },
    {
      "type": "Feature",
      "geometry": {
        "type": "Point",
        "coordinates": [
          3.4036782,
          51.1454081
        ]
      },
      "properties": {
        "boules": "petanque",
        "leisure": "pitch",
        "sport": "boules",
        "surface": "compacted",
        "nearest_street": "Prinsengoeddreef",
        "commune": "Aalter",
        "province": "flandre_orientale",
        "region": "flandre"
      }
    },
    {
      "type": "Feature",
      "geometry": {
        "type": "Point",
        "coordinates": [
          3.1426301,
          51.3147511
        ]
      },
      "properties": {
        "access": "customers",
        "boules": "petanque",
        "leisure": "pitch",
        "operator": "De Bollaard",
        "sport": "boules",
        "nearest_street": "Koning Albert-I-laan",
        "commune": "Blankenberge",
        "province": "flandre_occidentale",
        "region": "flandre"
      }
    },
    {
      "type": "Feature",
      "geometry": {
        "type": "Point",
        "coordinates": [
          4.2251975,
          50.6673299
        ]
      },
      "properties": {
        "leisure": "pitch",
        "sport": "boules",
        "nearest_street": "Rue du Canal",
        "commune": "Tubize",
        "province": "brabant_wallon",
        "region": "wallonie"
      }
    },
    {
      "type": "Feature",
      "geometry": {
        "type": "Point",
        "coordinates": [
          3.1642287,
          50.7838831
        ]
      },
      "properties": {
        "boules": "petanque",
        "leisure": "pitch",
        "sport": "boules",
        "nearest_street": "Kommandant Vinckestraat",
        "commune": "Menen",
        "province": "flandre_occidentale",
        "region": "flandre"
      }
    },
    {
      "type": "Feature",
      "geometry": {
        "type": "Point",
        "coordinates": [
          4.1793879,
          50.8174054
        ]
      },
      "properties": {
        "boules": "petanque",
        "leisure": "pitch",
        "sport": "boules",
        "nearest_street": "Waterhoflaan",
        "commune": "Sint-Martens-Lennik",
        "province": "brabant_flamand",
        "region": "flandre"
      }
    },
    {
      "type": "Feature",
      "geometry": {
        "type": "Point",
        "coordinates": [
          4.1096735,
          50.8186815
        ]
      },
      "properties": {
        "boules": "petanque",
        "leisure": "pitch",
        "sport": "boules",
        "nearest_street": "Frans Van Cauwelaertstraat",
        "commune": "Onze-Lieve-Vrouw-Lombeek",
        "province": "brabant_flamand",
        "region": "flandre"
      }
    },
    {
      "type": "Feature",
      "geometry": {
        "type": "Point",
        "coordinates": [
          4.10965,
          50.8187325
        ]
      },
      "properties": {
        "boules": "petanque",
        "leisure": "pitch",
        "sport": "boules",
        "nearest_street": "Frans Van Cauwelaertstraat",
        "commune": "Onze-Lieve-Vrouw-Lombeek",
        "province": "brabant_flamand",
        "region": "flandre"
      }
    },
    {
      "type": "Feature",
      "geometry": {
        "type": "Point",
        "coordinates": [
          3.7293347,
          51.0297266
        ]
      },
      "properties": {
        "access": "yes",
        "boules": "petanque",
        "leisure": "pitch",
        "lit": "yes",
        "name": "Ruststraat Nieuw Gent",
        "sport": "boules",
        "surface": "compacted",
        "nearest_street": "Ruststraat",
        "commune": "Gent",
        "province": "flandre_orientale",
        "region": "flandre"
      }
    },
    {
      "type": "Feature",
      "geometry": {
        "type": "Point",
        "coordinates": [
          3.7299421,
          51.0300818
        ]
      },
      "properties": {
        "access": "yes",
        "boules": "petanque",
        "leisure": "pitch",
        "name": "Ottergemsesteenweg",
        "sport": "boules",
        "nearest_street": "Ottergemse Dries",
        "commune": "Gent",
        "province": "flandre_orientale",
        "region": "flandre"
      }
    },
    {
      "type": "Feature",
      "geometry": {
        "type": "Point",
        "coordinates": [
          4.2951067,
          50.818707
        ]
      },
      "properties": {
        "leisure": "pitch",
        "lit": "yes",
        "sport": "boules",
        "nearest_street": "Place Ministre Wauters - Minister Wautersplein",
        "commune": "Anderlecht",
        "province": null,
        "region": "bruxelles"
      }
    },
    {
      "type": "Feature",
      "geometry": {
        "type": "Point",
        "coordinates": [
          3.20562,
          50.7403654
        ]
      },
      "properties": {
        "boules": "petanque",
        "leisure": "pitch",
        "sport": "boules",
        "surface": "sand",
        "nearest_street": "Rue du Beau-Site - Beau-Sitestraat",
        "commune": "Mouscron",
        "province": "hainaut",
        "region": "wallonie"
      }
    },
    {
      "type": "Feature",
      "geometry": {
        "type": "Point",
        "coordinates": [
          3.2055932,
          50.7403659
        ]
      },
      "properties": {
        "boules": "petanque",
        "leisure": "pitch",
        "sport": "boules",
        "surface": "sand",
        "nearest_street": "Rue du Beau-Site - Beau-Sitestraat",
        "commune": "Mouscron",
        "province": "hainaut",
        "region": "wallonie"
      }
    },
    {
      "type": "Feature",
      "geometry": {
        "type": "Point",
        "coordinates": [
          3.7922361,
          50.9679119
        ]
      },
      "properties": {
        "access": "yes",
        "boules": "petanque",
        "leisure": "pitch",
        "lit": "no",
        "sport": "boules",
        "nearest_street": "Bakkerstraat",
        "commune": "Landskouter",
        "province": "flandre_orientale",
        "region": "flandre"
      }
    },
    {
      "type": "Feature",
      "geometry": {
        "type": "Point",
        "coordinates": [
          4.3899023,
          50.8430563
        ]
      },
      "properties": {
        "leisure": "pitch",
        "lit": "yes",
        "sport": "boules",
        "surface": "fine_gravel",
        "nearest_street": "Quartier des Squares - Wijk van de Squares",
        "commune": "Bruxelles - Brussel",
        "province": null,
        "region": "bruxelles"
      }
    },
    {
      "type": "Feature",
      "geometry": {
        "type": "Point",
        "coordinates": [
          4.2424359,
          51.0915841
        ]
      },
      "properties": {
        "boules": "petanque",
        "leisure": "pitch",
        "sport": "boules",
        "nearest_street": null,
        "commune": "Bornem",
        "province": "anvers",
        "region": "flandre"
      }
    },
    {
      "type": "Feature",
      "geometry": {
        "type": "Point",
        "coordinates": [
          4.4226493,
          51.2022226
        ]
      },
      "properties": {
        "boules": "petanque",
        "leisure": "pitch",
        "lit": "yes",
        "sport": "boules",
        "surface": "fine_gravel",
        "nearest_street": "Jules Bordetstraat",
        "commune": "Antwerpen",
        "province": "anvers",
        "region": "flandre"
      }
    },
    {
      "type": "Feature",
      "geometry": {
        "type": "Point",
        "coordinates": [
          4.1090433,
          51.0147956
        ]
      },
      "properties": {
        "leisure": "pitch",
        "sport": "boules",
        "nearest_street": "Burgemeester Paul Hendrickxplein",
        "commune": "Dendermonde",
        "province": "flandre_orientale",
        "region": "flandre"
      }
    },
    {
      "type": "Feature",
      "geometry": {
        "type": "Point",
        "coordinates": [
          4.6169309,
          50.4144303
        ]
      },
      "properties": {
        "leisure": "pitch",
        "sport": "boules",
        "nearest_street": "Sentier vicinal n°34 de Falisolle",
        "commune": "Sambreville",
        "province": "namur",
        "region": "wallonie"
      }
    },
    {
      "type": "Feature",
      "geometry": {
        "type": "Point",
        "coordinates": [
          4.1111608,
          51.0139525
        ]
      },
      "properties": {
        "leisure": "pitch",
        "sport": "boules",
        "nearest_street": "Leliënlaan",
        "commune": "Dendermonde",
        "province": "flandre_orientale",
        "region": "flandre"
      }
    },
    {
      "type": "Feature",
      "geometry": {
        "type": "Point",
        "coordinates": [
          3.5179651,
          50.9650476
        ]
      },
      "properties": {
        "access": "private",
        "boules": "petanque",
        "description": "privé multifunctioneel veld",
        "leisure": "pitch",
        "lit": "no",
        "sport": "boules",
        "nearest_street": "Sint-Hubertstraat",
        "commune": "Deinze",
        "province": "flandre_orientale",
        "region": "flandre"
      }
    },
    {
      "type": "Feature",
      "geometry": {
        "type": "Point",
        "coordinates": [
          3.4002938,
          50.7716919
        ]
      },
      "properties": {
        "leisure": "pitch",
        "sport": "boules",
        "nearest_street": "Sportstraat",
        "commune": "Moen",
        "province": "flandre_occidentale",
        "region": "flandre"
      }
    },
    {
      "type": "Feature",
      "geometry": {
        "type": "Point",
        "coordinates": [
          4.4427692,
          51.2117452
        ]
      },
      "properties": {
        "boules": "petanque",
        "leisure": "pitch",
        "sport": "boules",
        "nearest_street": "Fonteinstraat",
        "commune": "Antwerpen",
        "province": "anvers",
        "region": "flandre"
      }
    },
    {
      "type": "Feature",
      "geometry": {
        "type": "Point",
        "coordinates": [
          4.4713402,
          51.2176894
        ]
      },
      "properties": {
        "leisure": "pitch",
        "lit": "no",
        "name": "Petanquevelden",
        "sport": "boules",
        "surface": "fine_gravel",
        "nearest_street": null,
        "commune": "Antwerpen",
        "province": "anvers",
        "region": "flandre"
      }
    },
    {
      "type": "Feature",
      "geometry": {
        "type": "Point",
        "coordinates": [
          3.1150149,
          50.9664743
        ]
      },
      "properties": {
        "leisure": "pitch",
        "sport": "boules",
        "nearest_street": "Volmolenstraat",
        "commune": "Roeselare",
        "province": "flandre_occidentale",
        "region": "flandre"
      }
    },
    {
      "type": "Feature",
      "geometry": {
        "type": "Point",
        "coordinates": [
          3.1066803,
          50.9656915
        ]
      },
      "properties": {
        "leisure": "pitch",
        "sport": "boules",
        "nearest_street": "De Gotelaar",
        "commune": "Roeselare",
        "province": "flandre_occidentale",
        "region": "flandre"
      }
    },
    {
      "type": "Feature",
      "geometry": {
        "type": "Point",
        "coordinates": [
          3.6326202,
          50.8660086
        ]
      },
      "properties": {
        "access": "permissive",
        "boules": "petanque",
        "leisure": "pitch",
        "operator": "Okra",
        "sport": "boules",
        "nearest_street": null,
        "commune": "Oudenaarde",
        "province": "flandre_orientale",
        "region": "flandre"
      }
    },
    {
      "type": "Feature",
      "geometry": {
        "type": "Point",
        "coordinates": [
          4.9502567,
          50.9754347
        ]
      },
      "properties": {
        "leisure": "pitch",
        "sport": "boules",
        "nearest_street": "Demerlaan",
        "commune": "Schoonderbuken",
        "province": "brabant_flamand",
        "region": "flandre"
      }
    },
    {
      "type": "Feature",
      "geometry": {
        "type": "Point",
        "coordinates": [
          4.8907907,
          50.6910975
        ]
      },
      "properties": {
        "access": "yes",
        "leisure": "pitch",
        "sport": "boules",
        "surface": "gravel",
        "nearest_street": "Rue du Ruisseau Saint-Jean",
        "commune": "Huppaye",
        "province": "brabant_wallon",
        "region": "wallonie"
      }
    },
    {
      "type": "Feature",
      "geometry": {
        "type": "Point",
        "coordinates": [
          5.6518218,
          51.0749508
        ]
      },
      "properties": {
        "leisure": "pitch",
        "lit": "no",
        "sport": "boules",
        "surface": "sand",
        "nearest_street": "Taglandstraat",
        "commune": "Maaseik",
        "province": "limbourg",
        "region": "flandre"
      }
    },
    {
      "type": "Feature",
      "geometry": {
        "type": "Point",
        "coordinates": [
          5.6516662,
          51.0750933
        ]
      },
      "properties": {
        "leisure": "pitch",
        "lit": "no",
        "sport": "boules",
        "surface": "compacted",
        "nearest_street": "Taglandstraat",
        "commune": "Maaseik",
        "province": "limbourg",
        "region": "flandre"
      }
    },
    {
      "type": "Feature",
      "geometry": {
        "type": "Point",
        "coordinates": [
          3.3372804,
          51.0312744
        ]
      },
      "properties": {
        "access": "yes",
        "boules": "petanque",
        "covered": "yes",
        "leisure": "pitch",
        "sport": "boules",
        "nearest_street": "Brouwerijstraat",
        "commune": "Tielt",
        "province": "flandre_occidentale",
        "region": "flandre"
      }
    },
    {
      "type": "Feature",
      "geometry": {
        "type": "Point",
        "coordinates": [
          5.3220801,
          50.9095311
        ]
      },
      "properties": {
        "leisure": "pitch",
        "sport": "boules",
        "surface": "compacted",
        "nearest_street": "Brigandsstraat",
        "commune": "Hasselt",
        "province": "limbourg",
        "region": "flandre"
      }
    },
    {
      "type": "Feature",
      "geometry": {
        "type": "Point",
        "coordinates": [
          3.1625805,
          50.7866669
        ]
      },
      "properties": {
        "boules": "petanque",
        "leisure": "pitch",
        "sport": "boules",
        "nearest_street": "Kasteeldreef",
        "commune": "Menen",
        "province": "flandre_occidentale",
        "region": "flandre"
      }
    },
    {
      "type": "Feature",
      "geometry": {
        "type": "Point",
        "coordinates": [
          3.1625596,
          50.7866878
        ]
      },
      "properties": {
        "boules": "petanque",
        "leisure": "pitch",
        "sport": "boules",
        "nearest_street": "Kasteeldreef",
        "commune": "Menen",
        "province": "flandre_occidentale",
        "region": "flandre"
      }
    },
    {
      "type": "Feature",
      "geometry": {
        "type": "Point",
        "coordinates": [
          3.3262837,
          50.9900442
        ]
      },
      "properties": {
        "leisure": "pitch",
        "sport": "boules",
        "nearest_street": "Pieter Simonsstraat",
        "commune": "Tielt",
        "province": "flandre_occidentale",
        "region": "flandre"
      }
    },
    {
      "type": "Feature",
      "geometry": {
        "type": "Point",
        "coordinates": [
          3.398303,
          51.0137219
        ]
      },
      "properties": {
        "leisure": "pitch",
        "lit": "no",
        "source:geometry:date": "2014-10-02",
        "source:geometry:ref": "Gbg/4844674",
        "sport": "boules",
        "surface": "grass",
        "nearest_street": "Sint-Bavostraat",
        "commune": "Tielt",
        "province": "flandre_occidentale",
        "region": "flandre"
      }
    },
    {
      "type": "Feature",
      "geometry": {
        "type": "Point",
        "coordinates": [
          5.1632282,
          51.0375631
        ]
      },
      "properties": {
        "leisure": "pitch",
        "sport": "boules",
        "nearest_street": "Schaffensesteenweg",
        "commune": "Beringen",
        "province": "limbourg",
        "region": "flandre"
      }
    },
    {
      "type": "Feature",
      "geometry": {
        "type": "Point",
        "coordinates": [
          4.9200755,
          51.10607
        ]
      },
      "properties": {
        "boules": "petanque",
        "leisure": "pitch",
        "lit": "no",
        "sport": "boules",
        "surface": "compacted",
        "nearest_street": "Elf-Julilaan",
        "commune": "Westerlo",
        "province": "anvers",
        "region": "flandre"
      }
    },
    {
      "type": "Feature",
      "geometry": {
        "type": "Point",
        "coordinates": [
          4.9163231,
          51.1045706
        ]
      },
      "properties": {
        "access": "yes",
        "boules": "petanque",
        "fee": "no",
        "leisure": "pitch",
        "sport": "boules",
        "surface": "fine_gravel",
        "nearest_street": "Elf-Julilaan",
        "commune": "Westerlo",
        "province": "anvers",
        "region": "flandre"
      }
    },
    {
      "type": "Feature",
      "geometry": {
        "type": "Point",
        "coordinates": [
          3.1251774,
          50.9310276
        ]
      },
      "properties": {
        "leisure": "pitch",
        "sport": "boules",
        "nearest_street": "Stormstraat",
        "commune": "Roeselare",
        "province": "flandre_occidentale",
        "region": "flandre"
      }
    },
    {
      "type": "Feature",
      "geometry": {
        "type": "Point",
        "coordinates": [
          5.2257615,
          51.0919038
        ]
      },
      "properties": {
        "leisure": "pitch",
        "sport": "boules",
        "nearest_street": "Molenaarstraat",
        "commune": "Beringen",
        "province": "limbourg",
        "region": "flandre"
      }
    },
    {
      "type": "Feature",
      "geometry": {
        "type": "Point",
        "coordinates": [
          3.1078112,
          50.9506392
        ]
      },
      "properties": {
        "leisure": "pitch",
        "sport": "boules",
        "nearest_street": "Infanteriestraat",
        "commune": "Roeselare",
        "province": "flandre_occidentale",
        "region": "flandre"
      }
    },
    {
      "type": "Feature",
      "geometry": {
        "type": "Point",
        "coordinates": [
          4.9455094,
          51.3149095
        ]
      },
      "properties": {
        "boules": "petanque",
        "leisure": "pitch",
        "sport": "boules",
        "nearest_street": "Schildershof",
        "commune": "Turnhout",
        "province": "anvers",
        "region": "flandre"
      }
    },
    {
      "type": "Feature",
      "geometry": {
        "type": "Point",
        "coordinates": [
          4.9455582,
          51.314791
        ]
      },
      "properties": {
        "boules": "petanque",
        "leisure": "pitch",
        "sport": "boules",
        "nearest_street": "Schildershof",
        "commune": "Turnhout",
        "province": "anvers",
        "region": "flandre"
      }
    },
    {
      "type": "Feature",
      "geometry": {
        "type": "Point",
        "coordinates": [
          5.2814901,
          51.0117125
        ]
      },
      "properties": {
        "leisure": "pitch",
        "sport": "boules",
        "nearest_street": "Boekt",
        "commune": "Zolder",
        "province": "limbourg",
        "region": "flandre"
      }
    },
    {
      "type": "Feature",
      "geometry": {
        "type": "Point",
        "coordinates": [
          3.3603741,
          50.8821652
        ]
      },
      "properties": {
        "leisure": "pitch",
        "name": "Petanque Plein Rondenbachwijk",
        "sport": "boules",
        "nearest_street": "Albrecht Rodenbachwijk",
        "commune": "Waregem",
        "province": "flandre_occidentale",
        "region": "flandre"
      }
    },
    {
      "type": "Feature",
      "geometry": {
        "type": "Point",
        "coordinates": [
          4.8916433,
          50.6928917
        ]
      },
      "properties": {
        "leisure": "pitch",
        "sport": "boules",
        "nearest_street": "Rue de Fauconval",
        "commune": "Huppaye",
        "province": "brabant_wallon",
        "region": "wallonie"
      }
    },
    {
      "type": "Feature",
      "geometry": {
        "type": "Point",
        "coordinates": [
          3.1858303,
          50.7919962
        ]
      },
      "properties": {
        "boules": "petanque",
        "leisure": "pitch",
        "sport": "boules",
        "nearest_street": "Lauwe",
        "commune": "Lauwe",
        "province": "flandre_occidentale",
        "region": "flandre"
      }
    },
    {
      "type": "Feature",
      "geometry": {
        "type": "Point",
        "coordinates": [
          3.1857875,
          50.7919919
        ]
      },
      "properties": {
        "boules": "petanque",
        "leisure": "pitch",
        "sport": "boules",
        "nearest_street": "Lauwe",
        "commune": "Lauwe",
        "province": "flandre_occidentale",
        "region": "flandre"
      }
    },
    {
      "type": "Feature",
      "geometry": {
        "type": "Point",
        "coordinates": [
          4.2218238,
          51.0936254
        ]
      },
      "properties": {
        "boules": "petanque",
        "leisure": "pitch",
        "sport": "boules",
        "nearest_street": "Oudedreef",
        "commune": "Bornem",
        "province": "anvers",
        "region": "flandre"
      }
    },
    {
      "type": "Feature",
      "geometry": {
        "type": "Point",
        "coordinates": [
          4.3239291,
          50.8247361
        ]
      },
      "properties": {
        "leisure": "pitch",
        "lit": "no",
        "sport": "boules",
        "surface": "compacted",
        "nearest_street": "Rue Saint-Denis - Sint-Denijsstraat",
        "commune": "Forest - Vorst",
        "province": null,
        "region": "bruxelles"
      }
    },
    {
      "type": "Feature",
      "geometry": {
        "type": "Point",
        "coordinates": [
          4.9110074,
          50.9398705
        ]
      },
      "properties": {
        "leisure": "pitch",
        "sport": "boules",
        "nearest_street": "Heuvelspanzeel",
        "commune": "Tielt",
        "province": "brabant_flamand",
        "region": "flandre"
      }
    },
    {
      "type": "Feature",
      "geometry": {
        "type": "Point",
        "coordinates": [
          3.1601051,
          51.2675876
        ]
      },
      "properties": {
        "access": "customers",
        "leisure": "pitch",
        "operator": "De Noorddijk",
        "sport": "boules",
        "nearest_street": "Blankenbergse Dijk Noord",
        "commune": "Zuienkerke",
        "province": "flandre_occidentale",
        "region": "flandre"
      }
    },
    {
      "type": "Feature",
      "geometry": {
        "type": "Point",
        "coordinates": [
          3.2230425,
          51.217598
        ]
      },
      "properties": {
        "leisure": "pitch",
        "sport": "boules",
        "nearest_street": "James Wealestraat",
        "commune": "Brugge",
        "province": "flandre_occidentale",
        "region": "flandre"
      }
    },
    {
      "type": "Feature",
      "geometry": {
        "type": "Point",
        "coordinates": [
          5.5093566,
          50.9841952
        ]
      },
      "properties": {
        "leisure": "pitch",
        "sport": "boules",
        "surface": "fine_gravel",
        "nearest_street": "Waterschei",
        "commune": "Genk",
        "province": "limbourg",
        "region": "flandre"
      }
    },
    {
      "type": "Feature",
      "geometry": {
        "type": "Point",
        "coordinates": [
          4.2741536,
          50.6748105
        ]
      },
      "properties": {
        "lanes": "4",
        "leisure": "pitch",
        "lit": "no",
        "sport": "boules",
        "surface": "fine_gravel",
        "nearest_street": "Vieux Chemin de Nivelles",
        "commune": "Braine-le-Château",
        "province": "brabant_wallon",
        "region": "wallonie"
      }
    },
    {
      "type": "Feature",
      "geometry": {
        "type": "Point",
        "coordinates": [
          3.8052841,
          50.6158547
        ]
      },
      "properties": {
        "leisure": "pitch",
        "sport": "boules",
        "nearest_street": "Rue de l'Académie",
        "commune": "Ath",
        "province": "hainaut",
        "region": "wallonie"
      }
    },
    {
      "type": "Feature",
      "geometry": {
        "type": "Point",
        "coordinates": [
          4.2601574,
          50.8897314
        ]
      },
      "properties": {
        "access": "yes",
        "addr:city": "Zellik",
        "addr:housenumber": "5",
        "addr:postcode": "1731",
        "addr:street": "Molenweg",
        "boules": "petanque",
        "covered": "no",
        "description": "Local petanque field for the two surrounding streets to enjoy.",
        "fee": "no",
        "indoor": "no",
        "leisure": "pitch",
        "lit": "no",
        "name": "Petanque molenweg",
        "sport": "boules",
        "surface": "grass",
        "nearest_street": "Molenweg",
        "commune": "Asse",
        "province": "brabant_flamand",
        "region": "flandre"
      }
    },
    {
      "type": "Feature",
      "geometry": {
        "type": "Point",
        "coordinates": [
          4.2683399,
          50.8822845
        ]
      },
      "properties": {
        "access": "permissive",
        "boules": "petanque",
        "covered": "no",
        "fee": "no",
        "indoor": "no",
        "leisure": "pitch",
        "lit": "no",
        "name": "Petanque Puratos",
        "sport": "boules",
        "surface": "gravel",
        "nearest_street": "Molenbeekdal",
        "commune": "Asse",
        "province": "brabant_flamand",
        "region": "flandre"
      }
    },
    {
      "type": "Feature",
      "geometry": {
        "type": "Point",
        "coordinates": [
          3.7276196,
          51.0668827
        ]
      },
      "properties": {
        "leisure": "pitch",
        "sport": "boules",
        "nearest_street": "Hugo Van der Goesstraat",
        "commune": "Gent",
        "province": "flandre_orientale",
        "region": "flandre"
      }
    },
    {
      "type": "Feature",
      "geometry": {
        "type": "Point",
        "coordinates": [
          4.3555066,
          50.8993751
        ]
      },
      "properties": {
        "leisure": "pitch",
        "lit": "yes",
        "sport": "boules",
        "surface": "compacted",
        "nearest_street": "Avenue du Forum - Forumlaan",
        "commune": "Bruxelles - Brussel",
        "province": null,
        "region": "bruxelles"
      }
    },
    {
      "type": "Feature",
      "geometry": {
        "type": "Point",
        "coordinates": [
          4.6541159,
          50.6090996
        ]
      },
      "properties": {
        "boules": "petanque",
        "leisure": "pitch",
        "sport": "boules",
        "nearest_street": "Grand'Rue",
        "commune": "Walhain-Saint-Paul",
        "province": "brabant_wallon",
        "region": "wallonie"
      }
    },
    {
      "type": "Feature",
      "geometry": {
        "type": "Point",
        "coordinates": [
          3.4562316,
          51.0503111
        ]
      },
      "properties": {
        "boules": "petanque",
        "leisure": "pitch",
        "sport": "boules",
        "nearest_street": "Sperrestraat",
        "commune": "Aalter",
        "province": "flandre_orientale",
        "region": "flandre"
      }
    },
    {
      "type": "Feature",
      "geometry": {
        "type": "Point",
        "coordinates": [
          3.7750866,
          51.0414437
        ]
      },
      "properties": {
        "leisure": "pitch",
        "sport": "boules",
        "nearest_street": "Hoogoeverstraat",
        "commune": "Gent",
        "province": "flandre_orientale",
        "region": "flandre"
      }
    },
    {
      "type": "Feature",
      "geometry": {
        "type": "Point",
        "coordinates": [
          3.8679181,
          50.4425167
        ]
      },
      "properties": {
        "leisure": "pitch",
        "sport": "boules",
        "surface": "fine_gravel",
        "nearest_street": "Place Nicolas Jenart",
        "commune": "Quaregnon",
        "province": "hainaut",
        "region": "wallonie"
      }
    },
    {
      "type": "Feature",
      "geometry": {
        "type": "Point",
        "coordinates": [
          3.8680883,
          50.442527
        ]
      },
      "properties": {
        "leisure": "pitch",
        "sport": "boules",
        "surface": "fine_gravel",
        "nearest_street": "Place Nicolas Jenart",
        "commune": "Quaregnon",
        "province": "hainaut",
        "region": "wallonie"
      }
    },
    {
      "type": "Feature",
      "geometry": {
        "type": "Point",
        "coordinates": [
          4.0304924,
          51.1768594
        ]
      },
      "properties": {
        "leisure": "pitch",
        "sport": "boules",
        "nearest_street": "Goed dreef",
        "commune": "Sinaai",
        "province": "flandre_orientale",
        "region": "flandre"
      }
    },
    {
      "type": "Feature",
      "geometry": {
        "type": "Point",
        "coordinates": [
          4.0304605,
          51.1770054
        ]
      },
      "properties": {
        "leisure": "pitch",
        "sport": "boules",
        "nearest_street": "Goed dreef",
        "commune": "Sint-Niklaas",
        "province": "flandre_orientale",
        "region": "flandre"
      }
    },
    {
      "type": "Feature",
      "geometry": {
        "type": "Point",
        "coordinates": [
          5.9859593,
          50.6607165
        ]
      },
      "properties": {
        "access": "yes",
        "leisure": "pitch",
        "name": "Boule | Pétanque",
        "sport": "boules",
        "nearest_street": "Kirchstraße",
        "commune": "Lontzen",
        "province": "liege",
        "region": "wallonie"
      }
    },
    {
      "type": "Feature",
      "geometry": {
        "type": "Point",
        "coordinates": [
          3.133768,
          51.3168673
        ]
      },
      "properties": {
        "boules": "petanque",
        "leisure": "pitch",
        "lit": "no",
        "sport": "boules",
        "surface": "pebblestone",
        "nearest_street": "Graaf Jansdijk",
        "commune": "Blankenberge",
        "province": "flandre_occidentale",
        "region": "flandre"
      }
    },
    {
      "type": "Feature",
      "geometry": {
        "type": "Point",
        "coordinates": [
          4.3593598,
          50.8994139
        ]
      },
      "properties": {
        "boules": "yes",
        "leisure": "pitch",
        "sport": "boules",
        "surface": "fine_gravel",
        "nearest_street": "Avenue Wannecouter - Wannekouterlaan",
        "commune": "Bruxelles - Brussel",
        "province": null,
        "region": "bruxelles"
      }
    },
    {
      "type": "Feature",
      "geometry": {
        "type": "Point",
        "coordinates": [
          3.7161348,
          50.9970991
        ]
      },
      "properties": {
        "access": "yes",
        "boules": "petanque",
        "leisure": "pitch",
        "name": "Petanqueterrein Hondelee Zwijnaarde",
        "sport": "boules",
        "nearest_street": "Hondelee",
        "commune": "Gent",
        "province": "flandre_orientale",
        "region": "flandre"
      }
    },
    {
      "type": "Feature",
      "geometry": {
        "type": "Point",
        "coordinates": [
          5.2760581,
          50.9496738
        ]
      },
      "properties": {
        "leisure": "pitch",
        "sport": "boules",
        "nearest_street": "Roverstraat",
        "commune": "Hasselt",
        "province": "limbourg",
        "region": "flandre"
      }
    },
    {
      "type": "Feature",
      "geometry": {
        "type": "Point",
        "coordinates": [
          3.2358882,
          51.2179318
        ]
      },
      "properties": {
        "leisure": "pitch",
        "sport": "boules",
        "nearest_street": "Papegaaistraat",
        "commune": "Brugge",
        "province": "flandre_occidentale",
        "region": "flandre"
      }
    },
    {
      "type": "Feature",
      "geometry": {
        "type": "Point",
        "coordinates": [
          2.7461243,
          51.1446571
        ]
      },
      "properties": {
        "leisure": "pitch",
        "lit": "yes",
        "sport": "boules",
        "surface": "compacted",
        "nearest_street": "Halvemaanstraat",
        "commune": "Nieuwpoort",
        "province": "flandre_occidentale",
        "region": "flandre"
      }
    },
    {
      "type": "Feature",
      "geometry": {
        "type": "Point",
        "coordinates": [
          4.1637139,
          50.8720421
        ]
      },
      "properties": {
        "leisure": "pitch",
        "sport": "boules",
        "nearest_street": "Pieter Breugellaan",
        "commune": "Ternat",
        "province": "brabant_flamand",
        "region": "flandre"
      }
    },
    {
      "type": "Feature",
      "geometry": {
        "type": "Point",
        "coordinates": [
          4.1553046,
          50.8740224
        ]
      },
      "properties": {
        "leisure": "pitch",
        "sport": "boules",
        "nearest_street": "Processiestraat",
        "commune": "Ternat",
        "province": "brabant_flamand",
        "region": "flandre"
      }
    },
    {
      "type": "Feature",
      "geometry": {
        "type": "Point",
        "coordinates": [
          4.1784565,
          50.8709508
        ]
      },
      "properties": {
        "boules": "petanque",
        "leisure": "pitch",
        "sport": "boules",
        "nearest_street": "Marktplein",
        "commune": "Ternat",
        "province": "brabant_flamand",
        "region": "flandre"
      }
    },
    {
      "type": "Feature",
      "geometry": {
        "type": "Point",
        "coordinates": [
          4.1784455,
          50.8709214
        ]
      },
      "properties": {
        "boules": "petanque",
        "leisure": "pitch",
        "sport": "boules",
        "nearest_street": "Marktplein",
        "commune": "Ternat",
        "province": "brabant_flamand",
        "region": "flandre"
      }
    },
    {
      "type": "Feature",
      "geometry": {
        "type": "Point",
        "coordinates": [
          3.1251055,
          51.307117
        ]
      },
      "properties": {
        "access": "customers",
        "boules": "petanque",
        "leisure": "pitch",
        "operator": "AZ Zeno",
        "sport": "boules",
        "nearest_street": "Luggevoordestraat",
        "commune": "Blankenberge",
        "province": "flandre_occidentale",
        "region": "flandre"
      }
    },
    {
      "type": "Feature",
      "geometry": {
        "type": "Point",
        "coordinates": [
          5.4468849,
          50.9177192
        ]
      },
      "properties": {
        "leisure": "pitch",
        "sport": "boules",
        "nearest_street": "Onze-Lieve-Vrouwstraat",
        "commune": "Diepenbeek",
        "province": "limbourg",
        "region": "flandre"
      }
    },
    {
      "type": "Feature",
      "geometry": {
        "type": "Point",
        "coordinates": [
          5.5063708,
          50.1000214
        ]
      },
      "properties": {
        "leisure": "pitch",
        "sport": "boules",
        "nearest_street": null,
        "commune": "Champlon",
        "province": "luxembourg",
        "region": "wallonie"
      }
    },
    {
      "type": "Feature",
      "geometry": {
        "type": "Point",
        "coordinates": [
          2.8742129,
          50.8475707
        ]
      },
      "properties": {
        "leisure": "pitch",
        "sport": "boules",
        "nearest_street": "Narcissenlaan",
        "commune": "Ieper",
        "province": "flandre_occidentale",
        "region": "flandre"
      }
    },
    {
      "type": "Feature",
      "geometry": {
        "type": "Point",
        "coordinates": [
          3.7255486,
          51.0183049
        ]
      },
      "properties": {
        "access": "yes",
        "boules": "petanque",
        "leisure": "pitch",
        "sport": "boules",
        "nearest_street": "Muilaardstraat",
        "commune": "Gent",
        "province": "flandre_orientale",
        "region": "flandre"
      }
    },
    {
      "type": "Feature",
      "geometry": {
        "type": "Point",
        "coordinates": [
          4.410035,
          50.8063026
        ]
      },
      "properties": {
        "leisure": "pitch",
        "sport": "boules",
        "nearest_street": "Avenue Léopold Wiener - Léopold Wienerlaan",
        "commune": "Watermael-Boitsfort - Watermaal-Bosvoorde",
        "province": null,
        "region": "bruxelles"
      }
    },
    {
      "type": "Feature",
      "geometry": {
        "type": "Point",
        "coordinates": [
          3.9767824,
          51.0019036
        ]
      },
      "properties": {
        "boules": "petanque",
        "leisure": "pitch",
        "lit": "no",
        "sport": "boules",
        "surface": "compacted",
        "nearest_street": "Buurthuiswegel",
        "commune": "Wichelen",
        "province": "flandre_orientale",
        "region": "flandre"
      }
    },
    {
      "type": "Feature",
      "geometry": {
        "type": "Point",
        "coordinates": [
          3.2311232,
          50.9213539
        ]
      },
      "properties": {
        "boules": "petanque",
        "leisure": "pitch",
        "name": "Petanqueclub",
        "sport": "boules",
        "nearest_street": "Emelgemseplein",
        "commune": "Izegem",
        "province": "flandre_occidentale",
        "region": "flandre"
      }
    },
    {
      "type": "Feature",
      "geometry": {
        "type": "Point",
        "coordinates": [
          3.7071998,
          51.0296276
        ]
      },
      "properties": {
        "access": "yes",
        "boules": "petanque",
        "leisure": "pitch",
        "lit": "yes",
        "sport": "boules",
        "nearest_street": "Flamingostraat",
        "commune": "Gent",
        "province": "flandre_orientale",
        "region": "flandre"
      }
    },
    {
      "type": "Feature",
      "geometry": {
        "type": "Point",
        "coordinates": [
          5.2732398,
          50.2454833
        ]
      },
      "properties": {
        "leisure": "pitch",
        "sport": "boules",
        "nearest_street": "Rue de Serinchamps",
        "commune": "Hogne",
        "province": "namur",
        "region": "wallonie"
      }
    },
    {
      "type": "Feature",
      "geometry": {
        "type": "Point",
        "coordinates": [
          3.6930227,
          51.0369318
        ]
      },
      "properties": {
        "access": "yes",
        "boules": "petanque",
        "leisure": "pitch",
        "lit": "no",
        "sport": "boules",
        "surface": "fine_gravel",
        "nearest_street": "Stormvogelstraat",
        "commune": "Gent",
        "province": "flandre_orientale",
        "region": "flandre"
      }
    },
    {
      "type": "Feature",
      "geometry": {
        "type": "Point",
        "coordinates": [
          4.5246413,
          51.1753407
        ]
      },
      "properties": {
        "boules": "petanque",
        "leisure": "pitch",
        "sport": "boules",
        "nearest_street": "Boomkensstraat",
        "commune": "Boechout",
        "province": "anvers",
        "region": "flandre"
      }
    },
    {
      "type": "Feature",
      "geometry": {
        "type": "Point",
        "coordinates": [
          3.6740755,
          51.0752928
        ]
      },
      "properties": {
        "access": "yes",
        "boules": "petanque",
        "description": "2 banen",
        "leisure": "pitch",
        "sport": "boules",
        "nearest_street": "Kasteeldreef",
        "commune": "Gent",
        "province": "flandre_orientale",
        "region": "flandre"
      }
    },
    {
      "type": "Feature",
      "geometry": {
        "type": "Point",
        "coordinates": [
          3.6738126,
          51.0753062
        ]
      },
      "properties": {
        "access": "customers",
        "boules": "petanque",
        "description": "2 banen",
        "leisure": "pitch",
        "sport": "boules",
        "nearest_street": "Kasteeldreef",
        "commune": "Gent",
        "province": "flandre_orientale",
        "region": "flandre"
      }
    },
    {
      "type": "Feature",
      "geometry": {
        "type": "Point",
        "coordinates": [
          3.6737328,
          51.0753846
        ]
      },
      "properties": {
        "access": "customers",
        "description": "2 banen",
        "indoor": "yes",
        "leisure": "pitch",
        "lit": "yes",
        "note": "https://stad.gent/sport2/waar-kan-ik-sporten/openluchtaccommodatie-claeys-bou%C3%BCaert/petanquebaan",
        "sport": "boules",
        "nearest_street": "Kasteeldreef",
        "commune": "Gent",
        "province": "flandre_orientale",
        "region": "flandre"
      }
    },
    {
      "type": "Feature",
      "geometry": {
        "type": "Point",
        "coordinates": [
          4.2443735,
          50.7311988
        ]
      },
      "properties": {
        "leisure": "pitch",
        "sport": "boules",
        "nearest_street": "Joseph Petrestraat",
        "commune": "Halle",
        "province": "brabant_flamand",
        "region": "flandre"
      }
    },
    {
      "type": "Feature",
      "geometry": {
        "type": "Point",
        "coordinates": [
          4.0668165,
          50.4742015
        ]
      },
      "properties": {
        "access": "yes",
        "boules": "petanque",
        "leisure": "pitch",
        "lit": "no",
        "sport": "boules",
        "surface": "sand",
        "nearest_street": "Pont George Lawrence Price",
        "commune": "Ville-sur-Haine",
        "province": "hainaut",
        "region": "wallonie"
      }
    },
    {
      "type": "Feature",
      "geometry": {
        "type": "Point",
        "coordinates": [
          4.633223,
          51.1117304
        ]
      },
      "properties": {
        "boules": "petanque",
        "leisure": "pitch",
        "sport": "boules",
        "nearest_street": "Bossen",
        "commune": "Berlaar",
        "province": "anvers",
        "region": "flandre"
      }
    },
    {
      "type": "Feature",
      "geometry": {
        "type": "Point",
        "coordinates": [
          4.6677101,
          51.118313
        ]
      },
      "properties": {
        "boules": "petanque",
        "leisure": "pitch",
        "sport": "boules",
        "nearest_street": "Pastorijstraat",
        "commune": "Berlaar",
        "province": "anvers",
        "region": "flandre"
      }
    },
    {
      "type": "Feature",
      "geometry": {
        "type": "Point",
        "coordinates": [
          4.2032007,
          51.0762346
        ]
      },
      "properties": {
        "boules": "petanque",
        "leisure": "pitch",
        "sport": "boules",
        "nearest_street": "Buizerdlaan",
        "commune": "Bornem",
        "province": "anvers",
        "region": "flandre"
      }
    },
    {
      "type": "Feature",
      "geometry": {
        "type": "Point",
        "coordinates": [
          3.7087063,
          51.0406841
        ]
      },
      "properties": {
        "access": "yes",
        "boules": "petanque",
        "leisure": "pitch",
        "lit": "no",
        "sport": "boules",
        "surface": "compacted",
        "nearest_street": "Handbalstraat",
        "commune": "Gent",
        "province": "flandre_orientale",
        "region": "flandre"
      }
    },
    {
      "type": "Feature",
      "geometry": {
        "type": "Point",
        "coordinates": [
          3.3666295,
          50.5467669
        ]
      },
      "properties": {
        "leisure": "pitch",
        "sport": "boules",
        "nearest_street": "Rue de la Place",
        "commune": "Guignies",
        "province": "hainaut",
        "region": "wallonie"
      }
    },
    {
      "type": "Feature",
      "geometry": {
        "type": "Point",
        "coordinates": [
          3.6146467,
          51.0528647
        ]
      },
      "properties": {
        "access": "yes",
        "boules": "petanque",
        "leisure": "pitch",
        "sport": "boules",
        "nearest_street": "Adolf Lootensstraat",
        "commune": "Gent",
        "province": "flandre_orientale",
        "region": "flandre"
      }
    },
    {
      "type": "Feature",
      "geometry": {
        "type": "Point",
        "coordinates": [
          4.4344799,
          51.2167058
        ]
      },
      "properties": {
        "boules": "petanque",
        "leisure": "pitch",
        "lit": "no",
        "sport": "boules",
        "surface": "compacted",
        "nearest_street": "Laar",
        "commune": "Antwerpen",
        "province": "anvers",
        "region": "flandre"
      }
    },
    {
      "type": "Feature",
      "geometry": {
        "type": "Point",
        "coordinates": [
          5.2419559,
          50.1573211
        ]
      },
      "properties": {
        "leisure": "pitch",
        "sport": "boules",
        "nearest_street": "Rue du Vélodrome",
        "commune": "Jemelle",
        "province": "namur",
        "region": "wallonie"
      }
    },
    {
      "type": "Feature",
      "geometry": {
        "type": "Point",
        "coordinates": [
          3.7030723,
          51.0461782
        ]
      },
      "properties": {
        "access": "yes",
        "boules": "petanque",
        "leisure": "pitch",
        "lit": "yes",
        "sport": "boules",
        "surface": "compacted",
        "nearest_street": "Yachtdreef",
        "commune": "Gent",
        "province": "flandre_orientale",
        "region": "flandre"
      }
    },
    {
      "type": "Feature",
      "geometry": {
        "type": "Point",
        "coordinates": [
          3.7031788,
          51.0462335
        ]
      },
      "properties": {
        "access": "yes",
        "boules": "petanque",
        "leisure": "pitch",
        "lit": "yes",
        "sport": "boules",
        "nearest_street": "Yachtdreef",
        "commune": "Gent",
        "province": "flandre_orientale",
        "region": "flandre"
      }
    },
    {
      "type": "Feature",
      "geometry": {
        "type": "Point",
        "coordinates": [
          5.6422324,
          50.6969999
        ]
      },
      "properties": {
        "leisure": "pitch",
        "sport": "boules",
        "nearest_street": "Rue des Abruns",
        "commune": "Vivegnis",
        "province": "liege",
        "region": "wallonie"
      }
    },
    {
      "type": "Feature",
      "geometry": {
        "type": "Point",
        "coordinates": [
          3.8128646,
          51.0921611
        ]
      },
      "properties": {
        "leisure": "pitch",
        "sport": "boules",
        "nearest_street": "Duiventorenhof",
        "commune": "Lochristi",
        "province": "flandre_orientale",
        "region": "flandre"
      }
    },
    {
      "type": "Feature",
      "geometry": {
        "type": "Point",
        "coordinates": [
          3.7374859,
          51.0541122
        ]
      },
      "properties": {
        "access": "yes",
        "boules": "petanque",
        "leisure": "pitch",
        "lit": "no",
        "sport": "boules",
        "nearest_street": "Spanjaardstraat",
        "commune": "Gent",
        "province": "flandre_orientale",
        "region": "flandre"
      }
    },
    {
      "type": "Feature",
      "geometry": {
        "type": "Point",
        "coordinates": [
          3.1985696,
          50.8451999
        ]
      },
      "properties": {
        "access": "limited",
        "leisure": "pitch",
        "sport": "boules",
        "surface": "fine_gravel",
        "nearest_street": "Driemasten",
        "commune": "Gullegem",
        "province": "flandre_occidentale",
        "region": "flandre"
      }
    },
    {
      "type": "Feature",
      "geometry": {
        "type": "Point",
        "coordinates": [
          4.2738239,
          51.0579727
        ]
      },
      "properties": {
        "boules": "petanque",
        "leisure": "pitch",
        "lit": "no",
        "sport": "boules",
        "surface": "compacted",
        "nearest_street": "Louis Van Campenhoutstraat",
        "commune": "Liezele",
        "province": "anvers",
        "region": "flandre"
      }
    },
    {
      "type": "Feature",
      "geometry": {
        "type": "Point",
        "coordinates": [
          3.244224,
          51.2077956
        ]
      },
      "properties": {
        "leisure": "pitch",
        "sport": "boules",
        "nearest_street": "Speelpleinlaan",
        "commune": "Brugge",
        "province": "flandre_occidentale",
        "region": "flandre"
      }
    },
    {
      "type": "Feature",
      "geometry": {
        "type": "Point",
        "coordinates": [
          3.7562673,
          51.0578745
        ]
      },
      "properties": {
        "access": "yes",
        "boules": "petanque",
        "leisure": "pitch",
        "name": "Petanqueterrein Sint-Baafskouterpark Sint-Amandsberg",
        "sport": "boules",
        "nearest_street": "Kriekerijstraat",
        "commune": "Gent",
        "province": "flandre_orientale",
        "region": "flandre"
      }
    },
    {
      "type": "Feature",
      "geometry": {
        "type": "Point",
        "coordinates": [
          4.3818683,
          50.8996493
        ]
      },
      "properties": {
        "leisure": "pitch",
        "sport": "boules",
        "nearest_street": "Mariënsteen",
        "commune": "Bruxelles - Brussel",
        "province": null,
        "region": "bruxelles"
      }
    },
    {
      "type": "Feature",
      "geometry": {
        "type": "Point",
        "coordinates": [
          4.8695784,
          51.3534446
        ]
      },
      "properties": {
        "leisure": "pitch",
        "sport": "boules",
        "nearest_street": "Boogstraat",
        "commune": "Merksplas",
        "province": "anvers",
        "region": "flandre"
      }
    },
    {
      "type": "Feature",
      "geometry": {
        "type": "Point",
        "coordinates": [
          5.3618219,
          51.1447075
        ]
      },
      "properties": {
        "leisure": "pitch",
        "sport": "boules",
        "nearest_street": "Bremstraat",
        "commune": "Eksel",
        "province": "limbourg",
        "region": "flandre"
      }
    },
    {
      "type": "Feature",
      "geometry": {
        "type": "Point",
        "coordinates": [
          4.7591022,
          50.9439067
        ]
      },
      "properties": {
        "access": "customers",
        "boules": "petanque",
        "leisure": "pitch",
        "lit": "no",
        "sport": "boules",
        "nearest_street": "Patricia De Martelaerepad",
        "commune": "Rotselaar",
        "province": "brabant_flamand",
        "region": "flandre"
      }
    },
    {
      "type": "Feature",
      "geometry": {
        "type": "Point",
        "coordinates": [
          4.3302059,
          51.3475334
        ]
      },
      "properties": {
        "leisure": "pitch",
        "sport": "boules",
        "nearest_street": "Monnikenhofstraat",
        "commune": "Antwerpen",
        "province": "anvers",
        "region": "flandre"
      }
    },
    {
      "type": "Feature",
      "geometry": {
        "type": "Point",
        "coordinates": [
          5.0700483,
          50.9314624
        ]
      },
      "properties": {
        "leisure": "pitch",
        "name": "Petanqueclub De Panoven",
        "sport": "boules",
        "nearest_street": "Finse piste",
        "commune": "Halen",
        "province": "limbourg",
        "region": "flandre"
      }
    },
    {
      "type": "Feature",
      "geometry": {
        "type": "Point",
        "coordinates": [
          4.3224069,
          50.8812061
        ]
      },
      "properties": {
        "boules": "petanque",
        "leisure": "pitch",
        "lit": "yes",
        "sport": "boules",
        "surface": "compacted",
        "nearest_street": "Chaussée de Wemmel - Wemmelse Steenweg",
        "commune": "Jette",
        "province": null,
        "region": "bruxelles"
      }
    },
    {
      "type": "Feature",
      "geometry": {
        "type": "Point",
        "coordinates": [
          4.8738232,
          50.5947041
        ]
      },
      "properties": {
        "leisure": "pitch",
        "sport": "boules",
        "nearest_street": "Route de Gembloux",
        "commune": "Eghezée",
        "province": "namur",
        "region": "wallonie"
      }
    },
    {
      "type": "Feature",
      "geometry": {
        "type": "Point",
        "coordinates": [
          4.3793678,
          51.1691948
        ]
      },
      "properties": {
        "access": "private",
        "boules": "petanque",
        "leisure": "pitch",
        "lit": "no",
        "sport": "boules",
        "surface": "sand",
        "nearest_street": "Elsblok",
        "commune": "Antwerpen",
        "province": "anvers",
        "region": "flandre"
      }
    },
    {
      "type": "Feature",
      "geometry": {
        "type": "Point",
        "coordinates": [
          4.3951271,
          50.8951286
        ]
      },
      "properties": {
        "leisure": "pitch",
        "sport": "boules",
        "nearest_street": "Rue du Ramier - Bosduifstraat",
        "commune": "Bruxelles - Brussel",
        "province": null,
        "region": "bruxelles"
      }
    },
    {
      "type": "Feature",
      "geometry": {
        "type": "Point",
        "coordinates": [
          4.3944202,
          50.8949853
        ]
      },
      "properties": {
        "leisure": "pitch",
        "sport": "boules",
        "nearest_street": "Rue des Faînes - Beukenootjesstraat",
        "commune": "Bruxelles - Brussel",
        "province": null,
        "region": "bruxelles"
      }
    },
    {
      "type": "Feature",
      "geometry": {
        "type": "Point",
        "coordinates": [
          4.3880399,
          50.8979467
        ]
      },
      "properties": {
        "boules": "petanque",
        "leisure": "pitch",
        "sport": "boules",
        "nearest_street": "Rue Saints-Pierre et Paul - Sint-Pieter en Pauwelsstraat",
        "commune": "Bruxelles - Brussel",
        "province": null,
        "region": "bruxelles"
      }
    },
    {
      "type": "Feature",
      "geometry": {
        "type": "Point",
        "coordinates": [
          5.6214508,
          50.6097802
        ]
      },
      "properties": {
        "leisure": "pitch",
        "sport": "boules",
        "nearest_street": "Avenue Henri Borguet",
        "commune": "Liège",
        "province": "liege",
        "region": "wallonie"
      }
    },
    {
      "type": "Feature",
      "geometry": {
        "type": "Point",
        "coordinates": [
          5.6214001,
          50.6098032
        ]
      },
      "properties": {
        "leisure": "pitch",
        "sport": "boules",
        "nearest_street": "Rue des Ventaux",
        "commune": "Liège",
        "province": "liege",
        "region": "wallonie"
      }
    },
    {
      "type": "Feature",
      "geometry": {
        "type": "Point",
        "coordinates": [
          4.9454502,
          51.0987011
        ]
      },
      "properties": {
        "leisure": "pitch",
        "sport": "boules",
        "nearest_street": "Scheevoor",
        "commune": "Geel",
        "province": "anvers",
        "region": "flandre"
      }
    },
    {
      "type": "Feature",
      "geometry": {
        "type": "Point",
        "coordinates": [
          4.2201223,
          50.7199827
        ]
      },
      "properties": {
        "leisure": "pitch",
        "sport": "boules",
        "nearest_street": null,
        "commune": "Halle",
        "province": "brabant_flamand",
        "region": "flandre"
      }
    },
    {
      "type": "Feature",
      "geometry": {
        "type": "Point",
        "coordinates": [
          4.2201454,
          50.7200003
        ]
      },
      "properties": {
        "leisure": "pitch",
        "sport": "boules",
        "nearest_street": null,
        "commune": "Halle",
        "province": "brabant_flamand",
        "region": "flandre"
      }
    },
    {
      "type": "Feature",
      "geometry": {
        "type": "Point",
        "coordinates": [
          3.6317772,
          51.1908536
        ]
      },
      "properties": {
        "leisure": "pitch",
        "sport": "boules",
        "nearest_street": "Bloemstraat",
        "commune": "Lembeke",
        "province": "flandre_orientale",
        "region": "flandre"
      }
    },
    {
      "type": "Feature",
      "geometry": {
        "type": "Point",
        "coordinates": [
          4.3225992,
          50.7759925
        ]
      },
      "properties": {
        "access": "yes",
        "leisure": "pitch",
        "lit": "no",
        "sport": "boules",
        "nearest_street": "Hof - Clos Roger Thiéry",
        "commune": "Linkebeek",
        "province": "brabant_flamand",
        "region": "flandre"
      }
    },
    {
      "type": "Feature",
      "geometry": {
        "type": "Point",
        "coordinates": [
          4.3343123,
          50.7732119
        ]
      },
      "properties": {
        "leisure": "pitch",
        "sport": "boules",
        "nearest_street": "Arthur Van Dormaelstraat - Rue Arthur Van Dormael",
        "commune": "Linkebeek",
        "province": "brabant_flamand",
        "region": "flandre"
      }
    },
    {
      "type": "Feature",
      "geometry": {
        "type": "Point",
        "coordinates": [
          4.3342272,
          50.7732831
        ]
      },
      "properties": {
        "leisure": "pitch",
        "sport": "boules",
        "nearest_street": "Arthur Van Dormaelstraat - Rue Arthur Van Dormael",
        "commune": "Linkebeek",
        "province": "brabant_flamand",
        "region": "flandre"
      }
    },
    {
      "type": "Feature",
      "geometry": {
        "type": "Point",
        "coordinates": [
          5.5356808,
          49.7270201
        ]
      },
      "properties": {
        "leisure": "pitch",
        "sport": "boules",
        "nearest_street": "Rue de la Scierie",
        "commune": "Marbehan",
        "province": "luxembourg",
        "region": "wallonie"
      }
    },
    {
      "type": "Feature",
      "geometry": {
        "type": "Point",
        "coordinates": [
          5.1131352,
          50.6777367
        ]
      },
      "properties": {
        "building": "yes",
        "leisure": "pitch",
        "sport": "boules",
        "nearest_street": "Rue des Mayeurs",
        "commune": "Hannut",
        "province": "liege",
        "region": "wallonie"
      }
    },
    {
      "type": "Feature",
      "geometry": {
        "type": "Point",
        "coordinates": [
          3.8728156,
          50.9805648
        ]
      },
      "properties": {
        "leisure": "pitch",
        "sport": "boules",
        "nearest_street": "Dorpsplein",
        "commune": "Wetteren",
        "province": "flandre_orientale",
        "region": "flandre"
      }
    },
    {
      "type": "Feature",
      "geometry": {
        "type": "Point",
        "coordinates": [
          4.944801,
          51.1669857
        ]
      },
      "properties": {
        "leisure": "pitch",
        "sport": "boules",
        "surface": "compacted",
        "nearest_street": "Larum",
        "commune": "Geel",
        "province": "anvers",
        "region": "flandre"
      }
    },
    {
      "type": "Feature",
      "geometry": {
        "type": "Point",
        "coordinates": [
          5.4664,
          50.8060691
        ]
      },
      "properties": {
        "building": "roof",
        "leisure": "pitch",
        "source:geometry:date": "2019-02-05",
        "source:geometry:ref": "Gbg/6562498",
        "sport": "boules",
        "nearest_street": "Bilzersteenweg",
        "commune": "Riksingen",
        "province": "limbourg",
        "region": "flandre"
      }
    },
    {
      "type": "Feature",
      "geometry": {
        "type": "Point",
        "coordinates": [
          3.2131344,
          50.84504
        ]
      },
      "properties": {
        "access": "yes",
        "leisure": "pitch",
        "lit": "no",
        "reservation": "no",
        "sport": "boules",
        "surface": "compacted",
        "nearest_street": "Hoge Kouter",
        "commune": "Gullegem",
        "province": "flandre_occidentale",
        "region": "flandre"
      }
    },
    {
      "type": "Feature",
      "geometry": {
        "type": "Point",
        "coordinates": [
          3.2023728,
          50.8480287
        ]
      },
      "properties": {
        "boules": "petanque",
        "leisure": "pitch",
        "lit": "yes",
        "sport": "boules",
        "surface": "fine_gravel",
        "nearest_street": "Kwadries",
        "commune": "Gullegem",
        "province": "flandre_occidentale",
        "region": "flandre"
      }
    },
    {
      "type": "Feature",
      "geometry": {
        "type": "Point",
        "coordinates": [
          5.9692081,
          50.727104
        ]
      },
      "properties": {
        "leisure": "pitch",
        "name": "petanque",
        "sport": "boules",
        "surface": "gravel",
        "nearest_street": "Rue Ten-Eycken",
        "commune": "Montzen",
        "province": "liege",
        "region": "wallonie"
      }
    },
    {
      "type": "Feature",
      "geometry": {
        "type": "Point",
        "coordinates": [
          4.0352205,
          50.6949817
        ]
      },
      "properties": {
        "leisure": "pitch",
        "sport": "boules",
        "nearest_street": "Rue du Doyen - Dekenstraat",
        "commune": "Enghien - Edingen",
        "province": "hainaut",
        "region": "wallonie"
      }
    },
    {
      "type": "Feature",
      "geometry": {
        "type": "Point",
        "coordinates": [
          5.3716236,
          51.0377132
        ]
      },
      "properties": {
        "boules": "petanque",
        "leisure": "pitch",
        "sport": "boules",
        "nearest_street": "Finse Piste",
        "commune": "Houthalen",
        "province": "limbourg",
        "region": "flandre"
      }
    },
    {
      "type": "Feature",
      "geometry": {
        "type": "Point",
        "coordinates": [
          5.3715146,
          51.0376074
        ]
      },
      "properties": {
        "boules": "petanque",
        "leisure": "pitch",
        "name": "Petanque Club Kelchteren",
        "sport": "boules",
        "nearest_street": "Finse Piste",
        "commune": "Houthalen",
        "province": "limbourg",
        "region": "flandre"
      }
    },
    {
      "type": "Feature",
      "geometry": {
        "type": "Point",
        "coordinates": [
          5.3714156,
          51.0375021
        ]
      },
      "properties": {
        "boules": "petanque",
        "leisure": "pitch",
        "sport": "boules",
        "nearest_street": "Finse Piste",
        "commune": "Houthalen",
        "province": "limbourg",
        "region": "flandre"
      }
    },
    {
      "type": "Feature",
      "geometry": {
        "type": "Point",
        "coordinates": [
          5.3734042,
          51.0299295
        ]
      },
      "properties": {
        "leisure": "pitch",
        "sport": "boules",
        "nearest_street": "Hekkelaar",
        "commune": "Houthalen",
        "province": "limbourg",
        "region": "flandre"
      }
    },
    {
      "type": "Feature",
      "geometry": {
        "type": "Point",
        "coordinates": [
          3.7310256,
          50.8764094
        ]
      },
      "properties": {
        "boules": "petanque",
        "leisure": "pitch",
        "sport": "boules",
        "nearest_street": "Sportlaan",
        "commune": "Munkzwalm",
        "province": "flandre_orientale",
        "region": "flandre"
      }
    },
    {
      "type": "Feature",
      "geometry": {
        "type": "Point",
        "coordinates": [
          3.7309044,
          50.8763948
        ]
      },
      "properties": {
        "boules": "petanque",
        "leisure": "pitch",
        "sport": "boules",
        "nearest_street": "Sportlaan",
        "commune": "Munkzwalm",
        "province": "flandre_orientale",
        "region": "flandre"
      }
    },
    {
      "type": "Feature",
      "geometry": {
        "type": "Point",
        "coordinates": [
          4.7848803,
          50.9873623
        ]
      },
      "properties": {
        "leisure": "pitch",
        "lit": "no",
        "sport": "boules",
        "surface": "compacted",
        "nearest_street": "Pastoor Pitetlaan",
        "commune": "Begijnendijk",
        "province": "brabant_flamand",
        "region": "flandre"
      }
    },
    {
      "type": "Feature",
      "geometry": {
        "type": "Point",
        "coordinates": [
          4.7242364,
          50.9568404
        ]
      },
      "properties": {
        "leisure": "pitch",
        "sport": "boules",
        "nearest_street": "Torenpad",
        "commune": "Rotselaar",
        "province": "brabant_flamand",
        "region": "flandre"
      }
    },
    {
      "type": "Feature",
      "geometry": {
        "type": "Point",
        "coordinates": [
          5.7286793,
          50.6506451
        ]
      },
      "properties": {
        "access": "yes",
        "boules": "petanque",
        "leisure": "pitch",
        "name": "Terrain de petanque de Cerexhe",
        "sport": "boules",
        "surface": "gravel",
        "nearest_street": "Rue du Curé",
        "commune": "Soumagne",
        "province": "liege",
        "region": "wallonie"
      }
    },
    {
      "type": "Feature",
      "geometry": {
        "type": "Point",
        "coordinates": [
          3.1172146,
          50.9599922
        ]
      },
      "properties": {
        "leisure": "pitch",
        "sport": "boules",
        "nearest_street": "Gitsestraat",
        "commune": "Roeselare",
        "province": "flandre_occidentale",
        "region": "flandre"
      }
    },
    {
      "type": "Feature",
      "geometry": {
        "type": "Point",
        "coordinates": [
          5.7309094,
          50.6495286
        ]
      },
      "properties": {
        "access": "private",
        "boules": "petanque",
        "leisure": "pitch",
        "sport": "boules",
        "nearest_street": "Rue de la Laiterie",
        "commune": "Soumagne",
        "province": "liege",
        "region": "wallonie"
      }
    },
    {
      "type": "Feature",
      "geometry": {
        "type": "Point",
        "coordinates": [
          5.7372039,
          50.6460311
        ]
      },
      "properties": {
        "access": "permissive",
        "boules": "petanque",
        "leisure": "pitch",
        "sport": "boules",
        "surface": "gravel",
        "nearest_street": "Rue Ardoncour",
        "commune": "Soumagne",
        "province": "liege",
        "region": "wallonie"
      }
    },
    {
      "type": "Feature",
      "geometry": {
        "type": "Point",
        "coordinates": [
          5.7371643,
          50.6460459
        ]
      },
      "properties": {
        "access": "permissive",
        "boules": "petanque",
        "leisure": "pitch",
        "sport": "boules",
        "surface": "gravel",
        "nearest_street": "Rue Ardoncour",
        "commune": "Soumagne",
        "province": "liege",
        "region": "wallonie"
      }
    },
    {
      "type": "Feature",
      "geometry": {
        "type": "Point",
        "coordinates": [
          5.4519601,
          51.2337548
        ]
      },
      "properties": {
        "boules": "petanque",
        "leisure": "pitch",
        "sport": "boules",
        "nearest_street": "Populierenhof",
        "commune": "Neerpelt",
        "province": "limbourg",
        "region": "flandre"
      }
    },
    {
      "type": "Feature",
      "geometry": {
        "type": "Point",
        "coordinates": [
          4.4595577,
          51.0214602
        ]
      },
      "properties": {
        "boules": "petanque",
        "leisure": "pitch",
        "sport": "boules",
        "nearest_street": "Mechelen-Zuid",
        "commune": "Mechelen",
        "province": "anvers",
        "region": "flandre"
      }
    },
    {
      "type": "Feature",
      "geometry": {
        "type": "Point",
        "coordinates": [
          5.4786556,
          50.9616871
        ]
      },
      "properties": {
        "boules": "yes",
        "leisure": "pitch",
        "sport": "boules",
        "nearest_street": "Albrecht Rodenbachlaan",
        "commune": "Genk",
        "province": "limbourg",
        "region": "flandre"
      }
    },
    {
      "type": "Feature",
      "geometry": {
        "type": "Point",
        "coordinates": [
          5.0986304,
          50.2579295
        ]
      },
      "properties": {
        "leisure": "pitch",
        "sport": "boules",
        "nearest_street": "Place de l'Abreuvoir",
        "commune": "Ciney",
        "province": "namur",
        "region": "wallonie"
      }
    },
    {
      "type": "Feature",
      "geometry": {
        "type": "Point",
        "coordinates": [
          3.0545963,
          50.8889671
        ]
      },
      "properties": {
        "image": "https://www.moorslede.be/files/uploads/photoGallery/img_0521.jpg",
        "leisure": "pitch",
        "lit": "no",
        "sport": "boules",
        "surface": "fine_gravel",
        "nearest_street": "Iepersestraat",
        "commune": "Moorslede",
        "province": "flandre_occidentale",
        "region": "flandre"
      }
    },
    {
      "type": "Feature",
      "geometry": {
        "type": "Point",
        "coordinates": [
          3.0546229,
          50.8888901
        ]
      },
      "properties": {
        "image": "https://www.moorslede.be/files/uploads/photoGallery/img_0521.jpg",
        "leisure": "pitch",
        "lit": "no",
        "sport": "boules",
        "surface": "fine_gravel",
        "nearest_street": "Iepersestraat",
        "commune": "Moorslede",
        "province": "flandre_occidentale",
        "region": "flandre"
      }
    },
    {
      "type": "Feature",
      "geometry": {
        "type": "Point",
        "coordinates": [
          3.0546605,
          50.8888147
        ]
      },
      "properties": {
        "image": "https://www.moorslede.be/files/uploads/photoGallery/img_0521.jpg",
        "leisure": "pitch",
        "lit": "no",
        "sport": "boules",
        "surface": "fine_gravel",
        "nearest_street": "Iepersestraat",
        "commune": "Moorslede",
        "province": "flandre_occidentale",
        "region": "flandre"
      }
    },
    {
      "type": "Feature",
      "geometry": {
        "type": "Point",
        "coordinates": [
          3.0546958,
          50.8887334
        ]
      },
      "properties": {
        "image": "https://www.moorslede.be/files/uploads/photoGallery/img_0521.jpg",
        "leisure": "pitch",
        "lit": "no",
        "sport": "boules",
        "surface": "fine_gravel",
        "nearest_street": "Iepersestraat",
        "commune": "Moorslede",
        "province": "flandre_occidentale",
        "region": "flandre"
      }
    },
    {
      "type": "Feature",
      "geometry": {
        "type": "Point",
        "coordinates": [
          5.511601,
          51.0109089
        ]
      },
      "properties": {
        "leisure": "pitch",
        "sport": "boules",
        "nearest_street": "Cockerillplaats",
        "commune": "Genk",
        "province": "limbourg",
        "region": "flandre"
      }
    },
    {
      "type": "Feature",
      "geometry": {
        "type": "Point",
        "coordinates": [
          5.53728,
          50.9914144
        ]
      },
      "properties": {
        "leisure": "pitch",
        "sport": "boules",
        "nearest_street": "André Dumontlaan",
        "commune": "Genk",
        "province": "limbourg",
        "region": "flandre"
      }
    },
    {
      "type": "Feature",
      "geometry": {
        "type": "Point",
        "coordinates": [
          4.6772132,
          50.8976995
        ]
      },
      "properties": {
        "boules": "petanque",
        "leisure": "pitch",
        "sport": "boules",
        "nearest_street": "Geuzenveld",
        "commune": "Herent",
        "province": "brabant_flamand",
        "region": "flandre"
      }
    },
    {
      "type": "Feature",
      "geometry": {
        "type": "Point",
        "coordinates": [
          5.7323092,
          50.6362125
        ]
      },
      "properties": {
        "access": "yes",
        "boules": "petanque",
        "leisure": "pitch",
        "sport": "boules",
        "surface": "gravel",
        "nearest_street": "Place de la Damzelle",
        "commune": "Soumagne",
        "province": "liege",
        "region": "wallonie"
      }
    },
    {
      "type": "Feature",
      "geometry": {
        "type": "Point",
        "coordinates": [
          5.7324159,
          50.6361032
        ]
      },
      "properties": {
        "access": "yes",
        "boules": "petanque",
        "leisure": "pitch",
        "sport": "boules",
        "surface": "gravel",
        "nearest_street": "Place de la Damzelle",
        "commune": "Soumagne",
        "province": "liege",
        "region": "wallonie"
      }
    },
    {
      "type": "Feature",
      "geometry": {
        "type": "Point",
        "coordinates": [
          3.878668,
          50.9167757
        ]
      },
      "properties": {
        "boules": "petanque",
        "leisure": "pitch",
        "sport": "boules",
        "nearest_street": "Rot",
        "commune": "Sint-Lievens-Houtem",
        "province": "flandre_orientale",
        "region": "flandre"
      }
    },
    {
      "type": "Feature",
      "geometry": {
        "type": "Point",
        "coordinates": [
          2.90329,
          51.0273803
        ]
      },
      "properties": {
        "leisure": "pitch",
        "sport": "boules",
        "nearest_street": "Roeselarestraat",
        "commune": "Diksmuide",
        "province": "flandre_occidentale",
        "region": "flandre"
      }
    },
    {
      "type": "Feature",
      "geometry": {
        "type": "Point",
        "coordinates": [
          5.5273585,
          50.9683927
        ]
      },
      "properties": {
        "leisure": "pitch",
        "sport": "boules",
        "nearest_street": "Schuttenstraat",
        "commune": "Genk",
        "province": "limbourg",
        "region": "flandre"
      }
    },
    {
      "type": "Feature",
      "geometry": {
        "type": "Point",
        "coordinates": [
          5.59242,
          50.6220942
        ]
      },
      "properties": {
        "leisure": "pitch",
        "sport": "boules",
        "nearest_street": "Boulevard de Douai",
        "commune": "Liège",
        "province": "liege",
        "region": "wallonie"
      }
    },
    {
      "type": "Feature",
      "geometry": {
        "type": "Point",
        "coordinates": [
          5.5924184,
          50.6220273
        ]
      },
      "properties": {
        "leisure": "pitch",
        "sport": "boules",
        "nearest_street": "Place Georges Ista",
        "commune": "Liège",
        "province": "liege",
        "region": "wallonie"
      }
    },
    {
      "type": "Feature",
      "geometry": {
        "type": "Point",
        "coordinates": [
          3.792676,
          51.0690012
        ]
      },
      "properties": {
        "leisure": "pitch",
        "sport": "boules",
        "surface": "gravel",
        "nearest_street": "Leon Sarteelstraat",
        "commune": "Gent",
        "province": "flandre_orientale",
        "region": "flandre"
      }
    },
    {
      "type": "Feature",
      "geometry": {
        "type": "Point",
        "coordinates": [
          4.1720656,
          50.9451914
        ]
      },
      "properties": {
        "archery": "popinjay",
        "leisure": "pitch",
        "name": "Petanque Mazenzele",
        "sport": "boules",
        "nearest_street": "Droeshoutweg",
        "commune": "Opwijk",
        "province": "brabant_flamand",
        "region": "flandre"
      }
    },
    {
      "type": "Feature",
      "geometry": {
        "type": "Point",
        "coordinates": [
          5.6391183,
          50.4795847
        ]
      },
      "properties": {
        "leisure": "pitch",
        "lit": "no",
        "sport": "boules",
        "surface": "fine_gravel",
        "nearest_street": "Chambralles",
        "commune": "Aywaille",
        "province": "liege",
        "region": "wallonie"
      }
    },
    {
      "type": "Feature",
      "geometry": {
        "type": "Point",
        "coordinates": [
          5.6658793,
          50.4368601
        ]
      },
      "properties": {
        "leisure": "pitch",
        "lit": "no",
        "sport": "boules",
        "surface": "fine_gravel",
        "nearest_street": "Rue de Chézy",
        "commune": "Houssonloge",
        "province": "liege",
        "region": "wallonie"
      }
    },
    {
      "type": "Feature",
      "geometry": {
        "type": "Point",
        "coordinates": [
          4.3533761,
          50.912603
        ]
      },
      "properties": {
        "leisure": "pitch",
        "sport": "boules",
        "surface": "compacted",
        "nearest_street": "Singel",
        "commune": "Strombeek-Bever",
        "province": "brabant_flamand",
        "region": "flandre"
      }
    },
    {
      "type": "Feature",
      "geometry": {
        "type": "Point",
        "coordinates": [
          4.3538305,
          50.912244
        ]
      },
      "properties": {
        "leisure": "pitch",
        "sport": "boules",
        "surface": "compacted",
        "nearest_street": "Singel",
        "commune": "Strombeek-Bever",
        "province": "brabant_flamand",
        "region": "flandre"
      }
    },
    {
      "type": "Feature",
      "geometry": {
        "type": "Point",
        "coordinates": [
          5.6327463,
          50.4244664
        ]
      },
      "properties": {
        "leisure": "pitch",
        "lit": "no",
        "sport": "boules",
        "surface": "fine_gravel",
        "nearest_street": "Allée de Bernardfagne",
        "commune": "Ferrières",
        "province": "liege",
        "region": "wallonie"
      }
    },
    {
      "type": "Feature",
      "geometry": {
        "type": "Point",
        "coordinates": [
          5.6810614,
          50.4760392
        ]
      },
      "properties": {
        "leisure": "pitch",
        "lit": "no",
        "sport": "boules",
        "surface": "fine_gravel",
        "nearest_street": "Rue de la Heid",
        "commune": "Aywaille",
        "province": "liege",
        "region": "wallonie"
      }
    },
    {
      "type": "Feature",
      "geometry": {
        "type": "Point",
        "coordinates": [
          4.3586681,
          50.913179
        ]
      },
      "properties": {
        "leisure": "pitch",
        "sport": "boules",
        "nearest_street": "Ringlaan",
        "commune": "Strombeek-Bever",
        "province": "brabant_flamand",
        "region": "flandre"
      }
    },
    {
      "type": "Feature",
      "geometry": {
        "type": "Point",
        "coordinates": [
          4.3586133,
          50.9132907
        ]
      },
      "properties": {
        "leisure": "pitch",
        "sport": "boules",
        "nearest_street": "Ringlaan",
        "commune": "Strombeek-Bever",
        "province": "brabant_flamand",
        "region": "flandre"
      }
    },
    {
      "type": "Feature",
      "geometry": {
        "type": "Point",
        "coordinates": [
          4.3584704,
          50.9132238
        ]
      },
      "properties": {
        "leisure": "pitch",
        "sport": "boules",
        "nearest_street": "Ringlaan",
        "commune": "Strombeek-Bever",
        "province": "brabant_flamand",
        "region": "flandre"
      }
    },
    {
      "type": "Feature",
      "geometry": {
        "type": "Point",
        "coordinates": [
          4.3584669,
          50.9130947
        ]
      },
      "properties": {
        "leisure": "pitch",
        "sport": "boules",
        "nearest_street": "Ringlaan",
        "commune": "Strombeek-Bever",
        "province": "brabant_flamand",
        "region": "flandre"
      }
    },
    {
      "type": "Feature",
      "geometry": {
        "type": "Point",
        "coordinates": [
          4.4433879,
          50.5383648
        ]
      },
      "properties": {
        "leisure": "pitch",
        "lit": "no",
        "sport": "boules",
        "surface": "compacted",
        "nearest_street": "Rue Eugène Gilles",
        "commune": "Frasnes-lez-Gosselies",
        "province": "hainaut",
        "region": "wallonie"
      }
    },
    {
      "type": "Feature",
      "geometry": {
        "type": "Point",
        "coordinates": [
          4.4434255,
          50.538387
        ]
      },
      "properties": {
        "leisure": "pitch",
        "lit": "no",
        "sport": "boules",
        "surface": "compacted",
        "nearest_street": "Rue Henri Loriaux",
        "commune": "Frasnes-lez-Gosselies",
        "province": "hainaut",
        "region": "wallonie"
      }
    },
    {
      "type": "Feature",
      "geometry": {
        "type": "Point",
        "coordinates": [
          4.4761418,
          50.5044707
        ]
      },
      "properties": {
        "leisure": "pitch",
        "sport": "boules",
        "nearest_street": "Place de Mellet",
        "commune": "Mellet",
        "province": "hainaut",
        "region": "wallonie"
      }
    },
    {
      "type": "Feature",
      "geometry": {
        "type": "Point",
        "coordinates": [
          4.235682,
          51.0830349
        ]
      },
      "properties": {
        "leisure": "pitch",
        "sport": "boules",
        "surface": "compacted",
        "nearest_street": "Barelstraat",
        "commune": "Bornem",
        "province": "anvers",
        "region": "flandre"
      }
    },
    {
      "type": "Feature",
      "geometry": {
        "type": "Point",
        "coordinates": [
          4.2357743,
          51.0828934
        ]
      },
      "properties": {
        "leisure": "pitch",
        "sport": "boules",
        "surface": "compacted",
        "nearest_street": "Barelstraat",
        "commune": "Bornem",
        "province": "anvers",
        "region": "flandre"
      }
    },
    {
      "type": "Feature",
      "geometry": {
        "type": "Point",
        "coordinates": [
          4.8742835,
          51.2987324
        ]
      },
      "properties": {
        "leisure": "pitch",
        "sport": "boules",
        "nearest_street": "Zeggelaan",
        "commune": "Vosselaar",
        "province": "anvers",
        "region": "flandre"
      }
    },
    {
      "type": "Feature",
      "geometry": {
        "type": "Point",
        "coordinates": [
          4.706354,
          50.8733568
        ]
      },
      "properties": {
        "leisure": "pitch",
        "sport": "boules",
        "nearest_street": "Andreas Vesaliusstraat",
        "commune": "Leuven",
        "province": "brabant_flamand",
        "region": "flandre"
      }
    },
    {
      "type": "Feature",
      "geometry": {
        "type": "Point",
        "coordinates": [
          4.7531419,
          50.9463937
        ]
      },
      "properties": {
        "leisure": "pitch",
        "sport": "boules",
        "nearest_street": "Rigessel",
        "commune": "Rotselaar",
        "province": "brabant_flamand",
        "region": "flandre"
      }
    },
    {
      "type": "Feature",
      "geometry": {
        "type": "Point",
        "coordinates": [
          5.5175793,
          50.9516335
        ]
      },
      "properties": {
        "leisure": "pitch",
        "sport": "boules",
        "nearest_street": "Kolderbosstraat",
        "commune": "Genk",
        "province": "limbourg",
        "region": "flandre"
      }
    },
    {
      "type": "Feature",
      "geometry": {
        "type": "Point",
        "coordinates": [
          4.717581,
          50.8742833
        ]
      },
      "properties": {
        "leisure": "pitch",
        "smokefree": "yes",
        "smoking": "no",
        "smoking:cannabis": "no",
        "smoking:outside": "no",
        "sport": "boules",
        "nearest_street": "Boulevardstraat",
        "commune": "Leuven",
        "province": "brabant_flamand",
        "region": "flandre"
      }
    },
    {
      "type": "Feature",
      "geometry": {
        "type": "Point",
        "coordinates": [
          5.4900206,
          50.9640746
        ]
      },
      "properties": {
        "leisure": "pitch",
        "sport": "boules",
        "nearest_street": "Hooiplaats",
        "commune": "Genk",
        "province": "limbourg",
        "region": "flandre"
      }
    },
    {
      "type": "Feature",
      "geometry": {
        "type": "Point",
        "coordinates": [
          4.0669092,
          50.4742655
        ]
      },
      "properties": {
        "access": "yes",
        "boules": "petanque",
        "leisure": "pitch",
        "lit": "yes",
        "sport": "boules",
        "surface": "sand",
        "nearest_street": "Pont George Lawrence Price",
        "commune": "Ville-sur-Haine",
        "province": "hainaut",
        "region": "wallonie"
      }
    },
    {
      "type": "Feature",
      "geometry": {
        "type": "Point",
        "coordinates": [
          5.0959528,
          50.6169714
        ]
      },
      "properties": {
        "leisure": "pitch",
        "sport": "boules",
        "nearest_street": "Place de l'Europe",
        "commune": "Braives",
        "province": "liege",
        "region": "wallonie"
      }
    },
    {
      "type": "Feature",
      "geometry": {
        "type": "Point",
        "coordinates": [
          4.2781962,
          50.7921731
        ]
      },
      "properties": {
        "boules": "petanque",
        "leisure": "pitch",
        "sport": "boules",
        "nearest_street": "Ghislaine Humbeeckplein",
        "commune": "Sint-Pieters-Leeuw",
        "province": "brabant_flamand",
        "region": "flandre"
      }
    },
    {
      "type": "Feature",
      "geometry": {
        "type": "Point",
        "coordinates": [
          4.3904275,
          51.1639745
        ]
      },
      "properties": {
        "boules": "petanque",
        "leisure": "pitch",
        "sport": "boules",
        "surface": "fine_gravel",
        "nearest_street": "Boeksveldplein",
        "commune": "Antwerpen",
        "province": "anvers",
        "region": "flandre"
      }
    },
    {
      "type": "Feature",
      "geometry": {
        "type": "Point",
        "coordinates": [
          4.3904555,
          51.1639551
        ]
      },
      "properties": {
        "boules": "petanque",
        "leisure": "pitch",
        "sport": "boules",
        "surface": "fine_gravel",
        "nearest_street": "Boeksveldplein",
        "commune": "Antwerpen",
        "province": "anvers",
        "region": "flandre"
      }
    },
    {
      "type": "Feature",
      "geometry": {
        "type": "Point",
        "coordinates": [
          4.3904844,
          51.1639356
        ]
      },
      "properties": {
        "boules": "petanque",
        "leisure": "pitch",
        "sport": "boules",
        "surface": "fine_gravel",
        "nearest_street": "Boeksveldplein",
        "commune": "Antwerpen",
        "province": "anvers",
        "region": "flandre"
      }
    },
    {
      "type": "Feature",
      "geometry": {
        "type": "Point",
        "coordinates": [
          3.8584664,
          50.6880034
        ]
      },
      "properties": {
        "access": "yes",
        "boules": "petanque",
        "leisure": "pitch",
        "lit": "no",
        "sport": "boules",
        "surface": "fine_gravel",
        "nearest_street": "Rue des Combattants",
        "commune": "Lessines",
        "province": "hainaut",
        "region": "wallonie"
      }
    },
    {
      "type": "Feature",
      "geometry": {
        "type": "Point",
        "coordinates": [
          3.8585418,
          50.6879426
        ]
      },
      "properties": {
        "access": "yes",
        "boules": "petanque",
        "leisure": "pitch",
        "lit": "no",
        "sport": "boules",
        "surface": "fine_gravel",
        "nearest_street": "Place d'Ollignies",
        "commune": "Lessines",
        "province": "hainaut",
        "region": "wallonie"
      }
    },
    {
      "type": "Feature",
      "geometry": {
        "type": "Point",
        "coordinates": [
          5.5278789,
          50.9397989
        ]
      },
      "properties": {
        "leisure": "pitch",
        "sport": "boules",
        "nearest_street": "De Koor",
        "commune": "Genk",
        "province": "limbourg",
        "region": "flandre"
      }
    },
    {
      "type": "Feature",
      "geometry": {
        "type": "Point",
        "coordinates": [
          4.3474911,
          50.9031759
        ]
      },
      "properties": {
        "leisure": "pitch",
        "sport": "boules",
        "nearest_street": "Antwerpselaan",
        "commune": "Strombeek-Bever",
        "province": "brabant_flamand",
        "region": "flandre"
      }
    },
    {
      "type": "Feature",
      "geometry": {
        "type": "Point",
        "coordinates": [
          4.3475652,
          50.9031513
        ]
      },
      "properties": {
        "leisure": "pitch",
        "sport": "boules",
        "nearest_street": "Nieuwelaan",
        "commune": "Strombeek-Bever",
        "province": "brabant_flamand",
        "region": "flandre"
      }
    },
    {
      "type": "Feature",
      "geometry": {
        "type": "Point",
        "coordinates": [
          4.3473876,
          50.9031566
        ]
      },
      "properties": {
        "leisure": "pitch",
        "sport": "boules",
        "nearest_street": "Antwerpselaan",
        "commune": "Strombeek-Bever",
        "province": "brabant_flamand",
        "region": "flandre"
      }
    },
    {
      "type": "Feature",
      "geometry": {
        "type": "Point",
        "coordinates": [
          4.3476172,
          50.9030775
        ]
      },
      "properties": {
        "leisure": "pitch",
        "sport": "boules",
        "nearest_street": "Nieuwelaan",
        "commune": "Strombeek-Bever",
        "province": "brabant_flamand",
        "region": "flandre"
      }
    },
    {
      "type": "Feature",
      "geometry": {
        "type": "Point",
        "coordinates": [
          4.347527,
          50.9029722
        ]
      },
      "properties": {
        "leisure": "pitch",
        "sport": "boules",
        "nearest_street": "Nieuwelaan",
        "commune": "Strombeek-Bever",
        "province": "brabant_flamand",
        "region": "flandre"
      }
    },
    {
      "type": "Feature",
      "geometry": {
        "type": "Point",
        "coordinates": [
          4.347478,
          50.9030346
        ]
      },
      "properties": {
        "leisure": "pitch",
        "sport": "boules",
        "nearest_street": "Nieuwelaan",
        "commune": "Strombeek-Bever",
        "province": "brabant_flamand",
        "region": "flandre"
      }
    },
    {
      "type": "Feature",
      "geometry": {
        "type": "Point",
        "coordinates": [
          5.5159477,
          50.9953188
        ]
      },
      "properties": {
        "leisure": "pitch",
        "sport": "boules",
        "nearest_street": "Bevrijdingslaan",
        "commune": "Genk",
        "province": "limbourg",
        "region": "flandre"
      }
    },
    {
      "type": "Feature",
      "geometry": {
        "type": "Point",
        "coordinates": [
          3.3299835,
          50.8523783
        ]
      },
      "properties": {
        "leisure": "pitch",
        "lit": "no",
        "sport": "boules",
        "nearest_street": "Triangelstraat",
        "commune": "Harelbeke",
        "province": "flandre_occidentale",
        "region": "flandre"
      }
    },
    {
      "type": "Feature",
      "geometry": {
        "type": "Point",
        "coordinates": [
          5.4640585,
          50.9793592
        ]
      },
      "properties": {
        "leisure": "pitch",
        "sport": "boules",
        "nearest_street": "Hortensiastraat",
        "commune": "Genk",
        "province": "limbourg",
        "region": "flandre"
      }
    },
    {
      "type": "Feature",
      "geometry": {
        "type": "Point",
        "coordinates": [
          5.4475349,
          50.9691282
        ]
      },
      "properties": {
        "leisure": "pitch",
        "sport": "boules",
        "nearest_street": "Kleinven",
        "commune": "Genk",
        "province": "limbourg",
        "region": "flandre"
      }
    },
    {
      "type": "Feature",
      "geometry": {
        "type": "Point",
        "coordinates": [
          4.8843837,
          50.4652032
        ]
      },
      "properties": {
        "building": "yes",
        "leisure": "pitch",
        "sport": "boules",
        "nearest_street": "Rue Charles Lamquet",
        "commune": "Namur",
        "province": "namur",
        "region": "wallonie"
      }
    },
    {
      "type": "Feature",
      "geometry": {
        "type": "Point",
        "coordinates": [
          4.8843976,
          50.4651662
        ]
      },
      "properties": {
        "building": "yes",
        "leisure": "pitch",
        "sport": "boules",
        "nearest_street": "Rue Charles Lamquet",
        "commune": "Namur",
        "province": "namur",
        "region": "wallonie"
      }
    },
    {
      "type": "Feature",
      "geometry": {
        "type": "Point",
        "coordinates": [
          3.5794056,
          50.5818395
        ]
      },
      "properties": {
        "leisure": "pitch",
        "sport": "boules",
        "nearest_street": "Ruelle du Clerc",
        "commune": "Pipaix",
        "province": "hainaut",
        "region": "wallonie"
      }
    },
    {
      "type": "Feature",
      "geometry": {
        "type": "Point",
        "coordinates": [
          4.3139279,
          50.7968292
        ]
      },
      "properties": {
        "leisure": "pitch",
        "sport": "boules",
        "nearest_street": "Vrijheidstraat - Rue de la Liberté",
        "commune": "Drogenbos",
        "province": "brabant_flamand",
        "region": "flandre"
      }
    },
    {
      "type": "Feature",
      "geometry": {
        "type": "Point",
        "coordinates": [
          4.3139011,
          50.7967759
        ]
      },
      "properties": {
        "leisure": "pitch",
        "sport": "boules",
        "nearest_street": "Vrijheidstraat - Rue de la Liberté",
        "commune": "Drogenbos",
        "province": "brabant_flamand",
        "region": "flandre"
      }
    },
    {
      "type": "Feature",
      "geometry": {
        "type": "Point",
        "coordinates": [
          4.4749801,
          51.3038217
        ]
      },
      "properties": {
        "boules": "petanque",
        "leisure": "pitch",
        "sport": "boules",
        "nearest_street": "Hoge Akker",
        "commune": "Brasschaat",
        "province": "anvers",
        "region": "flandre"
      }
    },
    {
      "type": "Feature",
      "geometry": {
        "type": "Point",
        "coordinates": [
          4.474953,
          51.3015123
        ]
      },
      "properties": {
        "boules": "petanque",
        "leisure": "pitch",
        "sport": "boules",
        "nearest_street": "Hoge Kaart",
        "commune": "Brasschaat",
        "province": "anvers",
        "region": "flandre"
      }
    },
    {
      "type": "Feature",
      "geometry": {
        "type": "Point",
        "coordinates": [
          4.4782792,
          51.196972
        ]
      },
      "properties": {
        "leisure": "pitch",
        "sport": "boules",
        "surface": "compacted",
        "nearest_street": "Mertensstraat",
        "commune": "Antwerpen",
        "province": "anvers",
        "region": "flandre"
      }
    },
    {
      "type": "Feature",
      "geometry": {
        "type": "Point",
        "coordinates": [
          4.4920727,
          51.2978948
        ]
      },
      "properties": {
        "boules": "petanque",
        "leisure": "pitch",
        "lit": "no",
        "sport": "boules",
        "surface": "compacted",
        "nearest_street": "Prins Kavelhof",
        "commune": "Brasschaat",
        "province": "anvers",
        "region": "flandre"
      }
    },
    {
      "type": "Feature",
      "geometry": {
        "type": "Point",
        "coordinates": [
          4.3982484,
          51.3498567
        ]
      },
      "properties": {
        "boules": "petanque",
        "leisure": "pitch",
        "lit": "no",
        "sport": "boules",
        "surface": "compacted",
        "nearest_street": "Ertbrandstraat",
        "commune": "Kapellen",
        "province": "anvers",
        "region": "flandre"
      }
    },
    {
      "type": "Feature",
      "geometry": {
        "type": "Point",
        "coordinates": [
          4.5144229,
          51.2909948
        ]
      },
      "properties": {
        "leisure": "pitch",
        "sport": "boules",
        "nearest_street": "Distel",
        "commune": "Brasschaat",
        "province": "anvers",
        "region": "flandre"
      }
    },
    {
      "type": "Feature",
      "geometry": {
        "type": "Point",
        "coordinates": [
          4.6886626,
          51.3465822
        ]
      },
      "properties": {
        "leisure": "pitch",
        "sport": "boules",
        "nearest_street": "Dokter De Brabanderelaan",
        "commune": "Brecht",
        "province": "anvers",
        "region": "flandre"
      }
    },
    {
      "type": "Feature",
      "geometry": {
        "type": "Point",
        "coordinates": [
          5.2756947,
          50.9000643
        ]
      },
      "properties": {
        "leisure": "pitch",
        "lit": "yes",
        "sport": "boules",
        "surface": "pebblestone",
        "nearest_street": "Koosterstraat",
        "commune": "Alken",
        "province": "limbourg",
        "region": "flandre"
      }
    },
    {
      "type": "Feature",
      "geometry": {
        "type": "Point",
        "coordinates": [
          5.5288122,
          50.9991551
        ]
      },
      "properties": {
        "leisure": "pitch",
        "sport": "boules",
        "nearest_street": "Duinenlaan",
        "commune": "Genk",
        "province": "limbourg",
        "region": "flandre"
      }
    },
    {
      "type": "Feature",
      "geometry": {
        "type": "Point",
        "coordinates": [
          4.4947118,
          51.1570697
        ]
      },
      "properties": {
        "leisure": "pitch",
        "sport": "boules",
        "nearest_street": "Elfbunderweg",
        "commune": "Boechout",
        "province": "anvers",
        "region": "flandre"
      }
    },
    {
      "type": "Feature",
      "geometry": {
        "type": "Point",
        "coordinates": [
          4.4948616,
          51.1571194
        ]
      },
      "properties": {
        "leisure": "pitch",
        "sport": "boules",
        "nearest_street": "Elfbunderweg",
        "commune": "Boechout",
        "province": "anvers",
        "region": "flandre"
      }
    },
    {
      "type": "Feature",
      "geometry": {
        "type": "Point",
        "coordinates": [
          4.4895302,
          51.1590085
        ]
      },
      "properties": {
        "leisure": "pitch",
        "sport": "boules",
        "nearest_street": "Zagerijstraat",
        "commune": "Boechout",
        "province": "anvers",
        "region": "flandre"
      }
    },
    {
      "type": "Feature",
      "geometry": {
        "type": "Point",
        "coordinates": [
          5.5096919,
          51.0008423
        ]
      },
      "properties": {
        "leisure": "pitch",
        "lit": "yes",
        "sport": "boules",
        "surface": "compacted",
        "nearest_street": "Minderbroedersstraat",
        "commune": "Genk",
        "province": "limbourg",
        "region": "flandre"
      }
    },
    {
      "type": "Feature",
      "geometry": {
        "type": "Point",
        "coordinates": [
          4.4669674,
          51.1705779
        ]
      },
      "properties": {
        "leisure": "pitch",
        "sport": "boules",
        "nearest_street": "Vuurkruisenlaan",
        "commune": "Mortsel",
        "province": "anvers",
        "region": "flandre"
      }
    },
    {
      "type": "Feature",
      "geometry": {
        "type": "Point",
        "coordinates": [
          4.4322202,
          51.1586147
        ]
      },
      "properties": {
        "leisure": "pitch",
        "sport": "boules",
        "nearest_street": "Noulaertsplein",
        "commune": "Edegem",
        "province": "anvers",
        "region": "flandre"
      }
    },
    {
      "type": "Feature",
      "geometry": {
        "type": "Point",
        "coordinates": [
          4.3997617,
          51.1401306
        ]
      },
      "properties": {
        "leisure": "pitch",
        "sport": "boules",
        "nearest_street": "Kleistraat",
        "commune": "Aartselaar",
        "province": "anvers",
        "region": "flandre"
      }
    },
    {
      "type": "Feature",
      "geometry": {
        "type": "Point",
        "coordinates": [
          4.4000017,
          51.1401844
        ]
      },
      "properties": {
        "leisure": "pitch",
        "sport": "boules",
        "nearest_street": "Kleistraat",
        "commune": "Aartselaar",
        "province": "anvers",
        "region": "flandre"
      }
    },
    {
      "type": "Feature",
      "geometry": {
        "type": "Point",
        "coordinates": [
          4.3820168,
          50.4347839
        ]
      },
      "properties": {
        "access": "yes",
        "leisure": "pitch",
        "lit": "no",
        "panoramax": "4ac480d9-3648-4a04-b818-3fe61b29d012",
        "reservation": "no",
        "sport": "boules",
        "surface": "sand",
        "nearest_street": "Sentier N88",
        "commune": "Charleroi",
        "province": "hainaut",
        "region": "wallonie"
      }
    },
    {
      "type": "Feature",
      "geometry": {
        "type": "Point",
        "coordinates": [
          5.5991553,
          50.6215596
        ]
      },
      "properties": {
        "leisure": "pitch",
        "sport": "boules",
        "nearest_street": "Rue Belvaux",
        "commune": "Liège",
        "province": "liege",
        "region": "wallonie"
      }
    },
    {
      "type": "Feature",
      "geometry": {
        "type": "Point",
        "coordinates": [
          4.0429609,
          50.6907666
        ]
      },
      "properties": {
        "leisure": "pitch",
        "sport": "boules",
        "nearest_street": "Longue Drève",
        "commune": "Enghien - Edingen",
        "province": "hainaut",
        "region": "wallonie"
      }
    },
    {
      "type": "Feature",
      "geometry": {
        "type": "Point",
        "coordinates": [
          5.5079786,
          51.0054361
        ]
      },
      "properties": {
        "leisure": "pitch",
        "sport": "boules",
        "nearest_street": "Berghausstraat",
        "commune": "Genk",
        "province": "limbourg",
        "region": "flandre"
      }
    },
    {
      "type": "Feature",
      "geometry": {
        "type": "Point",
        "coordinates": [
          4.3945747,
          50.7169134
        ]
      },
      "properties": {
        "boules": "petanque",
        "leisure": "pitch",
        "name": "Petanque court",
        "sport": "boules",
        "nearest_street": "Rue de la Station",
        "commune": "Waterloo",
        "province": "brabant_wallon",
        "region": "wallonie"
      }
    },
    {
      "type": "Feature",
      "geometry": {
        "type": "Point",
        "coordinates": [
          4.4777937,
          51.1533595
        ]
      },
      "properties": {
        "leisure": "pitch",
        "sport": "boules",
        "video": "https://www.youtube.com/watch?v=qR3UYwL6CjM&list=PLpTlCwUs8-qzH_ZK2Hh3VI4ODGaFFJIox&index=17",
        "nearest_street": "René Verbeecklaan",
        "commune": "Hove",
        "province": "anvers",
        "region": "flandre"
      }
    },
    {
      "type": "Feature",
      "geometry": {
        "type": "Point",
        "coordinates": [
          4.4777436,
          51.153355
        ]
      },
      "properties": {
        "leisure": "pitch",
        "sport": "boules",
        "video": "https://www.youtube.com/watch?v=qR3UYwL6CjM&list=PLpTlCwUs8-qzH_ZK2Hh3VI4ODGaFFJIox&index=17",
        "nearest_street": "Weldadigheidsstraat",
        "commune": "Hove",
        "province": "anvers",
        "region": "flandre"
      }
    },
    {
      "type": "Feature",
      "geometry": {
        "type": "Point",
        "coordinates": [
          4.4776956,
          51.1533505
        ]
      },
      "properties": {
        "leisure": "pitch",
        "sport": "boules",
        "video": "https://www.youtube.com/watch?v=qR3UYwL6CjM&list=PLpTlCwUs8-qzH_ZK2Hh3VI4ODGaFFJIox&index=17",
        "nearest_street": "Weldadigheidsstraat",
        "commune": "Hove",
        "province": "anvers",
        "region": "flandre"
      }
    },
    {
      "type": "Feature",
      "geometry": {
        "type": "Point",
        "coordinates": [
          4.2041114,
          50.388972
        ]
      },
      "properties": {
        "boules": "petanque",
        "leisure": "pitch",
        "lit": "yes",
        "sport": "boules",
        "surface": "sand",
        "nearest_street": "Rue de la Basse Égypte",
        "commune": "Binche",
        "province": "hainaut",
        "region": "wallonie"
      }
    },
    {
      "type": "Feature",
      "geometry": {
        "type": "Point",
        "coordinates": [
          5.2548459,
          50.9199667
        ]
      },
      "properties": {
        "building": "yes",
        "leisure": "pitch",
        "sport": "boules",
        "nearest_street": "Looppiste",
        "commune": "Hasselt",
        "province": "limbourg",
        "region": "flandre"
      }
    },
    {
      "type": "Feature",
      "geometry": {
        "type": "Point",
        "coordinates": [
          4.3279586,
          50.8934596
        ]
      },
      "properties": {
        "leisure": "pitch",
        "sport": "boules",
        "nearest_street": "Cité Modèle - Modelwijk",
        "commune": "Bruxelles - Brussel",
        "province": null,
        "region": "bruxelles"
      }
    },
    {
      "type": "Feature",
      "geometry": {
        "type": "Point",
        "coordinates": [
          5.5620246,
          50.6117159
        ]
      },
      "properties": {
        "access": "yes",
        "boules": "petanque",
        "leisure": "pitch",
        "lit": "yes",
        "sport": "boules",
        "surface": "gravel",
        "nearest_street": "Rue Côte d'Or",
        "commune": "Liège",
        "province": "liege",
        "region": "wallonie"
      }
    },
    {
      "type": "Feature",
      "geometry": {
        "type": "Point",
        "coordinates": [
          5.528837,
          49.7248057
        ]
      },
      "properties": {
        "boules": "petanque",
        "leisure": "pitch",
        "sport": "boules",
        "nearest_street": "Rue des Prés",
        "commune": "Marbehan",
        "province": "luxembourg",
        "region": "wallonie"
      }
    },
    {
      "type": "Feature",
      "geometry": {
        "type": "Point",
        "coordinates": [
          3.1352348,
          50.9481163
        ]
      },
      "properties": {
        "leisure": "pitch",
        "lit": "no",
        "sport": "boules",
        "surface": "fine_gravel",
        "nearest_street": "Onze-Lieve-Vrouwemarkt",
        "commune": "Roeselare",
        "province": "flandre_occidentale",
        "region": "flandre"
      }
    },
    {
      "type": "Feature",
      "geometry": {
        "type": "Point",
        "coordinates": [
          3.1181151,
          50.9576478
        ]
      },
      "properties": {
        "leisure": "pitch",
        "sport": "boules",
        "nearest_street": "Markette",
        "commune": "Roeselare",
        "province": "flandre_occidentale",
        "region": "flandre"
      }
    },
    {
      "type": "Feature",
      "geometry": {
        "type": "Point",
        "coordinates": [
          5.1672973,
          50.5672996
        ]
      },
      "properties": {
        "leisure": "pitch",
        "sport": "boules",
        "nearest_street": "Route de l'État",
        "commune": "Wanze",
        "province": "liege",
        "region": "wallonie"
      }
    },
    {
      "type": "Feature",
      "geometry": {
        "type": "Point",
        "coordinates": [
          6.2418556,
          50.3913067
        ]
      },
      "properties": {
        "leisure": "pitch",
        "sport": "boules",
        "nearest_street": null,
        "commune": "Büllingen",
        "province": "liege",
        "region": "wallonie"
      }
    },
    {
      "type": "Feature",
      "geometry": {
        "type": "Point",
        "coordinates": [
          4.2724042,
          50.7708112
        ]
      },
      "properties": {
        "boules": "petanque",
        "leisure": "pitch",
        "sport": "boules",
        "nearest_street": "Frans Walravensstraat",
        "commune": "Lot",
        "province": "brabant_flamand",
        "region": "flandre"
      }
    },
    {
      "type": "Feature",
      "geometry": {
        "type": "Point",
        "coordinates": [
          3.097552,
          50.9971488
        ]
      },
      "properties": {
        "leisure": "pitch",
        "lit": "no",
        "sport": "boules",
        "surface": "fine_gravel",
        "nearest_street": "Nieuwplaats",
        "commune": "Gits",
        "province": "flandre_occidentale",
        "region": "flandre"
      }
    },
    {
      "type": "Feature",
      "geometry": {
        "type": "Point",
        "coordinates": [
          3.0976942,
          50.9971532
        ]
      },
      "properties": {
        "leisure": "pitch",
        "lit": "yes",
        "sport": "boules",
        "surface": "fine_gravel",
        "nearest_street": "Nieuwplaats",
        "commune": "Gits",
        "province": "flandre_occidentale",
        "region": "flandre"
      }
    },
    {
      "type": "Feature",
      "geometry": {
        "type": "Point",
        "coordinates": [
          5.0985398,
          51.2012462
        ]
      },
      "properties": {
        "access": "yes",
        "leisure": "pitch",
        "sport": "boules",
        "nearest_street": "Achterbos",
        "commune": "Mol",
        "province": "anvers",
        "region": "flandre"
      }
    },
    {
      "type": "Feature",
      "geometry": {
        "type": "Point",
        "coordinates": [
          4.8923361,
          51.312837
        ]
      },
      "properties": {
        "leisure": "pitch",
        "sport": "boules",
        "nearest_street": "Sint-Barbaraplein",
        "commune": "Vosselaar",
        "province": "anvers",
        "region": "flandre"
      }
    },
    {
      "type": "Feature",
      "geometry": {
        "type": "Point",
        "coordinates": [
          4.8924212,
          51.3127308
        ]
      },
      "properties": {
        "leisure": "pitch",
        "sport": "boules",
        "nearest_street": "Sint-Barbaraplein",
        "commune": "Vosselaar",
        "province": "anvers",
        "region": "flandre"
      }
    },
    {
      "type": "Feature",
      "geometry": {
        "type": "Point",
        "coordinates": [
          4.9770125,
          51.3192608
        ]
      },
      "properties": {
        "leisure": "pitch",
        "sport": "boules",
        "nearest_street": "Molendijkpad",
        "commune": "Oud-Turnhout",
        "province": "anvers",
        "region": "flandre"
      }
    },
    {
      "type": "Feature",
      "geometry": {
        "type": "Point",
        "coordinates": [
          4.4725127,
          51.1658489
        ]
      },
      "properties": {
        "leisure": "pitch",
        "lit": "no",
        "sport": "boules",
        "surface": "compacted",
        "nearest_street": "Wolschaerderveldenstraat",
        "commune": "Mortsel",
        "province": "anvers",
        "region": "flandre"
      }
    },
    {
      "type": "Feature",
      "geometry": {
        "type": "Point",
        "coordinates": [
          4.5175075,
          51.2465572
        ]
      },
      "properties": {
        "access": "yes",
        "boules": "petanque",
        "leisure": "pitch",
        "lit": "no",
        "sport": "boules",
        "surface": "clay",
        "nearest_street": "Valkenlaan",
        "commune": "Schoten",
        "province": "anvers",
        "region": "flandre"
      }
    },
    {
      "type": "Feature",
      "geometry": {
        "type": "Point",
        "coordinates": [
          4.5215813,
          51.2613373
        ]
      },
      "properties": {
        "access": "yes",
        "boules": "yes",
        "leisure": "pitch",
        "sport": "boules",
        "nearest_street": "Wezelsebaan",
        "commune": "Schoten",
        "province": "anvers",
        "region": "flandre"
      }
    },
    {
      "type": "Feature",
      "geometry": {
        "type": "Point",
        "coordinates": [
          3.2774298,
          51.3446375
        ]
      },
      "properties": {
        "leisure": "pitch",
        "sport": "boules",
        "nearest_street": "Groenplein",
        "commune": "Knokke-Heist",
        "province": "flandre_occidentale",
        "region": "flandre"
      }
    },
    {
      "type": "Feature",
      "geometry": {
        "type": "Point",
        "coordinates": [
          3.2772377,
          51.3445706
        ]
      },
      "properties": {
        "leisure": "pitch",
        "sport": "boules",
        "nearest_street": "Groenplein",
        "commune": "Knokke-Heist",
        "province": "flandre_occidentale",
        "region": "flandre"
      }
    },
    {
      "type": "Feature",
      "geometry": {
        "type": "Point",
        "coordinates": [
          4.3766023,
          50.9420123
        ]
      },
      "properties": {
        "boules": "petanque",
        "leisure": "pitch",
        "sport": "boules",
        "nearest_street": "Houtekietstraat",
        "commune": "Grimbergen",
        "province": "brabant_flamand",
        "region": "flandre"
      }
    },
    {
      "type": "Feature",
      "geometry": {
        "type": "Point",
        "coordinates": [
          4.3767156,
          50.9419197
        ]
      },
      "properties": {
        "boules": "petanque",
        "leisure": "pitch",
        "sport": "boules",
        "nearest_street": "Houtekietstraat",
        "commune": "Grimbergen",
        "province": "brabant_flamand",
        "region": "flandre"
      }
    },
    {
      "type": "Feature",
      "geometry": {
        "type": "Point",
        "coordinates": [
          4.3597822,
          50.9380507
        ]
      },
      "properties": {
        "boules": "petanque",
        "leisure": "pitch",
        "sport": "boules",
        "nearest_street": "Ruwaal",
        "commune": "Grimbergen",
        "province": "brabant_flamand",
        "region": "flandre"
      }
    },
    {
      "type": "Feature",
      "geometry": {
        "type": "Point",
        "coordinates": [
          2.8985727,
          50.7654751
        ]
      },
      "properties": {
        "boules": "petanque",
        "leisure": "pitch",
        "sport": "boules",
        "nearest_street": "Markt - Place",
        "commune": "Mesen - Messines",
        "province": "flandre_occidentale",
        "region": "flandre"
      }
    },
    {
      "type": "Feature",
      "geometry": {
        "type": "Point",
        "coordinates": [
          3.5801549,
          51.0078032
        ]
      },
      "properties": {
        "access": "yes",
        "boules": "petanque",
        "leisure": "pitch",
        "lit": "yes",
        "sport": "boules",
        "nearest_street": "Ooidonkdreef",
        "commune": "Deinze",
        "province": "flandre_orientale",
        "region": "flandre"
      }
    },
    {
      "type": "Feature",
      "geometry": {
        "type": "Point",
        "coordinates": [
          3.5801706,
          51.0077675
        ]
      },
      "properties": {
        "access": "yes",
        "boules": "petanque",
        "leisure": "pitch",
        "lit": "yes",
        "sport": "boules",
        "nearest_street": "Ooidonkdreef",
        "commune": "Deinze",
        "province": "flandre_orientale",
        "region": "flandre"
      }
    },
    {
      "type": "Feature",
      "geometry": {
        "type": "Point",
        "coordinates": [
          5.5200305,
          50.9723147
        ]
      },
      "properties": {
        "leisure": "pitch",
        "sport": "boules",
        "nearest_street": "Piehpelplein",
        "commune": "Genk",
        "province": "limbourg",
        "region": "flandre"
      }
    },
    {
      "type": "Feature",
      "geometry": {
        "type": "Point",
        "coordinates": [
          4.413037,
          51.3037521
        ]
      },
      "properties": {
        "boules": "petanque",
        "leisure": "pitch",
        "sport": "boules",
        "nearest_street": "Bredestraat",
        "commune": "Antwerpen",
        "province": "anvers",
        "region": "flandre"
      }
    },
    {
      "type": "Feature",
      "geometry": {
        "type": "Point",
        "coordinates": [
          5.2231274,
          50.9752138
        ]
      },
      "properties": {
        "leisure": "pitch",
        "sport": "boules",
        "nearest_street": "Geerstraat",
        "commune": "Lummen",
        "province": "limbourg",
        "region": "flandre"
      }
    },
    {
      "type": "Feature",
      "geometry": {
        "type": "Point",
        "coordinates": [
          4.4180439,
          50.8931576
        ]
      },
      "properties": {
        "boules": "petanque",
        "leisure": "pitch",
        "lit": "yes",
        "sport": "boules",
        "surface": "fine_gravel",
        "nearest_street": "Rue Sainte-Elisabeth - Sint-Elisabethstraat",
        "commune": "Bruxelles - Brussel",
        "province": null,
        "region": "bruxelles"
      }
    },
    {
      "type": "Feature",
      "geometry": {
        "type": "Point",
        "coordinates": [
          4.391018,
          50.7219554
        ]
      },
      "properties": {
        "leisure": "pitch",
        "sport": "boules",
        "nearest_street": "Allée des Artistes",
        "commune": "Waterloo",
        "province": "brabant_wallon",
        "region": "wallonie"
      }
    },
    {
      "type": "Feature",
      "geometry": {
        "type": "Point",
        "coordinates": [
          4.3909637,
          50.7219295
        ]
      },
      "properties": {
        "leisure": "pitch",
        "sport": "boules",
        "nearest_street": "Allée des Artistes",
        "commune": "Waterloo",
        "province": "brabant_wallon",
        "region": "wallonie"
      }
    },
    {
      "type": "Feature",
      "geometry": {
        "type": "Point",
        "coordinates": [
          5.5169656,
          51.0053914
        ]
      },
      "properties": {
        "leisure": "pitch",
        "name": "Centro Bocce Italiano",
        "sport": "boules",
        "nearest_street": "Hoevenzavellaan",
        "commune": "Genk",
        "province": "limbourg",
        "region": "flandre"
      }
    },
    {
      "type": "Feature",
      "geometry": {
        "type": "Point",
        "coordinates": [
          3.9047121,
          50.4733306
        ]
      },
      "properties": {
        "leisure": "pitch",
        "sport": "boules",
        "nearest_street": "Place Triangulaire",
        "commune": "Mons",
        "province": "hainaut",
        "region": "wallonie"
      }
    },
    {
      "type": "Feature",
      "geometry": {
        "type": "Point",
        "coordinates": [
          4.9869388,
          51.3193482
        ]
      },
      "properties": {
        "leisure": "pitch",
        "sport": "boules",
        "nearest_street": "Sint-Annaplein",
        "commune": "Oud-Turnhout",
        "province": "anvers",
        "region": "flandre"
      }
    },
    {
      "type": "Feature",
      "geometry": {
        "type": "Point",
        "coordinates": [
          4.9905332,
          51.3184981
        ]
      },
      "properties": {
        "access": "yes",
        "leisure": "pitch",
        "sport": "boules",
        "surface": "gravel",
        "nearest_street": "Onze Lieve Vrouwstraat",
        "commune": "Oud-Turnhout",
        "province": "anvers",
        "region": "flandre"
      }
    },
    {
      "type": "Feature",
      "geometry": {
        "type": "Point",
        "coordinates": [
          4.3877456,
          50.6716533
        ]
      },
      "properties": {
        "leisure": "pitch",
        "sport": "boules",
        "nearest_street": "Avenue des Pétunias",
        "commune": "Braine-l'Alleud",
        "province": "brabant_wallon",
        "region": "wallonie"
      }
    },
    {
      "type": "Feature",
      "geometry": {
        "type": "Point",
        "coordinates": [
          5.2744726,
          50.9016887
        ]
      },
      "properties": {
        "leisure": "pitch",
        "lit": "yes",
        "sport": "boules",
        "surface": "compacted",
        "nearest_street": "Koningsveldstraat",
        "commune": "Alken",
        "province": "limbourg",
        "region": "flandre"
      }
    },
    {
      "type": "Feature",
      "geometry": {
        "type": "Point",
        "coordinates": [
          3.7701432,
          51.0104725
        ]
      },
      "properties": {
        "boules": "petanque",
        "leisure": "pitch",
        "sport": "boules",
        "nearest_street": "Klarenhof",
        "commune": "Merelbeke",
        "province": "flandre_orientale",
        "region": "flandre"
      }
    },
    {
      "type": "Feature",
      "geometry": {
        "type": "Point",
        "coordinates": [
          4.8305057,
          51.1876369
        ]
      },
      "properties": {
        "leisure": "pitch",
        "sport": "boules",
        "nearest_street": "Vorselaarsebaan",
        "commune": "Herentals",
        "province": "anvers",
        "region": "flandre"
      }
    },
    {
      "type": "Feature",
      "geometry": {
        "type": "Point",
        "coordinates": [
          4.4334897,
          51.2878736
        ]
      },
      "properties": {
        "boules": "petanque",
        "leisure": "pitch",
        "sport": "boules",
        "nearest_street": "Hendrik Kanorastraat",
        "commune": "Antwerpen",
        "province": "anvers",
        "region": "flandre"
      }
    },
    {
      "type": "Feature",
      "geometry": {
        "type": "Point",
        "coordinates": [
          4.4334166,
          51.287845
        ]
      },
      "properties": {
        "boules": "petanque",
        "leisure": "pitch",
        "sport": "boules",
        "nearest_street": "Hendrik Kanorastraat",
        "commune": "Antwerpen",
        "province": "anvers",
        "region": "flandre"
      }
    },
    {
      "type": "Feature",
      "geometry": {
        "type": "Point",
        "coordinates": [
          5.4210012,
          50.9529091
        ]
      },
      "properties": {
        "leisure": "pitch",
        "sport": "boules",
        "nearest_street": "Dr. Loriersstraat",
        "commune": "Genk",
        "province": "limbourg",
        "region": "flandre"
      }
    },
    {
      "type": "Feature",
      "geometry": {
        "type": "Point",
        "coordinates": [
          4.4713139,
          51.1279444
        ]
      },
      "properties": {
        "access": "yes",
        "leisure": "pitch",
        "sport": "boules",
        "nearest_street": "Pronkenbergstraat",
        "commune": "Kontich",
        "province": "anvers",
        "region": "flandre"
      }
    },
    {
      "type": "Feature",
      "geometry": {
        "type": "Point",
        "coordinates": [
          4.8734991,
          51.3042609
        ]
      },
      "properties": {
        "leisure": "pitch",
        "sport": "boules",
        "nearest_street": "Vinkenpad",
        "commune": "Vosselaar",
        "province": "anvers",
        "region": "flandre"
      }
    },
    {
      "type": "Feature",
      "geometry": {
        "type": "Point",
        "coordinates": [
          4.5164445,
          51.2029248
        ]
      },
      "properties": {
        "leisure": "pitch",
        "sport": "boules",
        "nearest_street": "Brieleke",
        "commune": "Wommelgem",
        "province": "anvers",
        "region": "flandre"
      }
    },
    {
      "type": "Feature",
      "geometry": {
        "type": "Point",
        "coordinates": [
          4.4482314,
          50.5417567
        ]
      },
      "properties": {
        "leisure": "pitch",
        "lit": "no",
        "sport": "boules",
        "surface": "compacted",
        "nearest_street": "Rue des Frênes",
        "commune": "Frasnes-lez-Gosselies",
        "province": "hainaut",
        "region": "wallonie"
      }
    },
    {
      "type": "Feature",
      "geometry": {
        "type": "Point",
        "coordinates": [
          4.4483577,
          50.5417137
        ]
      },
      "properties": {
        "leisure": "pitch",
        "lit": "no",
        "sport": "boules",
        "surface": "compacted",
        "nearest_street": "Rue des Frênes",
        "commune": "Frasnes-lez-Gosselies",
        "province": "hainaut",
        "region": "wallonie"
      }
    },
    {
      "type": "Feature",
      "geometry": {
        "type": "Point",
        "coordinates": [
          4.8881458,
          50.12552
        ]
      },
      "properties": {
        "access": "private",
        "leisure": "pitch",
        "sport": "boules",
        "nearest_street": "Avenue Belle-Vue",
        "commune": "Beauraing",
        "province": "namur",
        "region": "wallonie"
      }
    },
    {
      "type": "Feature",
      "geometry": {
        "type": "Point",
        "coordinates": [
          4.6058889,
          50.6370724
        ]
      },
      "properties": {
        "leisure": "pitch",
        "lit": "no",
        "sport": "boules",
        "surface": "fine_gravel",
        "nearest_street": "Rue des Vignes",
        "commune": "Mont-Saint-Guibert",
        "province": "brabant_wallon",
        "region": "wallonie"
      }
    },
    {
      "type": "Feature",
      "geometry": {
        "type": "Point",
        "coordinates": [
          5.2136193,
          50.7822227
        ]
      },
      "properties": {
        "access": "yes",
        "boules": "petanque",
        "leisure": "pitch",
        "lit": "yes",
        "sport": "boules",
        "surface": "fine_gravel",
        "nearest_street": "Narcissenlaan",
        "commune": "Sint-Truiden",
        "province": "limbourg",
        "region": "flandre"
      }
    },
    {
      "type": "Feature",
      "geometry": {
        "type": "Point",
        "coordinates": [
          3.9801266,
          51.1023431
        ]
      },
      "properties": {
        "leisure": "pitch",
        "sport": "boules",
        "nearest_street": "Heirbrugstraat",
        "commune": "Lokeren",
        "province": "flandre_orientale",
        "region": "flandre"
      }
    },
    {
      "type": "Feature",
      "geometry": {
        "type": "Point",
        "coordinates": [
          3.1870109,
          50.9089528
        ]
      },
      "properties": {
        "leisure": "pitch",
        "sport": "boules",
        "nearest_street": "Kokelarestraat",
        "commune": "Izegem",
        "province": "flandre_occidentale",
        "region": "flandre"
      }
    },
    {
      "type": "Feature",
      "geometry": {
        "type": "Point",
        "coordinates": [
          4.041398,
          50.9330367
        ]
      },
      "properties": {
        "leisure": "pitch",
        "sport": "boules",
        "nearest_street": "Watertorenstraat",
        "commune": "Aalst",
        "province": "flandre_orientale",
        "region": "flandre"
      }
    },
    {
      "type": "Feature",
      "geometry": {
        "type": "Point",
        "coordinates": [
          4.460097,
          50.8519472
        ]
      },
      "properties": {
        "leisure": "pitch",
        "sport": "boules",
        "nearest_street": "Avenue Hippocrate - Hippokrateslaan",
        "commune": "Woluwe-Saint-Lambert - Sint-Lambrechts-Woluwe",
        "province": "brabant_flamand",
        "region": "bruxelles"
      }
    },
    {
      "type": "Feature",
      "geometry": {
        "type": "Point",
        "coordinates": [
          5.0169724,
          51.3902904
        ]
      },
      "properties": {
        "leisure": "pitch",
        "sport": "boules",
        "nearest_street": "Eelstraat",
        "commune": "Ravels",
        "province": "anvers",
        "region": "flandre"
      }
    },
    {
      "type": "Feature",
      "geometry": {
        "type": "Point",
        "coordinates": [
          6.1204509,
          50.3485218
        ]
      },
      "properties": {
        "boules": "petanque",
        "leisure": "pitch",
        "sport": "boules",
        "nearest_street": "RAVeL L48 - Vennbahn",
        "commune": "Amel",
        "province": "liege",
        "region": "wallonie"
      }
    },
    {
      "type": "Feature",
      "geometry": {
        "type": "Point",
        "coordinates": [
          5.323197,
          50.0348015
        ]
      },
      "properties": {
        "boules": "petanque",
        "leisure": "pitch",
        "sport": "boules",
        "nearest_street": "Rue du Buistay",
        "commune": "Saint-Hubert",
        "province": "luxembourg",
        "region": "wallonie"
      }
    },
    {
      "type": "Feature",
      "geometry": {
        "type": "Point",
        "coordinates": [
          3.1116158,
          51.3085504
        ]
      },
      "properties": {
        "boules": "petanque",
        "leisure": "pitch",
        "sport": "boules",
        "nearest_street": "Spaans Fortlaan",
        "commune": "Wenduine",
        "province": "flandre_occidentale",
        "region": "flandre"
      }
    },
    {
      "type": "Feature",
      "geometry": {
        "type": "Point",
        "coordinates": [
          4.4108867,
          51.2299106
        ]
      },
      "properties": {
        "leisure": "pitch",
        "lit": "no",
        "sport": "boules",
        "surface": "compacted",
        "nearest_street": "Napoleonkaai",
        "commune": "Antwerpen",
        "province": "anvers",
        "region": "flandre"
      }
    },
    {
      "type": "Feature",
      "geometry": {
        "type": "Point",
        "coordinates": [
          3.0839991,
          50.95602
        ]
      },
      "properties": {
        "access": "yes",
        "boules": "petanque",
        "leisure": "pitch",
        "lit": "no",
        "sport": "boules",
        "surface": "gravel",
        "nearest_street": "Hillestraat",
        "commune": "Roeselare",
        "province": "flandre_occidentale",
        "region": "flandre"
      }
    },
    {
      "type": "Feature",
      "geometry": {
        "type": "Point",
        "coordinates": [
          4.6934765,
          50.8772444
        ]
      },
      "properties": {
        "boules": "petanque",
        "leisure": "pitch",
        "lit": "yes",
        "sport": "boules",
        "surface": "compacted",
        "nearest_street": "Refugehof",
        "commune": "Leuven",
        "province": "brabant_flamand",
        "region": "flandre"
      }
    },
    {
      "type": "Feature",
      "geometry": {
        "type": "Point",
        "coordinates": [
          4.6935148,
          50.8772405
        ]
      },
      "properties": {
        "boules": "petanque",
        "leisure": "pitch",
        "lit": "yes",
        "sport": "boules",
        "surface": "compacted",
        "nearest_street": "Refugehof",
        "commune": "Leuven",
        "province": "brabant_flamand",
        "region": "flandre"
      }
    },
    {
      "type": "Feature",
      "geometry": {
        "type": "Point",
        "coordinates": [
          4.8394857,
          50.984338
        ]
      },
      "properties": {
        "leisure": "pitch",
        "sport": "boules",
        "nearest_street": "Demervallei",
        "commune": "Aarschot",
        "province": "brabant_flamand",
        "region": "flandre"
      }
    },
    {
      "type": "Feature",
      "geometry": {
        "type": "Point",
        "coordinates": [
          5.0187612,
          50.4278755
        ]
      },
      "properties": {
        "boules": "petanque",
        "leisure": "pitch",
        "sport": "boules",
        "nearest_street": "Rue de l'Église",
        "commune": "Faulx-Les Tombes",
        "province": "namur",
        "region": "wallonie"
      }
    },
    {
      "type": "Feature",
      "geometry": {
        "type": "Point",
        "coordinates": [
          5.0187607,
          50.4278756
        ]
      },
      "properties": {
        "leisure": "pitch",
        "sport": "boules",
        "surface": "clay",
        "nearest_street": "Rue de l'Église",
        "commune": "Faulx-Les Tombes",
        "province": "namur",
        "region": "wallonie"
      }
    },
    {
      "type": "Feature",
      "geometry": {
        "type": "Point",
        "coordinates": [
          4.3906131,
          50.8494994
        ]
      },
      "properties": {
        "access": "yes",
        "leisure": "pitch",
        "lit": "yes",
        "sport": "boules",
        "surface": "compacted",
        "nearest_street": "Place des Chasseurs Ardennais - Ardense Jagersplein",
        "commune": "Schaerbeek - Schaarbeek",
        "province": null,
        "region": "bruxelles"
      }
    },
    {
      "type": "Feature",
      "geometry": {
        "type": "Point",
        "coordinates": [
          4.8342102,
          51.2227476
        ]
      },
      "properties": {
        "leisure": "pitch",
        "lit": "yes",
        "sport": "boules",
        "surface": "grass",
        "nearest_street": "Heggelaan",
        "commune": "Lille",
        "province": "anvers",
        "region": "flandre"
      }
    },
    {
      "type": "Feature",
      "geometry": {
        "type": "Point",
        "coordinates": [
          4.4080505,
          50.355092
        ]
      },
      "properties": {
        "boules": "petanque",
        "leisure": "pitch",
        "sport": "boules",
        "nearest_street": "Rue de la Foliette",
        "commune": "Jamioulx",
        "province": "hainaut",
        "region": "wallonie"
      }
    },
    {
      "type": "Feature",
      "geometry": {
        "type": "Point",
        "coordinates": [
          3.4853639,
          50.9605136
        ]
      },
      "properties": {
        "leisure": "pitch",
        "sport": "boules",
        "nearest_street": "Zulma De Nijspad",
        "commune": "Machelen",
        "province": "flandre_orientale",
        "region": "flandre"
      }
    },
    {
      "type": "Feature",
      "geometry": {
        "type": "Point",
        "coordinates": [
          4.8771344,
          51.0846969
        ]
      },
      "properties": {
        "access": "yes",
        "boules": "yes",
        "leisure": "pitch",
        "lit": "no",
        "sport": "boules",
        "nearest_street": "Zanglijsterveld",
        "commune": "Westerlo",
        "province": "anvers",
        "region": "flandre"
      }
    },
    {
      "type": "Feature",
      "geometry": {
        "type": "Point",
        "coordinates": [
          5.6704683,
          50.738299
        ]
      },
      "properties": {
        "leisure": "pitch",
        "sport": "boules",
        "nearest_street": "Rue des 7 Bonniers",
        "commune": "Haccourt",
        "province": "liege",
        "region": "wallonie"
      }
    },
    {
      "type": "Feature",
      "geometry": {
        "type": "Point",
        "coordinates": [
          5.6704014,
          50.7381912
        ]
      },
      "properties": {
        "leisure": "pitch",
        "sport": "boules",
        "nearest_street": "Rue des 7 Bonniers",
        "commune": "Haccourt",
        "province": "liege",
        "region": "wallonie"
      }
    },
    {
      "type": "Feature",
      "geometry": {
        "type": "Point",
        "coordinates": [
          5.6702365,
          50.7381017
        ]
      },
      "properties": {
        "leisure": "pitch",
        "sport": "boules",
        "nearest_street": "Rue des 7 Bonniers",
        "commune": "Haccourt",
        "province": "liege",
        "region": "wallonie"
      }
    },
    {
      "type": "Feature",
      "geometry": {
        "type": "Point",
        "coordinates": [
          5.6701837,
          50.7379903
        ]
      },
      "properties": {
        "leisure": "pitch",
        "sport": "boules",
        "nearest_street": "Rue des 7 Bonniers",
        "commune": "Haccourt",
        "province": "liege",
        "region": "wallonie"
      }
    },
    {
      "type": "Feature",
      "geometry": {
        "type": "Point",
        "coordinates": [
          5.6701238,
          50.7378924
        ]
      },
      "properties": {
        "leisure": "pitch",
        "sport": "boules",
        "nearest_street": "Rue des 7 Bonniers",
        "commune": "Haccourt",
        "province": "liege",
        "region": "wallonie"
      }
    },
    {
      "type": "Feature",
      "geometry": {
        "type": "Point",
        "coordinates": [
          5.6708805,
          50.7379423
        ]
      },
      "properties": {
        "leisure": "pitch",
        "sport": "boules",
        "nearest_street": "Rue des 7 Bonniers",
        "commune": "Haccourt",
        "province": "liege",
        "region": "wallonie"
      }
    },
    {
      "type": "Feature",
      "geometry": {
        "type": "Point",
        "coordinates": [
          4.9249348,
          51.2364173
        ]
      },
      "properties": {
        "leisure": "pitch",
        "sport": "boules",
        "nearest_street": "Jogpad",
        "commune": "Kasterlee",
        "province": "anvers",
        "region": "flandre"
      }
    },
    {
      "type": "Feature",
      "geometry": {
        "type": "Point",
        "coordinates": [
          3.5255245,
          51.1519231
        ]
      },
      "properties": {
        "leisure": "pitch",
        "sport": "boules",
        "nearest_street": "Leendreef",
        "commune": "Oostwinkel",
        "province": "flandre_orientale",
        "region": "flandre"
      }
    },
    {
      "type": "Feature",
      "geometry": {
        "type": "Point",
        "coordinates": [
          4.9580715,
          50.5673952
        ]
      },
      "properties": {
        "leisure": "pitch",
        "sport": "boules",
        "nearest_street": null,
        "commune": "Cortil-Wodon",
        "province": "namur",
        "region": "wallonie"
      }
    },
    {
      "type": "Feature",
      "geometry": {
        "type": "Point",
        "coordinates": [
          4.4959924,
          51.1219541
        ]
      },
      "properties": {
        "boules": "petanque",
        "leisure": "pitch",
        "sport": "boules",
        "surface": "gravel",
        "nearest_street": "Raaiblok",
        "commune": "Lint",
        "province": "anvers",
        "region": "flandre"
      }
    },
    {
      "type": "Feature",
      "geometry": {
        "type": "Point",
        "coordinates": [
          5.6139716,
          50.740916
        ]
      },
      "properties": {
        "boules": "petanque",
        "leisure": "pitch",
        "sport": "boules",
        "nearest_street": "Rue de la Station",
        "commune": "Houtain-Saint-Siméon",
        "province": "liege",
        "region": "wallonie"
      }
    },
    {
      "type": "Feature",
      "geometry": {
        "type": "Point",
        "coordinates": [
          3.7641207,
          51.0266808
        ]
      },
      "properties": {
        "leisure": "pitch",
        "sport": "boules",
        "nearest_street": "Cretonnepad",
        "commune": "Gent",
        "province": "flandre_orientale",
        "region": "flandre"
      }
    },
    {
      "type": "Feature",
      "geometry": {
        "type": "Point",
        "coordinates": [
          4.5762027,
          51.1342649
        ]
      },
      "properties": {
        "boules": "petanque",
        "leisure": "pitch",
        "lit": "no",
        "sport": "boules",
        "surface": "fine_gravel",
        "nearest_street": "Vest",
        "commune": "Lier",
        "province": "anvers",
        "region": "flandre"
      }
    },
    {
      "type": "Feature",
      "geometry": {
        "type": "Point",
        "coordinates": [
          3.6954915,
          51.069368
        ]
      },
      "properties": {
        "boules": "petanque",
        "leisure": "pitch",
        "sport": "boules",
        "nearest_street": "Palinghuizen",
        "commune": "Gent",
        "province": "flandre_orientale",
        "region": "flandre"
      }
    },
    {
      "type": "Feature",
      "geometry": {
        "type": "Point",
        "coordinates": [
          4.8778379,
          50.5034954
        ]
      },
      "properties": {
        "boules": "petanque",
        "leisure": "pitch",
        "sport": "boules",
        "nearest_street": "Rue Adolphe Parmentier",
        "commune": "Namur",
        "province": "namur",
        "region": "wallonie"
      }
    },
    {
      "type": "Feature",
      "geometry": {
        "type": "Point",
        "coordinates": [
          4.9785332,
          50.5519226
        ]
      },
      "properties": {
        "boules": "petanque",
        "leisure": "pitch",
        "sport": "boules",
        "surface": "grass",
        "nearest_street": "Avenue de la Rénovation",
        "commune": "Noville-les-Bois",
        "province": "namur",
        "region": "wallonie"
      }
    },
    {
      "type": "Feature",
      "geometry": {
        "type": "Point",
        "coordinates": [
          4.9239507,
          50.5427448
        ]
      },
      "properties": {
        "leisure": "pitch",
        "sport": "boules",
        "nearest_street": "Grande Ruelle",
        "commune": "Eghezée",
        "province": "namur",
        "region": "wallonie"
      }
    },
    {
      "type": "Feature",
      "geometry": {
        "type": "Point",
        "coordinates": [
          5.0221203,
          50.5464176
        ]
      },
      "properties": {
        "leisure": "pitch",
        "sport": "boules",
        "nearest_street": "Rue du Bâty",
        "commune": "Pontillas",
        "province": "namur",
        "region": "wallonie"
      }
    },
    {
      "type": "Feature",
      "geometry": {
        "type": "Point",
        "coordinates": [
          5.576135,
          50.8480511
        ]
      },
      "properties": {
        "building": "yes",
        "leisure": "pitch",
        "name": "Petanque Club 2000",
        "source:geometry:date": "2018-01-08",
        "source:geometry:ref": "Gbg/6179673",
        "sport": "boules",
        "nearest_street": "Snijderstraat",
        "commune": "Rosmeer",
        "province": "limbourg",
        "region": "flandre"
      }
    },
    {
      "type": "Feature",
      "geometry": {
        "type": "Point",
        "coordinates": [
          4.8902121,
          51.0564033
        ]
      },
      "properties": {
        "leisure": "pitch",
        "sport": "boules",
        "nearest_street": "Borchtstraat",
        "commune": "Herselt",
        "province": "anvers",
        "region": "flandre"
      }
    },
    {
      "type": "Feature",
      "geometry": {
        "type": "Point",
        "coordinates": [
          4.8901476,
          51.0564186
        ]
      },
      "properties": {
        "leisure": "pitch",
        "sport": "boules",
        "nearest_street": "Borchtstraat",
        "commune": "Herselt",
        "province": "anvers",
        "region": "flandre"
      }
    },
    {
      "type": "Feature",
      "geometry": {
        "type": "Point",
        "coordinates": [
          4.2258799,
          50.725616
        ]
      },
      "properties": {
        "leisure": "pitch",
        "sport": "boules",
        "nearest_street": "Europalaan",
        "commune": "Halle",
        "province": "brabant_flamand",
        "region": "flandre"
      }
    },
    {
      "type": "Feature",
      "geometry": {
        "type": "Point",
        "coordinates": [
          4.2258413,
          50.7256068
        ]
      },
      "properties": {
        "leisure": "pitch",
        "sport": "boules",
        "nearest_street": "Europalaan",
        "commune": "Halle",
        "province": "brabant_flamand",
        "region": "flandre"
      }
    },
    {
      "type": "Feature",
      "geometry": {
        "type": "Point",
        "coordinates": [
          3.4016338,
          50.9161752
        ]
      },
      "properties": {
        "leisure": "pitch",
        "sport": "boules",
        "nearest_street": "Kraaienhof",
        "commune": "Sint-Baafs-Vijve",
        "province": "flandre_occidentale",
        "region": "flandre"
      }
    },
    {
      "type": "Feature",
      "geometry": {
        "type": "Point",
        "coordinates": [
          3.4017442,
          50.9161886
        ]
      },
      "properties": {
        "leisure": "pitch",
        "sport": "boules",
        "nearest_street": "Kraaienhof",
        "commune": "Sint-Baafs-Vijve",
        "province": "flandre_occidentale",
        "region": "flandre"
      }
    },
    {
      "type": "Feature",
      "geometry": {
        "type": "Point",
        "coordinates": [
          3.4018567,
          50.9162026
        ]
      },
      "properties": {
        "leisure": "pitch",
        "sport": "boules",
        "nearest_street": "Kraaienhof",
        "commune": "Sint-Baafs-Vijve",
        "province": "flandre_occidentale",
        "region": "flandre"
      }
    },
    {
      "type": "Feature",
      "geometry": {
        "type": "Point",
        "coordinates": [
          3.4019677,
          50.9162159
        ]
      },
      "properties": {
        "leisure": "pitch",
        "sport": "boules",
        "nearest_street": "Kraaienhof",
        "commune": "Sint-Baafs-Vijve",
        "province": "flandre_occidentale",
        "region": "flandre"
      }
    },
    {
      "type": "Feature",
      "geometry": {
        "type": "Point",
        "coordinates": [
          3.402081,
          50.9162308
        ]
      },
      "properties": {
        "leisure": "pitch",
        "sport": "boules",
        "nearest_street": "Kraaienhof",
        "commune": "Sint-Baafs-Vijve",
        "province": "flandre_occidentale",
        "region": "flandre"
      }
    },
    {
      "type": "Feature",
      "geometry": {
        "type": "Point",
        "coordinates": [
          4.678918,
          51.1506085
        ]
      },
      "properties": {
        "leisure": "pitch",
        "sport": "boules",
        "nearest_street": "Molenstraat",
        "commune": "Nijlen",
        "province": "anvers",
        "region": "flandre"
      }
    },
    {
      "type": "Feature",
      "geometry": {
        "type": "Point",
        "coordinates": [
          3.7253187,
          51.0635059
        ]
      },
      "properties": {
        "access": "yes",
        "boules": "petanque",
        "leisure": "pitch",
        "lit": "no",
        "sport": "boules",
        "nearest_street": "Tolhuislaan",
        "commune": "Gent",
        "province": "flandre_orientale",
        "region": "flandre"
      }
    },
    {
      "type": "Feature",
      "geometry": {
        "type": "Point",
        "coordinates": [
          4.4364809,
          50.8420408
        ]
      },
      "properties": {
        "leisure": "pitch",
        "lit": "yes",
        "sport": "boules",
        "surface": "compacted",
        "nearest_street": "Boulevard de la Woluwe - Woluwedal",
        "commune": "Woluwe-Saint-Lambert - Sint-Lambrechts-Woluwe",
        "province": null,
        "region": "bruxelles"
      }
    },
    {
      "type": "Feature",
      "geometry": {
        "type": "Point",
        "coordinates": [
          4.436445,
          50.8421298
        ]
      },
      "properties": {
        "boules": "yes",
        "leisure": "pitch",
        "lit": "no",
        "sport": "boules",
        "surface": "compacted",
        "nearest_street": "Place Saint-Lambert - Sint-Lambertusplein",
        "commune": "Woluwe-Saint-Lambert - Sint-Lambrechts-Woluwe",
        "province": null,
        "region": "bruxelles"
      }
    },
    {
      "type": "Feature",
      "geometry": {
        "type": "Point",
        "coordinates": [
          4.4362943,
          50.8419584
        ]
      },
      "properties": {
        "leisure": "pitch",
        "lit": "yes",
        "sport": "boules",
        "surface": "sand",
        "nearest_street": "Place Saint-Lambert - Sint-Lambertusplein",
        "commune": "Woluwe-Saint-Lambert - Sint-Lambrechts-Woluwe",
        "province": null,
        "region": "bruxelles"
      }
    },
    {
      "type": "Feature",
      "geometry": {
        "type": "Point",
        "coordinates": [
          4.4361673,
          50.8419372
        ]
      },
      "properties": {
        "leisure": "pitch",
        "lit": "yes",
        "sport": "boules",
        "surface": "sand",
        "nearest_street": "Place Saint-Lambert - Sint-Lambertusplein",
        "commune": "Woluwe-Saint-Lambert - Sint-Lambrechts-Woluwe",
        "province": null,
        "region": "bruxelles"
      }
    },
    {
      "type": "Feature",
      "geometry": {
        "type": "Point",
        "coordinates": [
          3.7207446,
          51.0877507
        ]
      },
      "properties": {
        "access": "yes",
        "boules": "petanque",
        "leisure": "pitch",
        "sport": "boules",
        "nearest_street": "Sloepstraat",
        "commune": "Gent",
        "province": "flandre_orientale",
        "region": "flandre"
      }
    },
    {
      "type": "Feature",
      "geometry": {
        "type": "Point",
        "coordinates": [
          3.7138297,
          51.0830173
        ]
      },
      "properties": {
        "access": "yes",
        "boules": "petanque",
        "leisure": "pitch",
        "lit": "no",
        "sport": "boules",
        "nearest_street": "Appelterrepad",
        "commune": "Gent",
        "province": "flandre_orientale",
        "region": "flandre"
      }
    },
    {
      "type": "Feature",
      "geometry": {
        "type": "Point",
        "coordinates": [
          3.7059147,
          51.0631386
        ]
      },
      "properties": {
        "access": "yes",
        "boules": "petanque",
        "leisure": "pitch",
        "note": "Overlapt (volgens OSM) met een gebouw??",
        "sport": "boules",
        "nearest_street": "Gebroeders De Smetstraat",
        "commune": "Gent",
        "province": "flandre_orientale",
        "region": "flandre"
      }
    },
    {
      "type": "Feature",
      "geometry": {
        "type": "Point",
        "coordinates": [
          3.757646,
          51.0277921
        ]
      },
      "properties": {
        "access": "yes",
        "boules": "petanque",
        "leisure": "pitch",
        "lit": "yes",
        "sport": "boules",
        "nearest_street": "Wijkpark De Porre",
        "commune": "Gent",
        "province": "flandre_orientale",
        "region": "flandre"
      }
    },
    {
      "type": "Feature",
      "geometry": {
        "type": "Point",
        "coordinates": [
          3.6927253,
          51.0707666
        ]
      },
      "properties": {
        "access": "yes",
        "boules": "petanque",
        "leisure": "pitch",
        "sport": "boules",
        "surface": "fine_gravel",
        "nearest_street": "Brugsevaart",
        "commune": "Gent",
        "province": "flandre_orientale",
        "region": "flandre"
      }
    },
    {
      "type": "Feature",
      "geometry": {
        "type": "Point",
        "coordinates": [
          3.9806552,
          51.0430362
        ]
      },
      "properties": {
        "boules": "petanque",
        "leisure": "pitch",
        "sport": "boules",
        "nearest_street": "Alfred Nelenpad",
        "commune": "Berlare",
        "province": "flandre_orientale",
        "region": "flandre"
      }
    },
    {
      "type": "Feature",
      "geometry": {
        "type": "Point",
        "coordinates": [
          3.7746003,
          51.0388443
        ]
      },
      "properties": {
        "access": "yes",
        "boules": "petanque",
        "leisure": "pitch",
        "lit": "no",
        "sport": "boules",
        "surface": "compacted",
        "nearest_street": "Fernand Van Bellepad",
        "commune": "Gent",
        "province": "flandre_orientale",
        "region": "flandre"
      }
    },
    {
      "type": "Feature",
      "geometry": {
        "type": "Point",
        "coordinates": [
          3.7746283,
          51.0387914
        ]
      },
      "properties": {
        "access": "yes",
        "boules": "petanque",
        "leisure": "pitch",
        "lit": "no",
        "sport": "boules",
        "surface": "compacted",
        "nearest_street": "Boswachterstraat",
        "commune": "Gent",
        "province": "flandre_orientale",
        "region": "flandre"
      }
    },
    {
      "type": "Feature",
      "geometry": {
        "type": "Point",
        "coordinates": [
          6.1337781,
          50.4437129
        ]
      },
      "properties": {
        "leisure": "pitch",
        "sport": "boules",
        "nearest_street": "Champagne",
        "commune": "Champagne",
        "province": "liege",
        "region": "wallonie"
      }
    },
    {
      "type": "Feature",
      "geometry": {
        "type": "Point",
        "coordinates": [
          3.1325668,
          51.0288259
        ]
      },
      "properties": {
        "leisure": "pitch",
        "lit": "no",
        "sport": "boules",
        "surface": "clay",
        "nearest_street": "Rozenlaan",
        "commune": "Lichtervelde",
        "province": "flandre_occidentale",
        "region": "flandre"
      }
    },
    {
      "type": "Feature",
      "geometry": {
        "type": "Point",
        "coordinates": [
          3.0636,
          51.2816637
        ]
      },
      "properties": {
        "leisure": "pitch",
        "lit": "yes",
        "name": "Beach Volley & Jeu de boules",
        "sport": "boules",
        "surface": "sand",
        "nearest_street": "Wenduinesteenweg",
        "commune": "Nieuwmunster",
        "province": "flandre_occidentale",
        "region": "flandre"
      }
    },
    {
      "type": "Feature",
      "geometry": {
        "type": "Point",
        "coordinates": [
          5.8163834,
          50.7040834
        ]
      },
      "properties": {
        "leisure": "pitch",
        "sport": "boules",
        "nearest_street": "Rue des Platanes",
        "commune": "Aubel",
        "province": "liege",
        "region": "wallonie"
      }
    },
    {
      "type": "Feature",
      "geometry": {
        "type": "Point",
        "coordinates": [
          4.3221348,
          50.8318957
        ]
      },
      "properties": {
        "leisure": "pitch",
        "sport": "boules",
        "nearest_street": "Rue de la Petite Île - Klein Eilandstraat",
        "commune": "Anderlecht",
        "province": null,
        "region": "bruxelles"
      }
    },
    {
      "type": "Feature",
      "geometry": {
        "type": "Point",
        "coordinates": [
          4.436107,
          50.842137
        ]
      },
      "properties": {
        "leisure": "pitch",
        "sport": "boules",
        "surface": "compacted",
        "nearest_street": "Place Saint-Lambert - Sint-Lambertusplein",
        "commune": "Woluwe-Saint-Lambert - Sint-Lambrechts-Woluwe",
        "province": null,
        "region": "bruxelles"
      }
    },
    {
      "type": "Feature",
      "geometry": {
        "type": "Point",
        "coordinates": [
          4.4362478,
          50.8421615
        ]
      },
      "properties": {
        "leisure": "pitch",
        "sport": "boules",
        "surface": "compacted",
        "nearest_street": "Place Saint-Lambert - Sint-Lambertusplein",
        "commune": "Woluwe-Saint-Lambert - Sint-Lambrechts-Woluwe",
        "province": null,
        "region": "bruxelles"
      }
    },
    {
      "type": "Feature",
      "geometry": {
        "type": "Point",
        "coordinates": [
          5.2959471,
          50.7516842
        ]
      },
      "properties": {
        "access": "yes",
        "building": "roof",
        "covered": "yes",
        "leisure": "pitch",
        "lit": "yes",
        "sport": "boules",
        "surface": "fine_gravel",
        "nearest_street": "Finse piste",
        "commune": "Heers",
        "province": "limbourg",
        "region": "flandre"
      }
    },
    {
      "type": "Feature",
      "geometry": {
        "type": "Point",
        "coordinates": [
          4.3950591,
          50.8999413
        ]
      },
      "properties": {
        "leisure": "pitch",
        "sport": "boules",
        "nearest_street": "Petit chemin Vert - Korte Groenweg",
        "commune": "Bruxelles - Brussel",
        "province": null,
        "region": "bruxelles"
      }
    },
    {
      "type": "Feature",
      "geometry": {
        "type": "Point",
        "coordinates": [
          4.3950059,
          50.8999275
        ]
      },
      "properties": {
        "leisure": "pitch",
        "sport": "boules",
        "nearest_street": "Petit chemin Vert - Korte Groenweg",
        "commune": "Bruxelles - Brussel",
        "province": null,
        "region": "bruxelles"
      }
    },
    {
      "type": "Feature",
      "geometry": {
        "type": "Point",
        "coordinates": [
          5.5695368,
          50.7067641
        ]
      },
      "properties": {
        "boules": "petanque",
        "leisure": "pitch",
        "sport": "boules",
        "nearest_street": "Anixhe",
        "commune": "Juprelle",
        "province": "liege",
        "region": "wallonie"
      }
    },
    {
      "type": "Feature",
      "geometry": {
        "type": "Point",
        "coordinates": [
          3.1508679,
          50.9279292
        ]
      },
      "properties": {
        "access": "yes",
        "boules": "petanque",
        "leisure": "pitch",
        "sport": "boules",
        "surface": "fine_gravel",
        "nearest_street": "Palfreniersstraat",
        "commune": "Roeselare",
        "province": "flandre_occidentale",
        "region": "flandre"
      }
    },
    {
      "type": "Feature",
      "geometry": {
        "type": "Point",
        "coordinates": [
          3.1556845,
          50.9317903
        ]
      },
      "properties": {
        "access": "yes",
        "boules": "petanque",
        "leisure": "pitch",
        "sport": "boules",
        "surface": "fine_gravel",
        "nearest_street": "Pastoor Slossestraat",
        "commune": "Roeselare",
        "province": "flandre_occidentale",
        "region": "flandre"
      }
    },
    {
      "type": "Feature",
      "geometry": {
        "type": "Point",
        "coordinates": [
          4.2996981,
          50.8357958
        ]
      },
      "properties": {
        "leisure": "pitch",
        "sport": "boules",
        "surface": "fine_gravel",
        "nearest_street": "Place De Linde - De Lindeplein",
        "commune": "Anderlecht",
        "province": null,
        "region": "bruxelles"
      }
    },
    {
      "type": "Feature",
      "geometry": {
        "type": "Point",
        "coordinates": [
          4.2995004,
          50.8358018
        ]
      },
      "properties": {
        "leisure": "pitch",
        "sport": "boules",
        "surface": "fine_gravel",
        "nearest_street": "Place De Linde - De Lindeplein",
        "commune": "Anderlecht",
        "province": null,
        "region": "bruxelles"
      }
    },
    {
      "type": "Feature",
      "geometry": {
        "type": "Point",
        "coordinates": [
          5.5555695,
          50.7295718
        ]
      },
      "properties": {
        "boules": "petanque",
        "leisure": "pitch",
        "sport": "boules",
        "nearest_street": "Aux Sauls Corbesier",
        "commune": "Juprelle",
        "province": "liege",
        "region": "wallonie"
      }
    },
    {
      "type": "Feature",
      "geometry": {
        "type": "Point",
        "coordinates": [
          6.152942,
          50.4048763
        ]
      },
      "properties": {
        "boules": "yes",
        "leisure": "pitch",
        "lit": "no",
        "sport": "boules",
        "surface": "sand",
        "nearest_street": "Rue de la Hasse",
        "commune": "Faymonville",
        "province": "liege",
        "region": "wallonie"
      }
    },
    {
      "type": "Feature",
      "geometry": {
        "type": "Point",
        "coordinates": [
          3.7595703,
          51.0167985
        ]
      },
      "properties": {
        "access": "yes",
        "boules": "petanque",
        "leisure": "pitch",
        "sport": "boules",
        "nearest_street": "Tien Aprillaan",
        "commune": "Merelbeke",
        "province": "flandre_orientale",
        "region": "flandre"
      }
    },
    {
      "type": "Feature",
      "geometry": {
        "type": "Point",
        "coordinates": [
          5.5272436,
          50.7107543
        ]
      },
      "properties": {
        "boules": "petanque",
        "leisure": "pitch",
        "sport": "boules",
        "nearest_street": "Rue de l'Église",
        "commune": "Juprelle",
        "province": "liege",
        "region": "wallonie"
      }
    },
    {
      "type": "Feature",
      "geometry": {
        "type": "Point",
        "coordinates": [
          4.8482232,
          50.9981934
        ]
      },
      "properties": {
        "leisure": "pitch",
        "sport": "boules",
        "nearest_street": "Wilgenpad",
        "commune": "Aarschot",
        "province": "brabant_flamand",
        "region": "flandre"
      }
    },
    {
      "type": "Feature",
      "geometry": {
        "type": "Point",
        "coordinates": [
          4.5223823,
          51.2283991
        ]
      },
      "properties": {
        "access": "permissive",
        "boules": "petanque",
        "leisure": "pitch",
        "sport": "boules",
        "surface": "sand",
        "nearest_street": "Boskantweg",
        "commune": "Wijnegem",
        "province": "anvers",
        "region": "flandre"
      }
    },
    {
      "type": "Feature",
      "geometry": {
        "type": "Point",
        "coordinates": [
          3.0314846,
          51.2750767
        ]
      },
      "properties": {
        "leisure": "pitch",
        "lit": "yes",
        "sport": "boules",
        "surface": "compacted",
        "nearest_street": "Albertlaan",
        "commune": "De Haan",
        "province": "flandre_occidentale",
        "region": "flandre"
      }
    },
    {
      "type": "Feature",
      "geometry": {
        "type": "Point",
        "coordinates": [
          4.3801663,
          51.1870572
        ]
      },
      "properties": {
        "leisure": "pitch",
        "sport": "boules",
        "nearest_street": "Pierenbergstraat",
        "commune": "Antwerpen",
        "province": "anvers",
        "region": "flandre"
      }
    },
    {
      "type": "Feature",
      "geometry": {
        "type": "Point",
        "coordinates": [
          4.3574958,
          50.9197695
        ]
      },
      "properties": {
        "leisure": "pitch",
        "sport": "boules",
        "nearest_street": "Sint-Alexiusstraat",
        "commune": "Grimbergen",
        "province": "brabant_flamand",
        "region": "flandre"
      }
    },
    {
      "type": "Feature",
      "geometry": {
        "type": "Point",
        "coordinates": [
          4.3576134,
          50.9197182
        ]
      },
      "properties": {
        "leisure": "pitch",
        "sport": "boules",
        "nearest_street": "Sint-Alexiusstraat",
        "commune": "Grimbergen",
        "province": "brabant_flamand",
        "region": "flandre"
      }
    },
    {
      "type": "Feature",
      "geometry": {
        "type": "Point",
        "coordinates": [
          3.1641152,
          50.9282535
        ]
      },
      "properties": {
        "access": "yes",
        "boules": "petanque",
        "leisure": "pitch",
        "lit": "no",
        "sport": "boules",
        "surface": "fine_gravel",
        "nearest_street": "Kwadestraat",
        "commune": "Roeselare",
        "province": "flandre_occidentale",
        "region": "flandre"
      }
    },
    {
      "type": "Feature",
      "geometry": {
        "type": "Point",
        "coordinates": [
          3.7045597,
          51.0473274
        ]
      },
      "properties": {
        "access": "yes",
        "leisure": "pitch",
        "sport": "boules",
        "nearest_street": "Watersportlaan",
        "commune": "Gent",
        "province": "flandre_orientale",
        "region": "flandre"
      }
    },
    {
      "type": "Feature",
      "geometry": {
        "type": "Point",
        "coordinates": [
          4.9370069,
          50.4770611
        ]
      },
      "properties": {
        "building": "yes",
        "leisure": "pitch",
        "sport": "boules",
        "nearest_street": "Promenade de la Douceur Mosane",
        "commune": "Namur",
        "province": "namur",
        "region": "wallonie"
      }
    },
    {
      "type": "Feature",
      "geometry": {
        "type": "Point",
        "coordinates": [
          5.496049,
          50.9575555
        ]
      },
      "properties": {
        "boules": "petanque",
        "leisure": "pitch",
        "sport": "boules",
        "nearest_street": "Zonneweeldelaan",
        "commune": "Genk",
        "province": "limbourg",
        "region": "flandre"
      }
    },
    {
      "type": "Feature",
      "geometry": {
        "type": "Point",
        "coordinates": [
          4.668355,
          50.0315092
        ]
      },
      "properties": {
        "leisure": "pitch",
        "sport": "boules",
        "nearest_street": "Rue de Oignies",
        "commune": "Le Mesnil",
        "province": "namur",
        "region": "wallonie"
      }
    },
    {
      "type": "Feature",
      "geometry": {
        "type": "Point",
        "coordinates": [
          4.6683644,
          50.031436
        ]
      },
      "properties": {
        "leisure": "pitch",
        "sport": "boules",
        "nearest_street": "Rue Trieux de la Balle",
        "commune": "Le Mesnil",
        "province": "namur",
        "region": "wallonie"
      }
    },
    {
      "type": "Feature",
      "geometry": {
        "type": "Point",
        "coordinates": [
          4.243574,
          51.0677561
        ]
      },
      "properties": {
        "access": "yes",
        "area": "yes",
        "boules": "petanque",
        "leisure": "pitch",
        "sport": "boules",
        "nearest_street": "Meirstraat",
        "commune": "Oppuurs",
        "province": "anvers",
        "region": "flandre"
      }
    },
    {
      "type": "Feature",
      "geometry": {
        "type": "Point",
        "coordinates": [
          5.7910349,
          50.4902561
        ]
      },
      "properties": {
        "leisure": "pitch",
        "sport": "boules",
        "nearest_street": "Place de l'Église",
        "commune": "Theux",
        "province": "liege",
        "region": "wallonie"
      }
    },
    {
      "type": "Feature",
      "geometry": {
        "type": "Point",
        "coordinates": [
          3.6119191,
          50.8445066
        ]
      },
      "properties": {
        "leisure": "pitch",
        "sport": "boules",
        "nearest_street": null,
        "commune": "Oudenaarde",
        "province": "flandre_orientale",
        "region": "flandre"
      }
    },
    {
      "type": "Feature",
      "geometry": {
        "type": "Point",
        "coordinates": [
          2.6549392,
          50.8876634
        ]
      },
      "properties": {
        "leisure": "pitch",
        "sport": "boules",
        "nearest_street": "Eekhoute",
        "commune": "Poperinge",
        "province": "flandre_occidentale",
        "region": "flandre"
      }
    },
    {
      "type": "Feature",
      "geometry": {
        "type": "Point",
        "coordinates": [
          4.9733799,
          51.3451532
        ]
      },
      "properties": {
        "leisure": "pitch",
        "sport": "boules",
        "nearest_street": "Karperstraat",
        "commune": "Oud-Turnhout",
        "province": "anvers",
        "region": "flandre"
      }
    },
    {
      "type": "Feature",
      "geometry": {
        "type": "Point",
        "coordinates": [
          4.9742197,
          51.3399071
        ]
      },
      "properties": {
        "leisure": "pitch",
        "sport": "boules",
        "nearest_street": "Rijpertpadje",
        "commune": "Oud-Turnhout",
        "province": "anvers",
        "region": "flandre"
      }
    },
    {
      "type": "Feature",
      "geometry": {
        "type": "Point",
        "coordinates": [
          3.1048786,
          50.9617904
        ]
      },
      "properties": {
        "leisure": "pitch",
        "sport": "boules",
        "nearest_street": "Klokkeputstraat",
        "commune": "Roeselare",
        "province": "flandre_occidentale",
        "region": "flandre"
      }
    },
    {
      "type": "Feature",
      "geometry": {
        "type": "Point",
        "coordinates": [
          4.3354201,
          50.8456486
        ]
      },
      "properties": {
        "leisure": "pitch",
        "sport": "boules",
        "nearest_street": "Place Alphonse Lemmens - Alphonse Lemmensplein",
        "commune": "Anderlecht",
        "province": null,
        "region": "bruxelles"
      }
    },
    {
      "type": "Feature",
      "geometry": {
        "type": "Point",
        "coordinates": [
          4.3352765,
          50.8457502
        ]
      },
      "properties": {
        "leisure": "pitch",
        "lit": "yes",
        "sport": "boules",
        "surface": "tartan",
        "nearest_street": "Place Alphonse Lemmens - Alphonse Lemmensplein",
        "commune": "Anderlecht",
        "province": null,
        "region": "bruxelles"
      }
    },
    {
      "type": "Feature",
      "geometry": {
        "type": "Point",
        "coordinates": [
          5.0010508,
          50.4653142
        ]
      },
      "properties": {
        "leisure": "pitch",
        "sport": "boules",
        "nearest_street": "Rue de Thon",
        "commune": "Andenne",
        "province": "namur",
        "region": "wallonie"
      }
    },
    {
      "type": "Feature",
      "geometry": {
        "type": "Point",
        "coordinates": [
          4.9047059,
          50.5141661
        ]
      },
      "properties": {
        "leisure": "pitch",
        "sport": "boules",
        "nearest_street": "Terre au Baur",
        "commune": "Namur",
        "province": "namur",
        "region": "wallonie"
      }
    },
    {
      "type": "Feature",
      "geometry": {
        "type": "Point",
        "coordinates": [
          5.3182445,
          50.2964637
        ]
      },
      "properties": {
        "leisure": "pitch",
        "sport": "boules",
        "nearest_street": "Rue du Bochetay",
        "commune": "Heure",
        "province": "namur",
        "region": "wallonie"
      }
    },
    {
      "type": "Feature",
      "geometry": {
        "type": "Point",
        "coordinates": [
          5.4023704,
          50.4422473
        ]
      },
      "properties": {
        "boules": "petanque",
        "leisure": "pitch",
        "sport": "boules",
        "nearest_street": "Rue de Pair",
        "commune": "Clavier",
        "province": "liege",
        "region": "wallonie"
      }
    },
    {
      "type": "Feature",
      "geometry": {
        "type": "Point",
        "coordinates": [
          4.1225125,
          51.2237499
        ]
      },
      "properties": {
        "leisure": "pitch",
        "sport": "boules",
        "nearest_street": "Zwanenhoekstraat",
        "commune": "Sint-Gillis-Waas",
        "province": "flandre_orientale",
        "region": "flandre"
      }
    },
    {
      "type": "Feature",
      "geometry": {
        "type": "Point",
        "coordinates": [
          4.1223919,
          51.2238576
        ]
      },
      "properties": {
        "leisure": "pitch",
        "sport": "boules",
        "nearest_street": "Kemphoek",
        "commune": "Sint-Gillis-Waas",
        "province": "flandre_orientale",
        "region": "flandre"
      }
    },
    {
      "type": "Feature",
      "geometry": {
        "type": "Point",
        "coordinates": [
          5.8262177,
          49.5671138
        ]
      },
      "properties": {
        "leisure": "pitch",
        "sport": "boules",
        "nearest_street": "Rue du Parc",
        "commune": "Aubange",
        "province": "luxembourg",
        "region": "wallonie"
      }
    },
    {
      "type": "Feature",
      "geometry": {
        "type": "Point",
        "coordinates": [
          4.1907175,
          50.6958602
        ]
      },
      "properties": {
        "leisure": "pitch",
        "sport": "boules",
        "nearest_street": "Rue de la Chasse",
        "commune": "Tubize",
        "province": "brabant_wallon",
        "region": "wallonie"
      }
    },
    {
      "type": "Feature",
      "geometry": {
        "type": "Point",
        "coordinates": [
          4.1907775,
          50.6958708
        ]
      },
      "properties": {
        "leisure": "pitch",
        "sport": "boules",
        "nearest_street": "Rue Bel Air",
        "commune": "Tubize",
        "province": "brabant_wallon",
        "region": "wallonie"
      }
    },
    {
      "type": "Feature",
      "geometry": {
        "type": "Point",
        "coordinates": [
          3.6993684,
          51.0609925
        ]
      },
      "properties": {
        "access": "yes",
        "boules": "petanque",
        "leisure": "pitch",
        "lit": "no",
        "sport": "boules",
        "nearest_street": "Acaciastraat",
        "commune": "Gent",
        "province": "flandre_orientale",
        "region": "flandre"
      }
    },
    {
      "type": "Feature",
      "geometry": {
        "type": "Point",
        "coordinates": [
          4.1474266,
          51.1645132
        ]
      },
      "properties": {
        "leisure": "pitch",
        "sport": "boules",
        "nearest_street": "Karmelhof",
        "commune": "Sint-Niklaas",
        "province": "flandre_orientale",
        "region": "flandre"
      }
    },
    {
      "type": "Feature",
      "geometry": {
        "type": "Point",
        "coordinates": [
          3.6206894,
          51.0669635
        ]
      },
      "properties": {
        "leisure": "pitch",
        "sport": "boules",
        "nearest_street": "Joannes Schinckdreef",
        "commune": "Gent",
        "province": "flandre_orientale",
        "region": "flandre"
      }
    },
    {
      "type": "Feature",
      "geometry": {
        "type": "Point",
        "coordinates": [
          4.5690947,
          51.1197957
        ]
      },
      "properties": {
        "leisure": "pitch",
        "sport": "boules",
        "nearest_street": "Herderin",
        "commune": "Lier",
        "province": "anvers",
        "region": "flandre"
      }
    },
    {
      "type": "Feature",
      "geometry": {
        "type": "Point",
        "coordinates": [
          4.312248,
          50.8399262
        ]
      },
      "properties": {
        "leisure": "pitch",
        "lit": "yes",
        "sport": "boules",
        "surface": "tartan",
        "nearest_street": "Scheut",
        "commune": "Anderlecht",
        "province": null,
        "region": "bruxelles"
      }
    },
    {
      "type": "Feature",
      "geometry": {
        "type": "Point",
        "coordinates": [
          5.1300014,
          51.2737475
        ]
      },
      "properties": {
        "leisure": "pitch",
        "sport": "boules",
        "nearest_street": "Postelsebaan",
        "commune": "Retie",
        "province": "anvers",
        "region": "flandre"
      }
    },
    {
      "type": "Feature",
      "geometry": {
        "type": "Point",
        "coordinates": [
          3.6592979,
          51.0522465
        ]
      },
      "properties": {
        "leisure": "pitch",
        "sport": "boules",
        "nearest_street": "Klaverdries",
        "commune": "Gent",
        "province": "flandre_orientale",
        "region": "flandre"
      }
    },
    {
      "type": "Feature",
      "geometry": {
        "type": "Point",
        "coordinates": [
          3.1082913,
          50.7990669
        ]
      },
      "properties": {
        "boules": "petanque",
        "leisure": "pitch",
        "sport": "boules",
        "nearest_street": "Ijzerstraat",
        "commune": "Menen",
        "province": "flandre_occidentale",
        "region": "flandre"
      }
    },
    {
      "type": "Feature",
      "geometry": {
        "type": "Point",
        "coordinates": [
          3.1082525,
          50.7990708
        ]
      },
      "properties": {
        "boules": "petanque",
        "leisure": "pitch",
        "sport": "boules",
        "nearest_street": "Ijzerstraat",
        "commune": "Menen",
        "province": "flandre_occidentale",
        "region": "flandre"
      }
    },
    {
      "type": "Feature",
      "geometry": {
        "type": "Point",
        "coordinates": [
          4.6814375,
          51.3446702
        ]
      },
      "properties": {
        "leisure": "pitch",
        "sport": "boules",
        "nearest_street": "Houtstraat",
        "commune": "Brecht",
        "province": "anvers",
        "region": "flandre"
      }
    },
    {
      "type": "Feature",
      "geometry": {
        "type": "Point",
        "coordinates": [
          4.6814811,
          51.3446864
        ]
      },
      "properties": {
        "leisure": "pitch",
        "sport": "boules",
        "nearest_street": "Houtstraat",
        "commune": "Brecht",
        "province": "anvers",
        "region": "flandre"
      }
    },
    {
      "type": "Feature",
      "geometry": {
        "type": "Point",
        "coordinates": [
          4.7162393,
          50.8253546
        ]
      },
      "properties": {
        "leisure": "pitch",
        "sport": "boules",
        "surface": "fine_gravel",
        "nearest_street": null,
        "commune": "Oud-Heverlee",
        "province": "brabant_flamand",
        "region": "flandre"
      }
    },
    {
      "type": "Feature",
      "geometry": {
        "type": "Point",
        "coordinates": [
          4.7160809,
          50.8254367
        ]
      },
      "properties": {
        "leisure": "pitch",
        "sport": "boules",
        "surface": "fine_gravel",
        "nearest_street": null,
        "commune": "Oud-Heverlee",
        "province": "brabant_flamand",
        "region": "flandre"
      }
    },
    {
      "type": "Feature",
      "geometry": {
        "type": "Point",
        "coordinates": [
          4.719404,
          50.874414
        ]
      },
      "properties": {
        "access": "yes",
        "boules": "yes",
        "leisure": "pitch",
        "lit": "no",
        "smokefree": "yes",
        "smoking": "no",
        "smoking:cannabis": "no",
        "smoking:outside": "no",
        "sport": "boules",
        "surface": "fine_gravel",
        "nearest_street": "Spoordijk",
        "commune": "Leuven",
        "province": "brabant_flamand",
        "region": "flandre"
      }
    },
    {
      "type": "Feature",
      "geometry": {
        "type": "Point",
        "coordinates": [
          5.8134477,
          49.5996487
        ]
      },
      "properties": {
        "leisure": "pitch",
        "sport": "boules",
        "nearest_street": "Domaine du Lac",
        "commune": "Messancy",
        "province": "luxembourg",
        "region": "wallonie"
      }
    },
    {
      "type": "Feature",
      "geometry": {
        "type": "Point",
        "coordinates": [
          3.9295725,
          50.9888258
        ]
      },
      "properties": {
        "leisure": "pitch",
        "sport": "boules",
        "nearest_street": "Dorpstraat",
        "commune": "Wichelen",
        "province": "flandre_orientale",
        "region": "flandre"
      }
    },
    {
      "type": "Feature",
      "geometry": {
        "type": "Point",
        "coordinates": [
          3.9332337,
          50.9827015
        ]
      },
      "properties": {
        "leisure": "pitch",
        "sport": "boules",
        "nearest_street": "Steenkouter",
        "commune": "Wichelen",
        "province": "flandre_orientale",
        "region": "flandre"
      }
    },
    {
      "type": "Feature",
      "geometry": {
        "type": "Point",
        "coordinates": [
          4.378858,
          50.968418
        ]
      },
      "properties": {
        "boules": "petanque",
        "leisure": "pitch",
        "sport": "boules",
        "nearest_street": "Voetweg 60 - 1e Beekvoetweg",
        "commune": "Humbeek",
        "province": "brabant_flamand",
        "region": "flandre"
      }
    },
    {
      "type": "Feature",
      "geometry": {
        "type": "Point",
        "coordinates": [
          3.7026384,
          51.0393122
        ]
      },
      "properties": {
        "boules": "petanque",
        "leisure": "pitch",
        "lit": "no",
        "sport": "boules",
        "surface": "compacted",
        "nearest_street": "Chantal Claeysdreef",
        "commune": "Gent",
        "province": "flandre_orientale",
        "region": "flandre"
      }
    },
    {
      "type": "Feature",
      "geometry": {
        "type": "Point",
        "coordinates": [
          5.3213779,
          50.603946
        ]
      },
      "properties": {
        "boules": "petanque",
        "leisure": "pitch",
        "name": "Espace Alain Frère",
        "sport": "boules",
        "surface": "gravel",
        "nearest_street": "Rue de la Station",
        "commune": "Verlaine",
        "province": "liege",
        "region": "wallonie"
      }
    },
    {
      "type": "Feature",
      "geometry": {
        "type": "Point",
        "coordinates": [
          4.8581807,
          51.1453956
        ]
      },
      "properties": {
        "access": "yes",
        "leisure": "pitch",
        "panoramax": "11a2f533-0693-437f-b13d-817903ee7a06",
        "sport": "boules",
        "nearest_street": "Kerkepad",
        "commune": "Olen",
        "province": "anvers",
        "region": "flandre"
      }
    },
    {
      "type": "Feature",
      "geometry": {
        "type": "Point",
        "coordinates": [
          4.8582946,
          51.1455222
        ]
      },
      "properties": {
        "access": "yes",
        "leisure": "pitch",
        "sport": "boules",
        "nearest_street": "Herentalseweg",
        "commune": "Olen",
        "province": "anvers",
        "region": "flandre"
      }
    },
    {
      "type": "Feature",
      "geometry": {
        "type": "Point",
        "coordinates": [
          3.6473113,
          51.0427482
        ]
      },
      "properties": {
        "leisure": "pitch",
        "sport": "boules",
        "nearest_street": "Dosweg",
        "commune": "Gent",
        "province": "flandre_orientale",
        "region": "flandre"
      }
    },
    {
      "type": "Feature",
      "geometry": {
        "type": "Point",
        "coordinates": [
          4.3161494,
          50.8297237
        ]
      },
      "properties": {
        "boules": "petanque",
        "leisure": "pitch",
        "sport": "boules",
        "nearest_street": "Rue de la Filature - Spinnerijstraat",
        "commune": "Anderlecht",
        "province": null,
        "region": "bruxelles"
      }
    },
    {
      "type": "Feature",
      "geometry": {
        "type": "Point",
        "coordinates": [
          3.3533001,
          50.8141926
        ]
      },
      "properties": {
        "leisure": "pitch",
        "sport": "boules",
        "nearest_street": "Stoomstraat",
        "commune": "Zwevegem",
        "province": "flandre_occidentale",
        "region": "flandre"
      }
    },
    {
      "type": "Feature",
      "geometry": {
        "type": "Point",
        "coordinates": [
          3.7496675,
          51.180666
        ]
      },
      "properties": {
        "leisure": "pitch",
        "sport": "boules",
        "nearest_street": "Populierstraat",
        "commune": "Evergem",
        "province": "flandre_orientale",
        "region": "flandre"
      }
    },
    {
      "type": "Feature",
      "geometry": {
        "type": "Point",
        "coordinates": [
          4.5053344,
          51.2945706
        ]
      },
      "properties": {
        "boules": "petanque",
        "leisure": "pitch",
        "sport": "boules",
        "nearest_street": "Grasdries",
        "commune": "Brasschaat",
        "province": "anvers",
        "region": "flandre"
      }
    },
    {
      "type": "Feature",
      "geometry": {
        "type": "Point",
        "coordinates": [
          4.2130205,
          50.7179115
        ]
      },
      "properties": {
        "leisure": "pitch",
        "sport": "boules",
        "nearest_street": "Bremstraat",
        "commune": "Halle",
        "province": "brabant_flamand",
        "region": "flandre"
      }
    },
    {
      "type": "Feature",
      "geometry": {
        "type": "Point",
        "coordinates": [
          4.2129988,
          50.7179462
        ]
      },
      "properties": {
        "leisure": "pitch",
        "sport": "boules",
        "nearest_street": "Karabiniersstraat",
        "commune": "Halle",
        "province": "brabant_flamand",
        "region": "flandre"
      }
    },
    {
      "type": "Feature",
      "geometry": {
        "type": "Point",
        "coordinates": [
          4.2372492,
          50.7407793
        ]
      },
      "properties": {
        "leisure": "pitch",
        "sport": "boules",
        "nearest_street": "Jean Jacminstraat",
        "commune": "Halle",
        "province": "brabant_flamand",
        "region": "flandre"
      }
    },
    {
      "type": "Feature",
      "geometry": {
        "type": "Point",
        "coordinates": [
          4.2372109,
          50.7407577
        ]
      },
      "properties": {
        "leisure": "pitch",
        "sport": "boules",
        "nearest_street": "Jean Jacminstraat",
        "commune": "Halle",
        "province": "brabant_flamand",
        "region": "flandre"
      }
    },
    {
      "type": "Feature",
      "geometry": {
        "type": "Point",
        "coordinates": [
          4.5361622,
          51.2279248
        ]
      },
      "properties": {
        "boules": "petanque",
        "leisure": "pitch",
        "sport": "boules",
        "nearest_street": "Het Sas",
        "commune": "Wijnegem",
        "province": "anvers",
        "region": "flandre"
      }
    },
    {
      "type": "Feature",
      "geometry": {
        "type": "Point",
        "coordinates": [
          4.5985723,
          51.2478609
        ]
      },
      "properties": {
        "boules": "petanque",
        "leisure": "pitch",
        "lit": "no",
        "sport": "boules",
        "surface": "pebblestone",
        "nearest_street": "Prins Boudewijnlaan",
        "commune": "Schilde",
        "province": "anvers",
        "region": "flandre"
      }
    },
    {
      "type": "Feature",
      "geometry": {
        "type": "Point",
        "coordinates": [
          4.5986077,
          51.2478748
        ]
      },
      "properties": {
        "boules": "petanque",
        "leisure": "pitch",
        "lit": "no",
        "sport": "boules",
        "surface": "pebblestone",
        "nearest_street": "Prins Boudewijnlaan",
        "commune": "Schilde",
        "province": "anvers",
        "region": "flandre"
      }
    },
    {
      "type": "Feature",
      "geometry": {
        "type": "Point",
        "coordinates": [
          4.5986439,
          51.2478887
        ]
      },
      "properties": {
        "boules": "petanque",
        "leisure": "pitch",
        "lit": "no",
        "sport": "boules",
        "surface": "pebblestone",
        "nearest_street": "Prins Boudewijnlaan",
        "commune": "Schilde",
        "province": "anvers",
        "region": "flandre"
      }
    },
    {
      "type": "Feature",
      "geometry": {
        "type": "Point",
        "coordinates": [
          5.4159527,
          50.7064768
        ]
      },
      "properties": {
        "leisure": "pitch",
        "sport": "boules",
        "nearest_street": "Rue Joseph Hamels",
        "commune": "Crisnée",
        "province": "liege",
        "region": "wallonie"
      }
    },
    {
      "type": "Feature",
      "geometry": {
        "type": "Point",
        "coordinates": [
          5.4161063,
          50.7065046
        ]
      },
      "properties": {
        "leisure": "pitch",
        "sport": "boules",
        "nearest_street": "Rue Joseph Hamels",
        "commune": "Crisnée",
        "province": "liege",
        "region": "wallonie"
      }
    },
    {
      "type": "Feature",
      "geometry": {
        "type": "Point",
        "coordinates": [
          5.4161322,
          50.706655
        ]
      },
      "properties": {
        "leisure": "pitch",
        "sport": "boules",
        "nearest_street": "Rue Joseph Hamels",
        "commune": "Crisnée",
        "province": "liege",
        "region": "wallonie"
      }
    },
    {
      "type": "Feature",
      "geometry": {
        "type": "Point",
        "coordinates": [
          5.4160192,
          50.7067346
        ]
      },
      "properties": {
        "leisure": "pitch",
        "sport": "boules",
        "nearest_street": "Rue Joseph Hamels",
        "commune": "Crisnée",
        "province": "liege",
        "region": "wallonie"
      }
    },
    {
      "type": "Feature",
      "geometry": {
        "type": "Point",
        "coordinates": [
          5.4157974,
          50.7067282
        ]
      },
      "properties": {
        "leisure": "pitch",
        "sport": "boules",
        "nearest_street": "Rue Joseph Hamels",
        "commune": "Crisnée",
        "province": "liege",
        "region": "wallonie"
      }
    },
    {
      "type": "Feature",
      "geometry": {
        "type": "Point",
        "coordinates": [
          3.1227642,
          51.1676844
        ]
      },
      "properties": {
        "boules": "petanque",
        "leisure": "pitch",
        "sport": "boules",
        "nearest_street": "Zuidmoere",
        "commune": "Snellegem",
        "province": "flandre_occidentale",
        "region": "flandre"
      }
    },
    {
      "type": "Feature",
      "geometry": {
        "type": "Point",
        "coordinates": [
          3.5516263,
          50.8701704
        ]
      },
      "properties": {
        "boules": "petanque",
        "leisure": "pitch",
        "lit": "no",
        "sport": "boules",
        "nearest_street": "Ooikeplein",
        "commune": "voormalige gemeente Ooike",
        "province": "flandre_orientale",
        "region": "flandre"
      }
    },
    {
      "type": "Feature",
      "geometry": {
        "type": "Point",
        "coordinates": [
          5.3741084,
          50.9495199
        ]
      },
      "properties": {
        "leisure": "pitch",
        "lit": "no",
        "sport": "boules",
        "surface": "compacted",
        "nearest_street": "Borggravevijversstraat",
        "commune": "Hasselt",
        "province": "limbourg",
        "region": "flandre"
      }
    },
    {
      "type": "Feature",
      "geometry": {
        "type": "Point",
        "coordinates": [
          3.1637686,
          50.9750889
        ]
      },
      "properties": {
        "leisure": "pitch",
        "sport": "boules",
        "nearest_street": "Kruisboommolenstraat",
        "commune": "Roeselare",
        "province": "flandre_occidentale",
        "region": "flandre"
      }
    },
    {
      "type": "Feature",
      "geometry": {
        "type": "Point",
        "coordinates": [
          3.1637391,
          50.9750689
        ]
      },
      "properties": {
        "leisure": "pitch",
        "sport": "boules",
        "nearest_street": "Kruisboommolenstraat",
        "commune": "Roeselare",
        "province": "flandre_occidentale",
        "region": "flandre"
      }
    },
    {
      "type": "Feature",
      "geometry": {
        "type": "Point",
        "coordinates": [
          3.7150081,
          51.0450255
        ]
      },
      "properties": {
        "access": "customers",
        "boules": "petanque",
        "leisure": "pitch",
        "lit": "no",
        "sport": "boules",
        "surface": "fine_gravel",
        "nearest_street": null,
        "commune": "Gent",
        "province": "flandre_orientale",
        "region": "flandre"
      }
    },
    {
      "type": "Feature",
      "geometry": {
        "type": "Point",
        "coordinates": [
          4.8803461,
          51.059579
        ]
      },
      "properties": {
        "access": "yes",
        "leisure": "pitch",
        "sport": "boules",
        "nearest_street": "Asbroek",
        "commune": "Herselt",
        "province": "anvers",
        "region": "flandre"
      }
    },
    {
      "type": "Feature",
      "geometry": {
        "type": "Point",
        "coordinates": [
          4.880363,
          51.0595318
        ]
      },
      "properties": {
        "access": "yes",
        "leisure": "pitch",
        "sport": "boules",
        "nearest_street": "Asbroek",
        "commune": "Herselt",
        "province": "anvers",
        "region": "flandre"
      }
    },
    {
      "type": "Feature",
      "geometry": {
        "type": "Point",
        "coordinates": [
          4.8803798,
          51.0594859
        ]
      },
      "properties": {
        "access": "yes",
        "leisure": "pitch",
        "sport": "boules",
        "nearest_street": "Asbroek",
        "commune": "Herselt",
        "province": "anvers",
        "region": "flandre"
      }
    },
    {
      "type": "Feature",
      "geometry": {
        "type": "Point",
        "coordinates": [
          4.2269596,
          50.7391619
        ]
      },
      "properties": {
        "leisure": "pitch",
        "sport": "boules",
        "nearest_street": "Nikkenberg",
        "commune": "Halle",
        "province": "brabant_flamand",
        "region": "flandre"
      }
    },
    {
      "type": "Feature",
      "geometry": {
        "type": "Point",
        "coordinates": [
          4.2269395,
          50.7391964
        ]
      },
      "properties": {
        "leisure": "pitch",
        "sport": "boules",
        "nearest_street": "Nikkenberg",
        "commune": "Halle",
        "province": "brabant_flamand",
        "region": "flandre"
      }
    },
    {
      "type": "Feature",
      "geometry": {
        "type": "Point",
        "coordinates": [
          4.6933388,
          50.5535469
        ]
      },
      "properties": {
        "leisure": "pitch",
        "sport": "boules",
        "nearest_street": "Rue Chapelle Moureau",
        "commune": "Gembloux",
        "province": "namur",
        "region": "wallonie"
      }
    },
    {
      "type": "Feature",
      "geometry": {
        "type": "Point",
        "coordinates": [
          4.076053,
          50.8440743
        ]
      },
      "properties": {
        "leisure": "pitch",
        "sport": "boules",
        "nearest_street": "Kwinkeleersweg",
        "commune": "Pamel",
        "province": "brabant_flamand",
        "region": "flandre"
      }
    },
    {
      "type": "Feature",
      "geometry": {
        "type": "Point",
        "coordinates": [
          4.1117573,
          50.7347461
        ]
      },
      "properties": {
        "boules": "petanque",
        "leisure": "pitch",
        "sport": "boules",
        "nearest_street": "Plaats",
        "commune": "Heikruis",
        "province": "brabant_flamand",
        "region": "flandre"
      }
    },
    {
      "type": "Feature",
      "geometry": {
        "type": "Point",
        "coordinates": [
          4.1117554,
          50.7348225
        ]
      },
      "properties": {
        "boules": "petanque",
        "leisure": "pitch",
        "sport": "boules",
        "nearest_street": "Plaats",
        "commune": "Heikruis",
        "province": "brabant_flamand",
        "region": "flandre"
      }
    },
    {
      "type": "Feature",
      "geometry": {
        "type": "Point",
        "coordinates": [
          3.0429273,
          51.0323413
        ]
      },
      "properties": {
        "boules": "petanque",
        "leisure": "pitch",
        "sport": "boules",
        "nearest_street": null,
        "commune": "Kortemark",
        "province": "flandre_occidentale",
        "region": "flandre"
      }
    },
    {
      "type": "Feature",
      "geometry": {
        "type": "Point",
        "coordinates": [
          2.9498204,
          50.7516566
        ]
      },
      "properties": {
        "leisure": "pitch",
        "sport": "boules",
        "nearest_street": "Quai Verboeckhoven",
        "commune": "Comines-Warneton - Komen-Waasten",
        "province": "hainaut",
        "region": "wallonie"
      }
    },
    {
      "type": "Feature",
      "geometry": {
        "type": "Point",
        "coordinates": [
          2.9499116,
          50.7516105
        ]
      },
      "properties": {
        "leisure": "pitch",
        "sport": "boules",
        "nearest_street": "Quai Verboeckhoven",
        "commune": "Comines-Warneton - Komen-Waasten",
        "province": "hainaut",
        "region": "wallonie"
      }
    },
    {
      "type": "Feature",
      "geometry": {
        "type": "Point",
        "coordinates": [
          2.9496799,
          50.7515597
        ]
      },
      "properties": {
        "leisure": "pitch",
        "sport": "boules",
        "nearest_street": "Quai Verboeckhoven",
        "commune": "Comines-Warneton - Komen-Waasten",
        "province": "hainaut",
        "region": "wallonie"
      }
    },
    {
      "type": "Feature",
      "geometry": {
        "type": "Point",
        "coordinates": [
          4.4768111,
          50.5233451
        ]
      },
      "properties": {
        "leisure": "pitch",
        "sport": "boules",
        "nearest_street": "Rue Alphonse Planche",
        "commune": "Les Bons Villers",
        "province": "hainaut",
        "region": "wallonie"
      }
    },
    {
      "type": "Feature",
      "geometry": {
        "type": "Point",
        "coordinates": [
          4.2776222,
          50.9149548
        ]
      },
      "properties": {
        "leisure": "pitch",
        "sport": "boules",
        "surface": "compacted",
        "nearest_street": "Sint Guduladreef",
        "commune": "Merchtem",
        "province": "brabant_flamand",
        "region": "flandre"
      }
    },
    {
      "type": "Feature",
      "geometry": {
        "type": "Point",
        "coordinates": [
          5.5735199,
          50.9353986
        ]
      },
      "properties": {
        "leisure": "pitch",
        "sport": "boules",
        "nearest_street": "Pandenstraat",
        "commune": "Zutendaal",
        "province": "limbourg",
        "region": "flandre"
      }
    },
    {
      "type": "Feature",
      "geometry": {
        "type": "Point",
        "coordinates": [
          4.3958806,
          50.8340941
        ]
      },
      "properties": {
        "leisure": "pitch",
        "lit": "yes",
        "sport": "boules",
        "surface": "ground",
        "nearest_street": "Place du Rinsdelle - Rinsdelleplein",
        "commune": "Etterbeek",
        "province": null,
        "region": "bruxelles"
      }
    },
    {
      "type": "Feature",
      "geometry": {
        "type": "Point",
        "coordinates": [
          4.1679845,
          50.4131419
        ]
      },
      "properties": {
        "boules": "petanque",
        "leisure": "pitch",
        "lit": "yes",
        "sport": "boules",
        "surface": "artificial_turf",
        "nearest_street": "Rempart Bon Secours",
        "commune": "Binche",
        "province": "hainaut",
        "region": "wallonie"
      }
    },
    {
      "type": "Feature",
      "geometry": {
        "type": "Point",
        "coordinates": [
          4.1740788,
          50.4132884
        ]
      },
      "properties": {
        "boules": "petanque",
        "leisure": "pitch",
        "lit": "yes",
        "sport": "boules",
        "nearest_street": "Rue de Maromme",
        "commune": "Binche",
        "province": "hainaut",
        "region": "wallonie"
      }
    },
    {
      "type": "Feature",
      "geometry": {
        "type": "Point",
        "coordinates": [
          5.4141106,
          50.9876192
        ]
      },
      "properties": {
        "leisure": "pitch",
        "sport": "boules",
        "nearest_street": "Kneuterweg",
        "commune": "Zonhoven",
        "province": "limbourg",
        "region": "flandre"
      }
    },
    {
      "type": "Feature",
      "geometry": {
        "type": "Point",
        "coordinates": [
          4.8672081,
          51.3254831
        ]
      },
      "properties": {
        "leisure": "pitch",
        "sport": "boules",
        "surface": "grass",
        "nearest_street": "Anjerstraat",
        "commune": "Beerse",
        "province": "anvers",
        "region": "flandre"
      }
    },
    {
      "type": "Feature",
      "geometry": {
        "type": "Point",
        "coordinates": [
          4.844453,
          51.3118726
        ]
      },
      "properties": {
        "leisure": "pitch",
        "sport": "boules",
        "nearest_street": "Stadionlaan",
        "commune": "Beerse",
        "province": "anvers",
        "region": "flandre"
      }
    },
    {
      "type": "Feature",
      "geometry": {
        "type": "Point",
        "coordinates": [
          4.7820703,
          51.2955831
        ]
      },
      "properties": {
        "leisure": "pitch",
        "sport": "boules",
        "nearest_street": "Kerkhofstraat",
        "commune": "Beerse",
        "province": "anvers",
        "region": "flandre"
      }
    },
    {
      "type": "Feature",
      "geometry": {
        "type": "Point",
        "coordinates": [
          3.7597159,
          51.0072825
        ]
      },
      "properties": {
        "leisure": "pitch",
        "lit": "no",
        "sport": "boules",
        "surface": "fine_gravel",
        "nearest_street": "Koningin Fabiolapark",
        "commune": "Merelbeke",
        "province": "flandre_orientale",
        "region": "flandre"
      }
    },
    {
      "type": "Feature",
      "geometry": {
        "type": "Point",
        "coordinates": [
          4.3739667,
          50.7363268
        ]
      },
      "properties": {
        "contact:website": "https://www.sint-genesius-rode.be/nl/dienst/2606/sport--en-jeugddienst",
        "leisure": "pitch",
        "sport": "boules",
        "nearest_street": "Merellaan - Avenue du Merle",
        "commune": "Sint-Genesius-Rode - Rhode-Saint-Genèse",
        "province": "brabant_flamand",
        "region": "flandre"
      }
    },
    {
      "type": "Feature",
      "geometry": {
        "type": "Point",
        "coordinates": [
          5.3980121,
          51.1471956
        ]
      },
      "properties": {
        "leisure": "pitch",
        "sport": "boules",
        "nearest_street": "Windmolenstraat",
        "commune": "Eksel",
        "province": "limbourg",
        "region": "flandre"
      }
    },
    {
      "type": "Feature",
      "geometry": {
        "type": "Point",
        "coordinates": [
          5.397942,
          51.1472254
        ]
      },
      "properties": {
        "leisure": "pitch",
        "sport": "boules",
        "nearest_street": "Windmolenstraat",
        "commune": "Eksel",
        "province": "limbourg",
        "region": "flandre"
      }
    },
    {
      "type": "Feature",
      "geometry": {
        "type": "Point",
        "coordinates": [
          4.3815774,
          50.9708397
        ]
      },
      "properties": {
        "boules": "petanque",
        "leisure": "pitch",
        "sport": "boules",
        "nearest_street": "Meiskensbeekstraat",
        "commune": "Humbeek",
        "province": "brabant_flamand",
        "region": "flandre"
      }
    },
    {
      "type": "Feature",
      "geometry": {
        "type": "Point",
        "coordinates": [
          4.3200764,
          50.851563
        ]
      },
      "properties": {
        "leisure": "pitch",
        "sport": "boules",
        "nearest_street": "Avenue De Roovere - De Rooverelaan",
        "commune": "Molenbeek-Saint-Jean - Sint-Jans-Molenbeek",
        "province": null,
        "region": "bruxelles"
      }
    },
    {
      "type": "Feature",
      "geometry": {
        "type": "Point",
        "coordinates": [
          4.320074,
          50.8515313
        ]
      },
      "properties": {
        "leisure": "pitch",
        "sport": "boules",
        "nearest_street": "Avenue De Roovere - De Rooverelaan",
        "commune": "Molenbeek-Saint-Jean - Sint-Jans-Molenbeek",
        "province": null,
        "region": "bruxelles"
      }
    },
    {
      "type": "Feature",
      "geometry": {
        "type": "Point",
        "coordinates": [
          4.8407986,
          50.8849128
        ]
      },
      "properties": {
        "leisure": "pitch",
        "lit": "no",
        "sport": "boules",
        "surface": "gravel",
        "nearest_street": "Broekstraat",
        "commune": "Lubbeek",
        "province": "brabant_flamand",
        "region": "flandre"
      }
    },
    {
      "type": "Feature",
      "geometry": {
        "type": "Point",
        "coordinates": [
          5.1625615,
          51.1595285
        ]
      },
      "properties": {
        "leisure": "pitch",
        "sport": "boules",
        "nearest_street": "Hoolsterberg",
        "commune": "Balen",
        "province": "anvers",
        "region": "flandre"
      }
    },
    {
      "type": "Feature",
      "geometry": {
        "type": "Point",
        "coordinates": [
          4.32314,
          51.3483292
        ]
      },
      "properties": {
        "access": "customers",
        "leisure": "pitch",
        "sport": "boules",
        "nearest_street": "Henri Deckerspad",
        "commune": "Antwerpen",
        "province": "anvers",
        "region": "flandre"
      }
    },
    {
      "type": "Feature",
      "geometry": {
        "type": "Point",
        "coordinates": [
          4.4527908,
          50.5310714
        ]
      },
      "properties": {
        "leisure": "pitch",
        "lit": "no",
        "sport": "boules",
        "surface": "compacted",
        "nearest_street": "Rue Jean-Baptiste Loriaux",
        "commune": "Frasnes-lez-Gosselies",
        "province": "hainaut",
        "region": "wallonie"
      }
    },
    {
      "type": "Feature",
      "geometry": {
        "type": "Point",
        "coordinates": [
          4.8918489,
          51.1774417
        ]
      },
      "properties": {
        "access": "yes",
        "leisure": "pitch",
        "sport": "boules",
        "nearest_street": "Radiumstraat",
        "commune": "Olen",
        "province": "anvers",
        "region": "flandre"
      }
    },
    {
      "type": "Feature",
      "geometry": {
        "type": "Point",
        "coordinates": [
          4.3225756,
          50.5902089
        ]
      },
      "properties": {
        "boules": "petanque",
        "leisure": "pitch",
        "sport": "boules",
        "nearest_street": "Esplanade André Doyen",
        "commune": "Nivelles",
        "province": "brabant_wallon",
        "region": "wallonie"
      }
    },
    {
      "type": "Feature",
      "geometry": {
        "type": "Point",
        "coordinates": [
          4.3226212,
          50.5903235
        ]
      },
      "properties": {
        "boules": "petanque",
        "leisure": "pitch",
        "sport": "boules",
        "nearest_street": "Esplanade André Doyen",
        "commune": "Nivelles",
        "province": "brabant_wallon",
        "region": "wallonie"
      }
    },
    {
      "type": "Feature",
      "geometry": {
        "type": "Point",
        "coordinates": [
          4.6768928,
          50.9216657
        ]
      },
      "properties": {
        "access": "permissive",
        "leisure": "pitch",
        "lit": "no",
        "sport": "boules",
        "nearest_street": "Elststraat",
        "commune": "Herent",
        "province": "brabant_flamand",
        "region": "flandre"
      }
    },
    {
      "type": "Feature",
      "geometry": {
        "type": "Point",
        "coordinates": [
          4.9026198,
          51.1278866
        ]
      },
      "properties": {
        "leisure": "pitch",
        "lit": "yes",
        "sport": "boules",
        "surface": "compacted",
        "nearest_street": "Franz Scheerlaan",
        "commune": "Westerlo",
        "province": "anvers",
        "region": "flandre"
      }
    },
    {
      "type": "Feature",
      "geometry": {
        "type": "Point",
        "coordinates": [
          3.428886,
          50.5371169
        ]
      },
      "properties": {
        "leisure": "pitch",
        "sport": "boules",
        "nearest_street": "Rue Petit Marais",
        "commune": "Hollain",
        "province": "hainaut",
        "region": "wallonie"
      }
    },
    {
      "type": "Feature",
      "geometry": {
        "type": "Point",
        "coordinates": [
          5.4875536,
          50.5804681
        ]
      },
      "properties": {
        "boules": "petanque",
        "covered": "no",
        "leisure": "pitch",
        "sport": "boules",
        "surface": "clay",
        "nearest_street": "Avenue Davy",
        "commune": "Seraing",
        "province": "liege",
        "region": "wallonie"
      }
    },
    {
      "type": "Feature",
      "geometry": {
        "type": "Point",
        "coordinates": [
          3.1880143,
          50.9145123
        ]
      },
      "properties": {
        "boules": "petanque",
        "leisure": "pitch",
        "sport": "boules",
        "nearest_street": "Kastanjestraat",
        "commune": "Izegem",
        "province": "flandre_occidentale",
        "region": "flandre"
      }
    },
    {
      "type": "Feature",
      "geometry": {
        "type": "Point",
        "coordinates": [
          3.1943542,
          50.9202488
        ]
      },
      "properties": {
        "leisure": "pitch",
        "sport": "boules",
        "nearest_street": "Mentenhoekstraat",
        "commune": "Izegem",
        "province": "flandre_occidentale",
        "region": "flandre"
      }
    },
    {
      "type": "Feature",
      "geometry": {
        "type": "Point",
        "coordinates": [
          4.5785203,
          50.3585605
        ]
      },
      "properties": {
        "boules": "petanque",
        "leisure": "pitch",
        "sport": "boules",
        "nearest_street": "Rue du Bas-Sart",
        "commune": "Gougnies",
        "province": "hainaut",
        "region": "wallonie"
      }
    },
    {
      "type": "Feature",
      "geometry": {
        "type": "Point",
        "coordinates": [
          4.578632,
          50.3586696
        ]
      },
      "properties": {
        "boules": "petanque",
        "leisure": "pitch",
        "sport": "boules",
        "nearest_street": "Rue du Bas-Sart",
        "commune": "Gougnies",
        "province": "hainaut",
        "region": "wallonie"
      }
    },
    {
      "type": "Feature",
      "geometry": {
        "type": "Point",
        "coordinates": [
          4.5784379,
          50.3584125
        ]
      },
      "properties": {
        "boules": "petanque",
        "leisure": "pitch",
        "sport": "boules",
        "nearest_street": "Rue du Bas-Sart",
        "commune": "Gougnies",
        "province": "hainaut",
        "region": "wallonie"
      }
    },
    {
      "type": "Feature",
      "geometry": {
        "type": "Point",
        "coordinates": [
          3.4136555,
          50.8784819
        ]
      },
      "properties": {
        "access": "yes",
        "boules": "petanque",
        "leisure": "pitch",
        "sport": "boules",
        "nearest_street": "Hoogmolenstraat",
        "commune": "Waregem",
        "province": "flandre_occidentale",
        "region": "flandre"
      }
    },
    {
      "type": "Feature",
      "geometry": {
        "type": "Point",
        "coordinates": [
          5.5355205,
          49.8000983
        ]
      },
      "properties": {
        "leisure": "pitch",
        "sport": "boules",
        "surface": "sand",
        "nearest_street": "Rue de la Tannerie",
        "commune": "Léglise",
        "province": "luxembourg",
        "region": "wallonie"
      }
    },
    {
      "type": "Feature",
      "geometry": {
        "type": "Point",
        "coordinates": [
          5.5443532,
          50.628768
        ]
      },
      "properties": {
        "access": "yes",
        "leisure": "pitch",
        "lit": "yes",
        "reservation": "no",
        "sport": "boules",
        "surface": "compacted",
        "nearest_street": "Rue des Grands-Champs",
        "commune": "Liège",
        "province": "liege",
        "region": "wallonie"
      }
    },
    {
      "type": "Feature",
      "geometry": {
        "type": "Point",
        "coordinates": [
          5.4298861,
          50.8076617
        ]
      },
      "properties": {
        "leisure": "pitch",
        "lit": "yes",
        "sport": "boules",
        "surface": "compacted",
        "nearest_street": "Sint-Laurensstraat",
        "commune": "Overrepen",
        "province": "limbourg",
        "region": "flandre"
      }
    },
    {
      "type": "Feature",
      "geometry": {
        "type": "Point",
        "coordinates": [
          5.4298442,
          50.8076189
        ]
      },
      "properties": {
        "leisure": "pitch",
        "lit": "yes",
        "sport": "boules",
        "surface": "compacted",
        "nearest_street": "Sint-Laurensstraat",
        "commune": "Overrepen",
        "province": "limbourg",
        "region": "flandre"
      }
    },
    {
      "type": "Feature",
      "geometry": {
        "type": "Point",
        "coordinates": [
          3.1385001,
          50.9718877
        ]
      },
      "properties": {
        "boules": "petanque",
        "leisure": "pitch",
        "sport": "boules",
        "nearest_street": "Deken Wallaertstraat",
        "commune": "Roeselare",
        "province": "flandre_occidentale",
        "region": "flandre"
      }
    },
    {
      "type": "Feature",
      "geometry": {
        "type": "Point",
        "coordinates": [
          5.5603485,
          50.6217713
        ]
      },
      "properties": {
        "leisure": "pitch",
        "sport": "boules",
        "nearest_street": "Rue de Bourgogne",
        "commune": "Liège",
        "province": "liege",
        "region": "wallonie"
      }
    },
    {
      "type": "Feature",
      "geometry": {
        "type": "Point",
        "coordinates": [
          3.9673702,
          51.014687
        ]
      },
      "properties": {
        "leisure": "pitch",
        "sport": "boules",
        "nearest_street": "Nederkouter",
        "commune": "Wichelen",
        "province": "flandre_orientale",
        "region": "flandre"
      }
    },
    {
      "type": "Feature",
      "geometry": {
        "type": "Point",
        "coordinates": [
          4.2878891,
          50.8187577
        ]
      },
      "properties": {
        "access": "yes",
        "leisure": "pitch",
        "sport": "boules",
        "nearest_street": "Route de Lennik - Lennikse Baan",
        "commune": "Anderlecht",
        "province": null,
        "region": "bruxelles"
      }
    },
    {
      "type": "Feature",
      "geometry": {
        "type": "Point",
        "coordinates": [
          4.729684,
          50.8865673
        ]
      },
      "properties": {
        "leisure": "pitch",
        "lit": "yes",
        "smokefree": "yes",
        "smoking": "no",
        "smoking:cannabis": "no",
        "smoking:outside": "no",
        "sport": "boules",
        "surface": "compacted",
        "nearest_street": "Rustoordlaan",
        "commune": "Leuven",
        "province": "brabant_flamand",
        "region": "flandre"
      }
    },
    {
      "type": "Feature",
      "geometry": {
        "type": "Point",
        "coordinates": [
          4.8620544,
          50.4773935
        ]
      },
      "properties": {
        "access": "permissive",
        "leisure": "pitch",
        "lit": "no",
        "sport": "boules",
        "surface": "compacted",
        "nearest_street": "Avenue du Transvaal",
        "commune": "Namur",
        "province": "namur",
        "region": "wallonie"
      }
    },
    {
      "type": "Feature",
      "geometry": {
        "type": "Point",
        "coordinates": [
          3.9218161,
          51.0388382
        ]
      },
      "properties": {
        "leisure": "pitch",
        "sport": "boules",
        "nearest_street": "Groten Akker",
        "commune": "Laarne",
        "province": "flandre_orientale",
        "region": "flandre"
      }
    },
    {
      "type": "Feature",
      "geometry": {
        "type": "Point",
        "coordinates": [
          3.9409713,
          50.7160352
        ]
      },
      "properties": {
        "leisure": "pitch",
        "sport": "boules",
        "nearest_street": "Plaats",
        "commune": "Bever",
        "province": "brabant_flamand",
        "region": "flandre"
      }
    },
    {
      "type": "Feature",
      "geometry": {
        "type": "Point",
        "coordinates": [
          5.5481048,
          49.5790573
        ]
      },
      "properties": {
        "leisure": "pitch",
        "sport": "boules",
        "nearest_street": "Clos des Horlées",
        "commune": "Virton",
        "province": "luxembourg",
        "region": "wallonie"
      }
    },
    {
      "type": "Feature",
      "geometry": {
        "type": "Point",
        "coordinates": [
          4.3057589,
          50.8743736
        ]
      },
      "properties": {
        "leisure": "pitch",
        "sport": "boules",
        "nearest_street": "Clos Jacques Wagner - Jacques Wagnergaarde",
        "commune": "Ganshoren",
        "province": null,
        "region": "bruxelles"
      }
    },
    {
      "type": "Feature",
      "geometry": {
        "type": "Point",
        "coordinates": [
          4.3057108,
          50.8743499
        ]
      },
      "properties": {
        "leisure": "pitch",
        "sport": "boules",
        "nearest_street": "Rue Vanderveken - Vandervekenstraat",
        "commune": "Ganshoren",
        "province": null,
        "region": "bruxelles"
      }
    },
    {
      "type": "Feature",
      "geometry": {
        "type": "Point",
        "coordinates": [
          4.3056632,
          50.8743275
        ]
      },
      "properties": {
        "leisure": "pitch",
        "sport": "boules",
        "nearest_street": "Rue Vanderveken - Vandervekenstraat",
        "commune": "Ganshoren",
        "province": null,
        "region": "bruxelles"
      }
    },
    {
      "type": "Feature",
      "geometry": {
        "type": "Point",
        "coordinates": [
          4.2449247,
          50.7248118
        ]
      },
      "properties": {
        "leisure": "pitch",
        "sport": "boules",
        "nearest_street": "Tulpenlaan",
        "commune": "Halle",
        "province": "brabant_flamand",
        "region": "flandre"
      }
    },
    {
      "type": "Feature",
      "geometry": {
        "type": "Point",
        "coordinates": [
          4.2436806,
          50.7221174
        ]
      },
      "properties": {
        "leisure": "pitch",
        "sport": "boules",
        "nearest_street": "Heuvelpark",
        "commune": "Halle",
        "province": "brabant_flamand",
        "region": "flandre"
      }
    },
    {
      "type": "Feature",
      "geometry": {
        "type": "Point",
        "coordinates": [
          4.2423537,
          50.7252486
        ]
      },
      "properties": {
        "leisure": "pitch",
        "sport": "boules",
        "nearest_street": "Jubelplein",
        "commune": "Halle",
        "province": "brabant_flamand",
        "region": "flandre"
      }
    },
    {
      "type": "Feature",
      "geometry": {
        "type": "Point",
        "coordinates": [
          4.0444078,
          51.2060021
        ]
      },
      "properties": {
        "access": "yes",
        "boules": "petanque",
        "leisure": "pitch",
        "lit": "no",
        "name": "Petanqueveld",
        "sport": "boules",
        "surface": "gravel",
        "nearest_street": "Van Nature Actieflaan",
        "commune": "Stekene",
        "province": "flandre_orientale",
        "region": "flandre"
      }
    },
    {
      "type": "Feature",
      "geometry": {
        "type": "Point",
        "coordinates": [
          3.3113849,
          50.8463196
        ]
      },
      "properties": {
        "boules": "petanque",
        "leisure": "pitch",
        "sport": "boules",
        "nearest_street": "Heerbaan",
        "commune": "Harelbeke",
        "province": "flandre_occidentale",
        "region": "flandre"
      }
    },
    {
      "type": "Feature",
      "geometry": {
        "type": "Point",
        "coordinates": [
          5.5168765,
          50.8694091
        ]
      },
      "properties": {
        "leisure": "pitch",
        "sport": "boules",
        "nearest_street": "Demerlaan",
        "commune": "Bilzen",
        "province": "limbourg",
        "region": "flandre"
      }
    },
    {
      "type": "Feature",
      "geometry": {
        "type": "Point",
        "coordinates": [
          5.4019423,
          50.8382837
        ]
      },
      "properties": {
        "building": "yes",
        "leisure": "pitch",
        "sport": "boules",
        "nearest_street": "Sint-Gerarduspad",
        "commune": "Hasselt",
        "province": "limbourg",
        "region": "flandre"
      }
    },
    {
      "type": "Feature",
      "geometry": {
        "type": "Point",
        "coordinates": [
          4.2372785,
          50.7275169
        ]
      },
      "properties": {
        "leisure": "pitch",
        "sport": "boules",
        "nearest_street": "Koning Boudewijnlaan",
        "commune": "Halle",
        "province": "brabant_flamand",
        "region": "flandre"
      }
    },
    {
      "type": "Feature",
      "geometry": {
        "type": "Point",
        "coordinates": [
          4.2397471,
          50.7277339
        ]
      },
      "properties": {
        "leisure": "pitch",
        "sport": "boules",
        "nearest_street": "Prins van Luiklaan",
        "commune": "Halle",
        "province": "brabant_flamand",
        "region": "flandre"
      }
    },
    {
      "type": "Feature",
      "geometry": {
        "type": "Point",
        "coordinates": [
          4.2397402,
          50.7277717
        ]
      },
      "properties": {
        "leisure": "pitch",
        "sport": "boules",
        "nearest_street": "Prins van Luiklaan",
        "commune": "Halle",
        "province": "brabant_flamand",
        "region": "flandre"
      }
    },
    {
      "type": "Feature",
      "geometry": {
        "type": "Point",
        "coordinates": [
          5.5766921,
          50.847832
        ]
      },
      "properties": {
        "building": "yes",
        "leisure": "pitch",
        "sport": "boules",
        "nearest_street": "Snijderstraat",
        "commune": "Rosmeer",
        "province": "limbourg",
        "region": "flandre"
      }
    },
    {
      "type": "Feature",
      "geometry": {
        "type": "Point",
        "coordinates": [
          5.576676,
          50.8478684
        ]
      },
      "properties": {
        "building": "yes",
        "leisure": "pitch",
        "sport": "boules",
        "nearest_street": "Snijderstraat",
        "commune": "Rosmeer",
        "province": "limbourg",
        "region": "flandre"
      }
    },
    {
      "type": "Feature",
      "geometry": {
        "type": "Point",
        "coordinates": [
          5.5766699,
          50.8479003
        ]
      },
      "properties": {
        "building": "yes",
        "leisure": "pitch",
        "sport": "boules",
        "nearest_street": "Snijderstraat",
        "commune": "Rosmeer",
        "province": "limbourg",
        "region": "flandre"
      }
    },
    {
      "type": "Feature",
      "geometry": {
        "type": "Point",
        "coordinates": [
          5.5766619,
          50.8479363
        ]
      },
      "properties": {
        "building": "yes",
        "leisure": "pitch",
        "sport": "boules",
        "nearest_street": "Snijderstraat",
        "commune": "Rosmeer",
        "province": "limbourg",
        "region": "flandre"
      }
    },
    {
      "type": "Feature",
      "geometry": {
        "type": "Point",
        "coordinates": [
          5.5766468,
          50.8479699
        ]
      },
      "properties": {
        "building": "yes",
        "leisure": "pitch",
        "sport": "boules",
        "nearest_street": "Snijderstraat",
        "commune": "Rosmeer",
        "province": "limbourg",
        "region": "flandre"
      }
    },
    {
      "type": "Feature",
      "geometry": {
        "type": "Point",
        "coordinates": [
          3.7291305,
          51.0708607
        ]
      },
      "properties": {
        "leisure": "pitch",
        "sport": "boules",
        "nearest_street": "Terneuzenlaan",
        "commune": "Gent",
        "province": "flandre_orientale",
        "region": "flandre"
      }
    },
    {
      "type": "Feature",
      "geometry": {
        "type": "Point",
        "coordinates": [
          3.7286877,
          51.077348
        ]
      },
      "properties": {
        "boules": "petanque",
        "leisure": "pitch",
        "note": "ongewoon veld",
        "sport": "boules",
        "nearest_street": "New-Yorkstraat",
        "commune": "Gent",
        "province": "flandre_orientale",
        "region": "flandre"
      }
    },
    {
      "type": "Feature",
      "geometry": {
        "type": "Point",
        "coordinates": [
          4.0439234,
          51.2073995
        ]
      },
      "properties": {
        "access": "customers",
        "boules": "petanque",
        "leisure": "pitch",
        "lit": "yes",
        "sport": "boules",
        "nearest_street": "Van Nature Actieflaan",
        "commune": "Stekene",
        "province": "flandre_orientale",
        "region": "flandre"
      }
    },
    {
      "type": "Feature",
      "geometry": {
        "type": "Point",
        "coordinates": [
          3.970794,
          51.1098814
        ]
      },
      "properties": {
        "leisure": "pitch",
        "lit": "yes",
        "sport": "boules",
        "surface": "fine_gravel",
        "nearest_street": "Veerstraat",
        "commune": "Lokeren",
        "province": "flandre_orientale",
        "region": "flandre"
      }
    },
    {
      "type": "Feature",
      "geometry": {
        "type": "Point",
        "coordinates": [
          3.9709345,
          51.1098768
        ]
      },
      "properties": {
        "leisure": "pitch",
        "lit": "yes",
        "sport": "boules",
        "surface": "fine_gravel",
        "nearest_street": "Veerstraat",
        "commune": "Lokeren",
        "province": "flandre_orientale",
        "region": "flandre"
      }
    },
    {
      "type": "Feature",
      "geometry": {
        "type": "Point",
        "coordinates": [
          3.971077,
          51.1098724
        ]
      },
      "properties": {
        "leisure": "pitch",
        "lit": "yes",
        "sport": "boules",
        "surface": "fine_gravel",
        "nearest_street": "Veerstraat",
        "commune": "Lokeren",
        "province": "flandre_orientale",
        "region": "flandre"
      }
    },
    {
      "type": "Feature",
      "geometry": {
        "type": "Point",
        "coordinates": [
          3.1040892,
          51.1839918
        ]
      },
      "properties": {
        "leisure": "pitch",
        "lit": "no",
        "sport": "boules",
        "surface": "fine_gravel",
        "nearest_street": "Elfstedenstraat",
        "commune": "Jabbeke",
        "province": "flandre_occidentale",
        "region": "flandre"
      }
    },
    {
      "type": "Feature",
      "geometry": {
        "type": "Point",
        "coordinates": [
          3.2230128,
          50.9182328
        ]
      },
      "properties": {
        "access": "yes",
        "boules": "petanque",
        "leisure": "pitch",
        "sport": "boules",
        "surface": "fine_gravel",
        "nearest_street": "Kasteelwijk",
        "commune": "Izegem",
        "province": "flandre_occidentale",
        "region": "flandre"
      }
    },
    {
      "type": "Feature",
      "geometry": {
        "type": "Point",
        "coordinates": [
          5.2095968,
          50.1717683
        ]
      },
      "properties": {
        "boules": "petanque",
        "leisure": "pitch",
        "sport": "boules",
        "nearest_street": "Rue de Navaugle",
        "commune": "Rochefort",
        "province": "namur",
        "region": "wallonie"
      }
    },
    {
      "type": "Feature",
      "geometry": {
        "type": "Point",
        "coordinates": [
          4.8529299,
          50.3482911
        ]
      },
      "properties": {
        "leisure": "pitch",
        "sport": "boules",
        "nearest_street": null,
        "commune": "Annevoie-Rouillon",
        "province": "namur",
        "region": "wallonie"
      }
    },
    {
      "type": "Feature",
      "geometry": {
        "type": "Point",
        "coordinates": [
          4.510718,
          51.2597803
        ]
      },
      "properties": {
        "leisure": "pitch",
        "sport": "boules",
        "nearest_street": null,
        "commune": "Schoten",
        "province": "anvers",
        "region": "flandre"
      }
    },
    {
      "type": "Feature",
      "geometry": {
        "type": "Point",
        "coordinates": [
          4.4623897,
          51.3639584
        ]
      },
      "properties": {
        "leisure": "pitch",
        "sport": "boules",
        "nearest_street": "Marguerite Corstiaenslaan",
        "commune": "Kalmthout",
        "province": "anvers",
        "region": "flandre"
      }
    },
    {
      "type": "Feature",
      "geometry": {
        "type": "Point",
        "coordinates": [
          4.1604612,
          50.7587688
        ]
      },
      "properties": {
        "leisure": "pitch",
        "sport": "boules",
        "nearest_street": "Kerkstraat",
        "commune": "Pepingen",
        "province": "brabant_flamand",
        "region": "flandre"
      }
    },
    {
      "type": "Feature",
      "geometry": {
        "type": "Point",
        "coordinates": [
          4.1604604,
          50.7588191
        ]
      },
      "properties": {
        "leisure": "pitch",
        "sport": "boules",
        "nearest_street": "Kerkstraat",
        "commune": "Pepingen",
        "province": "brabant_flamand",
        "region": "flandre"
      }
    },
    {
      "type": "Feature",
      "geometry": {
        "type": "Point",
        "coordinates": [
          5.4878347,
          50.8530937
        ]
      },
      "properties": {
        "leisure": "pitch",
        "sport": "boules",
        "nearest_street": "Oude Nederbaan",
        "commune": "Hoeselt",
        "province": "limbourg",
        "region": "flandre"
      }
    },
    {
      "type": "Feature",
      "geometry": {
        "type": "Point",
        "coordinates": [
          4.3672597,
          50.8330589
        ]
      },
      "properties": {
        "access": "yes",
        "leisure": "pitch",
        "lit": "no",
        "name": "Petancocq",
        "sport": "boules",
        "start_date": "2021-10-17",
        "surface": "gravel",
        "nearest_street": "Place Fernand Cocq - Fernand Cocqplein",
        "commune": "Ixelles - Elsene",
        "province": null,
        "region": "bruxelles"
      }
    },
    {
      "type": "Feature",
      "geometry": {
        "type": "Point",
        "coordinates": [
          5.5715493,
          50.9204959
        ]
      },
      "properties": {
        "leisure": "pitch",
        "sport": "boules",
        "nearest_street": "Zuurbroekstraat",
        "commune": "Zutendaal",
        "province": "limbourg",
        "region": "flandre"
      }
    },
    {
      "type": "Feature",
      "geometry": {
        "type": "Point",
        "coordinates": [
          6.0532558,
          50.4526108
        ]
      },
      "properties": {
        "leisure": "pitch",
        "sport": "boules",
        "nearest_street": "Chemin de Rîbômont",
        "commune": "Malmedy",
        "province": "liege",
        "region": "wallonie"
      }
    },
    {
      "type": "Feature",
      "geometry": {
        "type": "Point",
        "coordinates": [
          4.3339983,
          50.8491263
        ]
      },
      "properties": {
        "access": "yes",
        "leisure": "pitch",
        "lit": "no",
        "sport": "boules",
        "surface": "gravel",
        "nearest_street": "Quai de l'Industrie - Nijverheidskaai",
        "commune": "Molenbeek-Saint-Jean - Sint-Jans-Molenbeek",
        "province": null,
        "region": "bruxelles"
      }
    },
    {
      "type": "Feature",
      "geometry": {
        "type": "Point",
        "coordinates": [
          4.4033483,
          51.3472996
        ]
      },
      "properties": {
        "access": "yes",
        "leisure": "pitch",
        "lit": "yes",
        "sport": "boules",
        "surface": "compacted",
        "nearest_street": "Putte-Kapellen",
        "commune": "Kapellen",
        "province": "anvers",
        "region": "flandre"
      }
    },
    {
      "type": "Feature",
      "geometry": {
        "type": "Point",
        "coordinates": [
          4.7303526,
          51.1657077
        ]
      },
      "properties": {
        "leisure": "pitch",
        "sport": "boules",
        "nearest_street": "Rode Dries",
        "commune": "Grobbendonk",
        "province": "anvers",
        "region": "flandre"
      }
    },
    {
      "type": "Feature",
      "geometry": {
        "type": "Point",
        "coordinates": [
          4.5248711,
          50.4569306
        ]
      },
      "properties": {
        "access": "yes",
        "boules": "petanque",
        "leisure": "pitch",
        "name": "Terrains de pétanques (2)",
        "sport": "boules",
        "surface": "gravel",
        "nearest_street": "Rue de la Virginette",
        "commune": "Fleurus",
        "province": "hainaut",
        "region": "wallonie"
      }
    },
    {
      "type": "Feature",
      "geometry": {
        "type": "Point",
        "coordinates": [
          3.4317114,
          50.8848342
        ]
      },
      "properties": {
        "boules": "petanque",
        "leisure": "pitch",
        "sport": "boules",
        "surface": "sand",
        "nearest_street": "Zuidboulevard",
        "commune": "Waregem",
        "province": "flandre_occidentale",
        "region": "flandre"
      }
    },
    {
      "type": "Feature",
      "geometry": {
        "type": "Point",
        "coordinates": [
          4.2779367,
          50.746194
        ]
      },
      "properties": {
        "leisure": "pitch",
        "sport": "boules",
        "nearest_street": "Menisberg",
        "commune": "Huizingen",
        "province": "brabant_flamand",
        "region": "flandre"
      }
    },
    {
      "type": "Feature",
      "geometry": {
        "type": "Point",
        "coordinates": [
          4.2779162,
          50.7462202
        ]
      },
      "properties": {
        "leisure": "pitch",
        "sport": "boules",
        "nearest_street": "Menisberg",
        "commune": "Huizingen",
        "province": "brabant_flamand",
        "region": "flandre"
      }
    },
    {
      "type": "Feature",
      "geometry": {
        "type": "Point",
        "coordinates": [
          4.2778934,
          50.746246
        ]
      },
      "properties": {
        "leisure": "pitch",
        "sport": "boules",
        "nearest_street": "Menisberg",
        "commune": "Huizingen",
        "province": "brabant_flamand",
        "region": "flandre"
      }
    },
    {
      "type": "Feature",
      "geometry": {
        "type": "Point",
        "coordinates": [
          4.2778679,
          50.7462721
        ]
      },
      "properties": {
        "leisure": "pitch",
        "sport": "boules",
        "nearest_street": "Menisberg",
        "commune": "Huizingen",
        "province": "brabant_flamand",
        "region": "flandre"
      }
    },
    {
      "type": "Feature",
      "geometry": {
        "type": "Point",
        "coordinates": [
          4.4453886,
          50.8567006
        ]
      },
      "properties": {
        "access": "private",
        "boules": "yes",
        "leisure": "pitch",
        "sport": "boules",
        "nearest_street": "Rue de l'Écluse - Sasstraat",
        "commune": "Woluwe-Saint-Lambert - Sint-Lambrechts-Woluwe",
        "province": "brabant_flamand",
        "region": "bruxelles"
      }
    },
    {
      "type": "Feature",
      "geometry": {
        "type": "Point",
        "coordinates": [
          4.1567465,
          51.1772841
        ]
      },
      "properties": {
        "boules": "petanque",
        "leisure": "pitch",
        "sport": "boules",
        "surface": "compacted",
        "nearest_street": "Rootputstraat",
        "commune": "Sint-Niklaas",
        "province": "flandre_orientale",
        "region": "flandre"
      }
    },
    {
      "type": "Feature",
      "geometry": {
        "type": "Point",
        "coordinates": [
          4.4205604,
          51.0320367
        ]
      },
      "properties": {
        "boules": "petanque",
        "leisure": "pitch",
        "lit": "no",
        "sport": "boules",
        "nearest_street": "Kerkenblokweg",
        "commune": "Mechelen",
        "province": "anvers",
        "region": "flandre"
      }
    },
    {
      "type": "Feature",
      "geometry": {
        "type": "Point",
        "coordinates": [
          4.2757685,
          50.8361809
        ]
      },
      "properties": {
        "boules": "petanque",
        "leisure": "pitch",
        "sport": "boules",
        "surface": "sand",
        "nearest_street": "Venelle de la Pétanque - Petanquesteegje",
        "commune": "Anderlecht",
        "province": null,
        "region": "bruxelles"
      }
    },
    {
      "type": "Feature",
      "geometry": {
        "type": "Point",
        "coordinates": [
          5.7180355,
          51.0160988
        ]
      },
      "properties": {
        "building": "yes",
        "leisure": "pitch",
        "sport": "boules",
        "nearest_street": "Tivoli",
        "commune": "Lanklaar",
        "province": "limbourg",
        "region": "flandre"
      }
    },
    {
      "type": "Feature",
      "geometry": {
        "type": "Point",
        "coordinates": [
          5.7179525,
          51.0160974
        ]
      },
      "properties": {
        "building": "yes",
        "leisure": "pitch",
        "sport": "boules",
        "nearest_street": "Tivoli",
        "commune": "Lanklaar",
        "province": "limbourg",
        "region": "flandre"
      }
    },
    {
      "type": "Feature",
      "geometry": {
        "type": "Point",
        "coordinates": [
          4.8581356,
          50.4633462
        ]
      },
      "properties": {
        "leisure": "pitch",
        "sport": "boules",
        "surface": "sand",
        "nearest_street": "Boulevard Frère Orban",
        "commune": "Namur",
        "province": "namur",
        "region": "wallonie"
      }
    },
    {
      "type": "Feature",
      "geometry": {
        "type": "Point",
        "coordinates": [
          5.6857817,
          51.0072557
        ]
      },
      "properties": {
        "leisure": "pitch",
        "lit": "no",
        "sport": "boules",
        "surface": "sand",
        "nearest_street": "Shuttle track",
        "commune": "Lanklaar",
        "province": "limbourg",
        "region": "flandre"
      }
    },
    {
      "type": "Feature",
      "geometry": {
        "type": "Point",
        "coordinates": [
          5.6857228,
          51.007308
        ]
      },
      "properties": {
        "leisure": "pitch",
        "lit": "no",
        "sport": "boules",
        "surface": "sand",
        "nearest_street": "Shuttle track",
        "commune": "Lanklaar",
        "province": "limbourg",
        "region": "flandre"
      }
    },
    {
      "type": "Feature",
      "geometry": {
        "type": "Point",
        "coordinates": [
          5.280126,
          50.966336
        ]
      },
      "properties": {
        "leisure": "pitch",
        "lit": "yes",
        "sport": "boules",
        "surface": "compacted",
        "nearest_street": "Sint-Amandusstraat",
        "commune": "Hasselt",
        "province": "limbourg",
        "region": "flandre"
      }
    },
    {
      "type": "Feature",
      "geometry": {
        "type": "Point",
        "coordinates": [
          5.2800346,
          50.9663442
        ]
      },
      "properties": {
        "building": "roof",
        "leisure": "pitch",
        "sport": "boules",
        "nearest_street": "Sint-Amandusstraat",
        "commune": "Hasselt",
        "province": "limbourg",
        "region": "flandre"
      }
    },
    {
      "type": "Feature",
      "geometry": {
        "type": "Point",
        "coordinates": [
          3.4480414,
          51.078003
        ]
      },
      "properties": {
        "boules": "petanque",
        "leisure": "pitch",
        "lit": "no",
        "sport": "boules",
        "surface": "compacted",
        "nearest_street": "Knokkebaan",
        "commune": "Aalter",
        "province": "flandre_orientale",
        "region": "flandre"
      }
    },
    {
      "type": "Feature",
      "geometry": {
        "type": "Point",
        "coordinates": [
          3.4479676,
          51.0780574
        ]
      },
      "properties": {
        "boules": "petanque",
        "leisure": "pitch",
        "lit": "no",
        "sport": "boules",
        "surface": "compacted",
        "nearest_street": "Knokkebaan",
        "commune": "Aalter",
        "province": "flandre_orientale",
        "region": "flandre"
      }
    },
    {
      "type": "Feature",
      "geometry": {
        "type": "Point",
        "coordinates": [
          5.4452188,
          51.0976042
        ]
      },
      "properties": {
        "leisure": "pitch",
        "sport": "boules",
        "nearest_street": "Driekoningenplein",
        "commune": "Peer",
        "province": "limbourg",
        "region": "flandre"
      }
    },
    {
      "type": "Feature",
      "geometry": {
        "type": "Point",
        "coordinates": [
          5.3781077,
          51.1546312
        ]
      },
      "properties": {
        "leisure": "pitch",
        "sport": "boules",
        "nearest_street": "Dennenstraat",
        "commune": "Eksel",
        "province": "limbourg",
        "region": "flandre"
      }
    },
    {
      "type": "Feature",
      "geometry": {
        "type": "Point",
        "coordinates": [
          2.9470604,
          51.2349069
        ]
      },
      "properties": {
        "leisure": "pitch",
        "sport": "boules",
        "nearest_street": "Havenstraat",
        "commune": "Oostende",
        "province": "flandre_occidentale",
        "region": "flandre"
      }
    },
    {
      "type": "Feature",
      "geometry": {
        "type": "Point",
        "coordinates": [
          2.947,
          51.2348842
        ]
      },
      "properties": {
        "leisure": "pitch",
        "sport": "boules",
        "nearest_street": "Mansveldstraat",
        "commune": "Oostende",
        "province": "flandre_occidentale",
        "region": "flandre"
      }
    },
    {
      "type": "Feature",
      "geometry": {
        "type": "Point",
        "coordinates": [
          4.3870579,
          51.1372407
        ]
      },
      "properties": {
        "access": "yes",
        "leisure": "pitch",
        "sport": "boules",
        "nearest_street": "Gustaaf De Smetlaan",
        "commune": "Aartselaar",
        "province": "anvers",
        "region": "flandre"
      }
    },
    {
      "type": "Feature",
      "geometry": {
        "type": "Point",
        "coordinates": [
          5.3067934,
          51.2236317
        ]
      },
      "properties": {
        "leisure": "pitch",
        "sport": "boules",
        "nearest_street": "Vlutterstraat",
        "commune": "Lommel",
        "province": "limbourg",
        "region": "flandre"
      }
    },
    {
      "type": "Feature",
      "geometry": {
        "type": "Point",
        "coordinates": [
          5.3076795,
          51.2236586
        ]
      },
      "properties": {
        "leisure": "pitch",
        "sport": "boules",
        "nearest_street": "Vreyshorring",
        "commune": "Lommel",
        "province": "limbourg",
        "region": "flandre"
      }
    },
    {
      "type": "Feature",
      "geometry": {
        "type": "Point",
        "coordinates": [
          5.307669,
          51.2235236
        ]
      },
      "properties": {
        "leisure": "pitch",
        "sport": "boules",
        "nearest_street": "Koekoekstraat",
        "commune": "Lommel",
        "province": "limbourg",
        "region": "flandre"
      }
    },
    {
      "type": "Feature",
      "geometry": {
        "type": "Point",
        "coordinates": [
          4.1782731,
          50.4724743
        ]
      },
      "properties": {
        "boules": "petanque",
        "leisure": "pitch",
        "sport": "boules",
        "nearest_street": "Cité du Bocage",
        "commune": "La Louvière",
        "province": "hainaut",
        "region": "wallonie"
      }
    },
    {
      "type": "Feature",
      "geometry": {
        "type": "Point",
        "coordinates": [
          4.0618902,
          50.9563179
        ]
      },
      "properties": {
        "leisure": "pitch",
        "sport": "boules",
        "nearest_street": "Sinte-Barbarastraat",
        "commune": "Aalst",
        "province": "flandre_orientale",
        "region": "flandre"
      }
    },
    {
      "type": "Feature",
      "geometry": {
        "type": "Point",
        "coordinates": [
          5.4478827,
          50.5969836
        ]
      },
      "properties": {
        "boules": "petanque",
        "leisure": "pitch",
        "sport": "boules",
        "nearest_street": "Rue du Beau Site",
        "commune": "Flémalle",
        "province": "liege",
        "region": "wallonie"
      }
    },
    {
      "type": "Feature",
      "geometry": {
        "type": "Point",
        "coordinates": [
          5.4471873,
          50.5959759
        ]
      },
      "properties": {
        "boules": "petanque",
        "leisure": "pitch",
        "lit": "yes",
        "sport": "boules",
        "surface": "concrete",
        "nearest_street": "Sentier",
        "commune": "Flémalle",
        "province": "liege",
        "region": "wallonie"
      }
    },
    {
      "type": "Feature",
      "geometry": {
        "type": "Point",
        "coordinates": [
          5.603398,
          50.9071978
        ]
      },
      "properties": {
        "leisure": "pitch",
        "sport": "boules",
        "nearest_street": "Kiewitseweg",
        "commune": "Zutendaal",
        "province": "limbourg",
        "region": "flandre"
      }
    },
    {
      "type": "Feature",
      "geometry": {
        "type": "Point",
        "coordinates": [
          4.3171384,
          50.8918439
        ]
      },
      "properties": {
        "boules": "petanque",
        "leisure": "pitch",
        "sport": "boules",
        "nearest_street": "Avenue Henri Liebrecht - Henri Liebrechtlaan",
        "commune": "Jette",
        "province": null,
        "region": "bruxelles"
      }
    },
    {
      "type": "Feature",
      "geometry": {
        "type": "Point",
        "coordinates": [
          4.108068,
          51.0468758
        ]
      },
      "properties": {
        "boules": "petanque",
        "leisure": "pitch",
        "sport": "boules",
        "nearest_street": "Volkaertwegel",
        "commune": "Dendermonde",
        "province": "flandre_orientale",
        "region": "flandre"
      }
    },
    {
      "type": "Feature",
      "geometry": {
        "type": "Point",
        "coordinates": [
          5.1136215,
          51.1470078
        ]
      },
      "properties": {
        "leisure": "pitch",
        "sport": "boules",
        "nearest_street": "Hulsen",
        "commune": "Balen",
        "province": "anvers",
        "region": "flandre"
      }
    },
    {
      "type": "Feature",
      "geometry": {
        "type": "Point",
        "coordinates": [
          5.5774445,
          50.5948423
        ]
      },
      "properties": {
        "boules": "petanque",
        "leisure": "pitch",
        "lit": "no",
        "sport": "boules",
        "surface": "sand",
        "nearest_street": "Sart aux Fraises",
        "commune": "Liège",
        "province": "liege",
        "region": "wallonie"
      }
    },
    {
      "type": "Feature",
      "geometry": {
        "type": "Point",
        "coordinates": [
          3.7461676,
          51.0486655
        ]
      },
      "properties": {
        "access": "yes",
        "boules": "petanque",
        "leisure": "pitch",
        "name": "Petanqueterrein 2 Wolterslaan Dampoort",
        "sport": "boules",
        "nearest_street": "Leon Sarteelplein",
        "commune": "Gent",
        "province": "flandre_orientale",
        "region": "flandre"
      }
    },
    {
      "type": "Feature",
      "geometry": {
        "type": "Point",
        "coordinates": [
          3.7462712,
          51.0487898
        ]
      },
      "properties": {
        "access": "yes",
        "boules": "petanque",
        "leisure": "pitch",
        "lit": "yes",
        "name": "Petanqueterrein 1 Wolterslaan Dampoort",
        "sport": "boules",
        "nearest_street": "Charles Van Lerbergheplein",
        "commune": "Gent",
        "province": "flandre_orientale",
        "region": "flandre"
      }
    },
    {
      "type": "Feature",
      "geometry": {
        "type": "Point",
        "coordinates": [
          3.7139125,
          51.057457
        ]
      },
      "properties": {
        "access": "yes",
        "boules": "petanque",
        "fixme": "toegangsweg tot baantje toevoegen; momenteel is deze toegangs afgesloten door een hekken.; (email gestuurd naar organisatie)",
        "leisure": "pitch",
        "name": "Petanqueterrein Elisabethhuis Elisabethbegijnhof Papegaai",
        "sport": "boules",
        "temporary:access": "no@(2019 Aug 01 - 2019 Dec 17)",
        "nearest_street": "Rabotstraat",
        "commune": "Gent",
        "province": "flandre_orientale",
        "region": "flandre"
      }
    },
    {
      "type": "Feature",
      "geometry": {
        "type": "Point",
        "coordinates": [
          3.7404725,
          51.0331084
        ]
      },
      "properties": {
        "access": "yes",
        "boules": "petanque",
        "leisure": "pitch",
        "name": "Petanqueterrein Hundelgemsesteenweg",
        "sport": "boules",
        "nearest_street": "Hundelgemsesteenweg",
        "commune": "Gent",
        "province": "flandre_orientale",
        "region": "flandre"
      }
    },
    {
      "type": "Feature",
      "geometry": {
        "type": "Point",
        "coordinates": [
          3.7112166,
          51.0434899
        ]
      },
      "properties": {
        "access": "yes",
        "boules": "petanque",
        "leisure": "pitch",
        "lit": "yes",
        "name": "Albertbrug",
        "sport": "boules",
        "surface": "gravel",
        "nearest_street": "Groot-Brittanniëhof",
        "commune": "Gent",
        "province": "flandre_orientale",
        "region": "flandre"
      }
    },
    {
      "type": "Feature",
      "geometry": {
        "type": "Point",
        "coordinates": [
          3.6945822,
          51.0476731
        ]
      },
      "properties": {
        "access": "yes",
        "boules": "petanque",
        "leisure": "pitch",
        "name": "Petanqueterrein Vissersdijk",
        "note": "small pitch (about 10m)",
        "sport": "boules",
        "nearest_street": "Vissersdijk",
        "commune": "Gent",
        "province": "flandre_orientale",
        "region": "flandre"
      }
    },
    {
      "type": "Feature",
      "geometry": {
        "type": "Point",
        "coordinates": [
          3.700686,
          51.0567521
        ]
      },
      "properties": {
        "access": "private",
        "boules": "petanque",
        "leisure": "pitch",
        "sport": "boules",
        "surface": "fine_gravel",
        "nearest_street": "De Binnenweg",
        "commune": "Gent",
        "province": "flandre_orientale",
        "region": "flandre"
      }
    },
    {
      "type": "Feature",
      "geometry": {
        "type": "Point",
        "coordinates": [
          3.7235475,
          51.0591789
        ]
      },
      "properties": {
        "access": "yes",
        "boules": "petanque",
        "leisure": "pitch",
        "lit": "yes",
        "name": "Drongenhof Patershol",
        "sport": "boules",
        "nearest_street": "Drongenhof",
        "commune": "Gent",
        "province": "flandre_orientale",
        "region": "flandre"
      }
    },
    {
      "type": "Feature",
      "geometry": {
        "type": "Point",
        "coordinates": [
          3.7375852,
          51.0517373
        ]
      },
      "properties": {
        "access": "yes",
        "boules": "petanque",
        "leisure": "pitch",
        "sport": "boules",
        "nearest_street": "Puinstraat",
        "commune": "Gent",
        "province": "flandre_orientale",
        "region": "flandre"
      }
    },
    {
      "type": "Feature",
      "geometry": {
        "type": "Point",
        "coordinates": [
          3.7405852,
          51.0463577
        ]
      },
      "properties": {
        "access": "yes",
        "boules": "petanque",
        "leisure": "pitch",
        "sport": "boules",
        "nearest_street": "Heirnis",
        "commune": "Gent",
        "province": "flandre_orientale",
        "region": "flandre"
      }
    },
    {
      "type": "Feature",
      "geometry": {
        "type": "Point",
        "coordinates": [
          3.7481064,
          51.0452707
        ]
      },
      "properties": {
        "access": "yes",
        "boules": "petanque",
        "leisure": "pitch",
        "lit": "yes",
        "name": "Petanqueterrein Bassijnstraat",
        "sport": "boules",
        "nearest_street": "Bassijnstraat",
        "commune": "Gent",
        "province": "flandre_orientale",
        "region": "flandre"
      }
    },
    {
      "type": "Feature",
      "geometry": {
        "type": "Point",
        "coordinates": [
          3.6901253,
          51.06795
        ]
      },
      "properties": {
        "access": "yes",
        "boules": "petanque",
        "leisure": "pitch",
        "lit": "no",
        "reservation": "no",
        "sport": "boules",
        "surface": "fine_gravel",
        "nearest_street": "Fluweelstraat",
        "commune": "Gent",
        "province": "flandre_orientale",
        "region": "flandre"
      }
    },
    {
      "type": "Feature",
      "geometry": {
        "type": "Point",
        "coordinates": [
          3.774448,
          51.1016315
        ]
      },
      "properties": {
        "access": "yes",
        "boules": "petanque",
        "leisure": "pitch",
        "sport": "boules",
        "nearest_street": "Schoonakker",
        "commune": "Gent",
        "province": "flandre_orientale",
        "region": "flandre"
      }
    },
    {
      "type": "Feature",
      "geometry": {
        "type": "Point",
        "coordinates": [
          3.7679512,
          51.0972469
        ]
      },
      "properties": {
        "access": "yes",
        "boules": "petanque",
        "leisure": "pitch",
        "sport": "boules",
        "nearest_street": "Edmond Ronsestraat",
        "commune": "Gent",
        "province": "flandre_orientale",
        "region": "flandre"
      }
    },
    {
      "type": "Feature",
      "geometry": {
        "type": "Point",
        "coordinates": [
          3.762352,
          51.0676086
        ]
      },
      "properties": {
        "boules": "petanque",
        "leisure": "pitch",
        "sport": "boules",
        "nearest_street": "Antwerpsesteenweg",
        "commune": "Gent",
        "province": "flandre_orientale",
        "region": "flandre"
      }
    },
    {
      "type": "Feature",
      "geometry": {
        "type": "Point",
        "coordinates": [
          3.7724471,
          51.035118
        ]
      },
      "properties": {
        "access": "yes",
        "boules": "petanque",
        "leisure": "pitch",
        "sport": "boules",
        "nearest_street": "Ooievaarsnest",
        "commune": "Gent",
        "province": "flandre_orientale",
        "region": "flandre"
      }
    },
    {
      "type": "Feature",
      "geometry": {
        "type": "Point",
        "coordinates": [
          3.5764178,
          51.0542695
        ]
      },
      "properties": {
        "boules": "petanque",
        "leisure": "pitch",
        "sport": "boules",
        "nearest_street": "Prosper Cocquytstraat",
        "commune": "Deinze",
        "province": "flandre_orientale",
        "region": "flandre"
      }
    },
    {
      "type": "Feature",
      "geometry": {
        "type": "Point",
        "coordinates": [
          3.5764299,
          51.0543958
        ]
      },
      "properties": {
        "boules": "petanque",
        "leisure": "pitch",
        "sport": "boules",
        "nearest_street": "Prosper Cocquytstraat",
        "commune": "Deinze",
        "province": "flandre_orientale",
        "region": "flandre"
      }
    },
    {
      "type": "Feature",
      "geometry": {
        "type": "Point",
        "coordinates": [
          3.6081999,
          50.998716
        ]
      },
      "properties": {
        "access": "yes",
        "boules": "petanque",
        "leisure": "pitch",
        "sport": "boules",
        "nearest_street": "Xavier De Cocklaan",
        "commune": "Sint-Martens-Latem",
        "province": "flandre_orientale",
        "region": "flandre"
      }
    },
    {
      "type": "Feature",
      "geometry": {
        "type": "Point",
        "coordinates": [
          3.608181,
          50.9987467
        ]
      },
      "properties": {
        "access": "yes",
        "boules": "petanque",
        "leisure": "pitch",
        "sport": "boules",
        "nearest_street": "Xavier De Cocklaan",
        "commune": "Sint-Martens-Latem",
        "province": "flandre_orientale",
        "region": "flandre"
      }
    },
    {
      "type": "Feature",
      "geometry": {
        "type": "Point",
        "coordinates": [
          3.6282361,
          51.000985
        ]
      },
      "properties": {
        "access": "yes",
        "boules": "petanque",
        "leisure": "pitch",
        "name": "Oase",
        "sport": "boules",
        "nearest_street": "Constant Permekelaan",
        "commune": "Sint-Martens-Latem",
        "province": "flandre_orientale",
        "region": "flandre"
      }
    },
    {
      "type": "Feature",
      "geometry": {
        "type": "Point",
        "coordinates": [
          3.7459211,
          51.0717666
        ]
      },
      "properties": {
        "access": "yes",
        "boules": "petanque",
        "leisure": "pitch",
        "name": "Petanqueterrein Volkstuinencomplex Sint-Amandsberg",
        "sport": "boules",
        "nearest_street": "Veenakkerpad",
        "commune": "Gent",
        "province": "flandre_orientale",
        "region": "flandre"
      }
    },
    {
      "type": "Feature",
      "geometry": {
        "type": "Point",
        "coordinates": [
          3.7459477,
          51.0717853
        ]
      },
      "properties": {
        "access": "yes",
        "boules": "petanque",
        "leisure": "pitch",
        "name": "Petanqueterrein Volkstuinencomplex Sint-Amandsberg",
        "sport": "boules",
        "nearest_street": "Veenakkerpad",
        "commune": "Gent",
        "province": "flandre_orientale",
        "region": "flandre"
      }
    },
    {
      "type": "Feature",
      "geometry": {
        "type": "Point",
        "coordinates": [
          3.7459969,
          51.0717996
        ]
      },
      "properties": {
        "access": "yes",
        "boules": "petanque",
        "leisure": "pitch",
        "name": "Petanqueterrein Volkstuinencomplex Sint-Amandsberg",
        "sport": "boules",
        "nearest_street": "Veenakkerpad",
        "commune": "Gent",
        "province": "flandre_orientale",
        "region": "flandre"
      }
    },
    {
      "type": "Feature",
      "geometry": {
        "type": "Point",
        "coordinates": [
          3.7460214,
          51.0718173
        ]
      },
      "properties": {
        "access": "yes",
        "boules": "petanque",
        "leisure": "pitch",
        "name": "Petanqueterrein Volkstuinencomplex Sint-Amandsberg",
        "sport": "boules",
        "nearest_street": "Veenakkerpad",
        "commune": "Gent",
        "province": "flandre_orientale",
        "region": "flandre"
      }
    },
    {
      "type": "Feature",
      "geometry": {
        "type": "Point",
        "coordinates": [
          3.7460458,
          51.0718349
        ]
      },
      "properties": {
        "access": "yes",
        "boules": "petanque",
        "leisure": "pitch",
        "name": "Petanqueterrein Volkstuinencomplex Sint-Amandsberg",
        "sport": "boules",
        "nearest_street": "Veenakkerpad",
        "commune": "Gent",
        "province": "flandre_orientale",
        "region": "flandre"
      }
    },
    {
      "type": "Feature",
      "geometry": {
        "type": "Point",
        "coordinates": [
          3.7034316,
          51.0706724
        ]
      },
      "properties": {
        "access": "yes",
        "boules": "petanque",
        "leisure": "pitch",
        "name": "Petanqueterrein Seniorenclubhuis Bloemekenswijk",
        "sport": "boules",
        "nearest_street": "Hyacintstraat",
        "commune": "Gent",
        "province": "flandre_orientale",
        "region": "flandre"
      }
    },
    {
      "type": "Feature",
      "geometry": {
        "type": "Point",
        "coordinates": [
          3.7402518,
          51.070084
        ]
      },
      "properties": {
        "access": "yes",
        "boules": "petanque",
        "leisure": "pitch",
        "sport": "boules",
        "nearest_street": "Scandinaviëstraat",
        "commune": "Gent",
        "province": "flandre_orientale",
        "region": "flandre"
      }
    },
    {
      "type": "Feature",
      "geometry": {
        "type": "Point",
        "coordinates": [
          5.3741706,
          50.760743
        ]
      },
      "properties": {
        "leisure": "pitch",
        "sport": "boules",
        "nearest_street": "Peuskensstraat",
        "commune": "Vechmaal",
        "province": "limbourg",
        "region": "flandre"
      }
    },
    {
      "type": "Feature",
      "geometry": {
        "type": "Point",
        "coordinates": [
          5.2957428,
          50.7518179
        ]
      },
      "properties": {
        "leisure": "pitch",
        "name": "Petanque Karee",
        "sport": "boules",
        "website": "https://karee.jouwweb.nl/",
        "nearest_street": "Finse piste",
        "commune": "Heers",
        "province": "limbourg",
        "region": "flandre"
      }
    },
    {
      "type": "Feature",
      "geometry": {
        "type": "Point",
        "coordinates": [
          4.0697272,
          50.9705281
        ]
      },
      "properties": {
        "leisure": "pitch",
        "sport": "boules",
        "nearest_street": "Hardingstraat",
        "commune": "Aalst",
        "province": "flandre_orientale",
        "region": "flandre"
      }
    },
    {
      "type": "Feature",
      "geometry": {
        "type": "Point",
        "coordinates": [
          4.0697294,
          50.970481
        ]
      },
      "properties": {
        "leisure": "pitch",
        "sport": "boules",
        "nearest_street": "Hardingstraat",
        "commune": "Aalst",
        "province": "flandre_orientale",
        "region": "flandre"
      }
    },
    {
      "type": "Feature",
      "geometry": {
        "type": "Point",
        "coordinates": [
          4.0696182,
          50.9706528
        ]
      },
      "properties": {
        "leisure": "pitch",
        "sport": "boules",
        "nearest_street": "Hardingstraat",
        "commune": "Aalst",
        "province": "flandre_orientale",
        "region": "flandre"
      }
    },
    {
      "type": "Feature",
      "geometry": {
        "type": "Point",
        "coordinates": [
          4.0696281,
          50.9706132
        ]
      },
      "properties": {
        "leisure": "pitch",
        "sport": "boules",
        "nearest_street": "Hardingstraat",
        "commune": "Aalst",
        "province": "flandre_orientale",
        "region": "flandre"
      }
    },
    {
      "type": "Feature",
      "geometry": {
        "type": "Point",
        "coordinates": [
          4.0696299,
          50.9705714
        ]
      },
      "properties": {
        "leisure": "pitch",
        "sport": "boules",
        "nearest_street": "Hardingstraat",
        "commune": "Aalst",
        "province": "flandre_orientale",
        "region": "flandre"
      }
    },
    {
      "type": "Feature",
      "geometry": {
        "type": "Point",
        "coordinates": [
          3.9763222,
          51.103576
        ]
      },
      "properties": {
        "leisure": "pitch",
        "sport": "boules",
        "nearest_street": "Eekstraat",
        "commune": "Lokeren",
        "province": "flandre_orientale",
        "region": "flandre"
      }
    },
    {
      "type": "Feature",
      "geometry": {
        "type": "Point",
        "coordinates": [
          4.5422909,
          50.55659
        ]
      },
      "properties": {
        "leisure": "pitch",
        "sport": "boules",
        "nearest_street": "sentier 81",
        "commune": "Villers-la-Ville",
        "province": "brabant_wallon",
        "region": "wallonie"
      }
    },
    {
      "type": "Feature",
      "geometry": {
        "type": "Point",
        "coordinates": [
          4.5394318,
          50.5459724
        ]
      },
      "properties": {
        "leisure": "pitch",
        "sport": "boules",
        "nearest_street": "Parc Près Saint-Pierre",
        "commune": "Villers-la-Ville",
        "province": "brabant_wallon",
        "region": "wallonie"
      }
    },
    {
      "type": "Feature",
      "geometry": {
        "type": "Point",
        "coordinates": [
          3.8247973,
          50.8114789
        ]
      },
      "properties": {
        "leisure": "pitch",
        "sport": "boules",
        "nearest_street": "Gemeenteplein",
        "commune": "Lierde",
        "province": "flandre_orientale",
        "region": "flandre"
      }
    },
    {
      "type": "Feature",
      "geometry": {
        "type": "Point",
        "coordinates": [
          5.4615599,
          50.7851295
        ]
      },
      "properties": {
        "leisure": "pitch",
        "sport": "boules",
        "nearest_street": "Cesarlaan",
        "commune": "Tongeren",
        "province": "limbourg",
        "region": "flandre"
      }
    },
    {
      "type": "Feature",
      "geometry": {
        "type": "Point",
        "coordinates": [
          5.0016174,
          51.1582317
        ]
      },
      "properties": {
        "access": "yes",
        "boules": "petanque",
        "leisure": "pitch",
        "sport": "boules",
        "nearest_street": "J.B.-Stessensstraat",
        "commune": "Geel",
        "province": "anvers",
        "region": "flandre"
      }
    },
    {
      "type": "Feature",
      "geometry": {
        "type": "Point",
        "coordinates": [
          5.0015747,
          51.1582648
        ]
      },
      "properties": {
        "access": "yes",
        "boules": "petanque",
        "leisure": "pitch",
        "sport": "boules",
        "nearest_street": "J.B.-Stessensstraat",
        "commune": "Geel",
        "province": "anvers",
        "region": "flandre"
      }
    },
    {
      "type": "Feature",
      "geometry": {
        "type": "Point",
        "coordinates": [
          5.0016594,
          51.1582011
        ]
      },
      "properties": {
        "access": "yes",
        "boules": "petanque",
        "leisure": "pitch",
        "sport": "boules",
        "nearest_street": "J.B.-Stessensstraat",
        "commune": "Geel",
        "province": "anvers",
        "region": "flandre"
      }
    },
    {
      "type": "Feature",
      "geometry": {
        "type": "Point",
        "coordinates": [
          5.0017029,
          51.1581681
        ]
      },
      "properties": {
        "access": "yes",
        "boules": "petanque",
        "leisure": "pitch",
        "sport": "boules",
        "nearest_street": "J.B.-Stessensstraat",
        "commune": "Geel",
        "province": "anvers",
        "region": "flandre"
      }
    },
    {
      "type": "Feature",
      "geometry": {
        "type": "Point",
        "coordinates": [
          5.0017426,
          51.158137
        ]
      },
      "properties": {
        "access": "yes",
        "boules": "petanque",
        "leisure": "pitch",
        "sport": "boules",
        "nearest_street": "J.B.-Stessensstraat",
        "commune": "Geel",
        "province": "anvers",
        "region": "flandre"
      }
    },
    {
      "type": "Feature",
      "geometry": {
        "type": "Point",
        "coordinates": [
          5.9101698,
          50.7238053
        ]
      },
      "properties": {
        "leisure": "pitch",
        "sport": "boules",
        "nearest_street": "Rue de Rémersdael",
        "commune": "Hombourg",
        "province": "liege",
        "region": "wallonie"
      }
    },
    {
      "type": "Feature",
      "geometry": {
        "type": "Point",
        "coordinates": [
          5.3653154,
          50.8148467
        ]
      },
      "properties": {
        "leisure": "pitch",
        "sport": "boules",
        "nearest_street": "Odiliastraat",
        "commune": "Kerniel",
        "province": "limbourg",
        "region": "flandre"
      }
    },
    {
      "type": "Feature",
      "geometry": {
        "type": "Point",
        "coordinates": [
          5.365355,
          50.8148541
        ]
      },
      "properties": {
        "leisure": "pitch",
        "sport": "boules",
        "nearest_street": "Odiliastraat",
        "commune": "Kerniel",
        "province": "limbourg",
        "region": "flandre"
      }
    },
    {
      "type": "Feature",
      "geometry": {
        "type": "Point",
        "coordinates": [
          3.47391,
          50.5435873
        ]
      },
      "properties": {
        "boules": "petanque",
        "leisure": "pitch",
        "lit": "yes",
        "name": "Terrain de pétanque",
        "sport": "boules",
        "surface": "dirt",
        "nearest_street": "Chemin des Coucous",
        "commune": "Maubray",
        "province": "hainaut",
        "region": "wallonie"
      }
    },
    {
      "type": "Feature",
      "geometry": {
        "type": "Point",
        "coordinates": [
          3.4739667,
          50.5435599
        ]
      },
      "properties": {
        "boules": "pétanque",
        "leisure": "pitch",
        "lit": "yes",
        "name": "Terrain de pétanque",
        "sport": "boules",
        "surface": "dirt",
        "nearest_street": "Chemin des Coucous",
        "commune": "Maubray",
        "province": "hainaut",
        "region": "wallonie"
      }
    },
    {
      "type": "Feature",
      "geometry": {
        "type": "Point",
        "coordinates": [
          3.4740262,
          50.5435313
        ]
      },
      "properties": {
        "boules": "petanque",
        "leisure": "pitch",
        "lit": "yes",
        "name": "Terrain de pétanque",
        "sport": "boules",
        "surface": "dirt",
        "nearest_street": "Chemin des Coucous",
        "commune": "Maubray",
        "province": "hainaut",
        "region": "wallonie"
      }
    },
    {
      "type": "Feature",
      "geometry": {
        "type": "Point",
        "coordinates": [
          3.664404,
          51.0513311
        ]
      },
      "properties": {
        "leisure": "pitch",
        "sport": "boules",
        "nearest_street": "Domien Ingelsstraat",
        "commune": "Gent",
        "province": "flandre_orientale",
        "region": "flandre"
      }
    },
    {
      "type": "Feature",
      "geometry": {
        "type": "Point",
        "coordinates": [
          4.2935374,
          50.8645217
        ]
      },
      "properties": {
        "access": "yes",
        "boules": "petanque",
        "leisure": "pitch",
        "sport": "boules",
        "surface": "sand",
        "nearest_street": "Chemin Pierre Vereman - Pierre Veremanweg",
        "commune": "Berchem-Sainte-Agathe - Sint-Agatha-Berchem",
        "province": null,
        "region": "bruxelles"
      }
    },
    {
      "type": "Feature",
      "geometry": {
        "type": "Point",
        "coordinates": [
          5.8119036,
          50.543
        ]
      },
      "properties": {
        "leisure": "pitch",
        "sport": "boules",
        "nearest_street": "Rue de la Résistance",
        "commune": "Theux",
        "province": "liege",
        "region": "wallonie"
      }
    },
    {
      "type": "Feature",
      "geometry": {
        "type": "Point",
        "coordinates": [
          3.6800201,
          51.0272549
        ]
      },
      "properties": {
        "access": "yes",
        "leisure": "pitch",
        "sport": "boules",
        "nearest_street": "Hemingplein",
        "commune": "Gent",
        "province": "flandre_orientale",
        "region": "flandre"
      }
    },
    {
      "type": "Feature",
      "geometry": {
        "type": "Point",
        "coordinates": [
          4.3361703,
          50.8454498
        ]
      },
      "properties": {
        "leisure": "pitch",
        "lit": "yes",
        "sport": "boules",
        "surface": "fine_gravel",
        "nearest_street": "Place Alphonse Lemmens - Alphonse Lemmensplein",
        "commune": "Anderlecht",
        "province": null,
        "region": "bruxelles"
      }
    },
    {
      "type": "Feature",
      "geometry": {
        "type": "Point",
        "coordinates": [
          4.6061686,
          50.9622577
        ]
      },
      "properties": {
        "leisure": "pitch",
        "sport": "boules",
        "nearest_street": "Tuinwijk",
        "commune": "Haacht",
        "province": "brabant_flamand",
        "region": "flandre"
      }
    },
    {
      "type": "Feature",
      "geometry": {
        "type": "Point",
        "coordinates": [
          5.8146977,
          50.4628524
        ]
      },
      "properties": {
        "access": "private",
        "leisure": "pitch",
        "sport": "boules",
        "nearest_street": "Chemin de l'Eau Rouge",
        "commune": "Theux",
        "province": "liege",
        "region": "wallonie"
      }
    },
    {
      "type": "Feature",
      "geometry": {
        "type": "Point",
        "coordinates": [
          4.5737764,
          50.6671663
        ]
      },
      "properties": {
        "access": "yes",
        "leisure": "pitch",
        "sport": "boules",
        "surface": "fine_gravel",
        "nearest_street": "Rue du Tiernat",
        "commune": "Ottignies-Louvain-la-Neuve",
        "province": "brabant_wallon",
        "region": "wallonie"
      }
    },
    {
      "type": "Feature",
      "geometry": {
        "type": "Point",
        "coordinates": [
          5.6512673,
          50.7748232
        ]
      },
      "properties": {
        "building": "yes",
        "leisure": "pitch",
        "sport": "boules",
        "nearest_street": "Chemin du Broukay",
        "commune": "Eben-Emael",
        "province": "liege",
        "region": "wallonie"
      }
    },
    {
      "type": "Feature",
      "geometry": {
        "type": "Point",
        "coordinates": [
          4.9797901,
          51.2035215
        ]
      },
      "properties": {
        "access": "yes",
        "boules": "petanque",
        "leisure": "pitch",
        "lit": "no",
        "sport": "boules",
        "nearest_street": "Aardseweg",
        "commune": "Geel",
        "province": "anvers",
        "region": "flandre"
      }
    },
    {
      "type": "Feature",
      "geometry": {
        "type": "Point",
        "coordinates": [
          4.9798836,
          51.203531
        ]
      },
      "properties": {
        "access": "yes",
        "boules": "petanque",
        "leisure": "pitch",
        "lit": "no",
        "sport": "boules",
        "nearest_street": "Aardseweg",
        "commune": "Geel",
        "province": "anvers",
        "region": "flandre"
      }
    },
    {
      "type": "Feature",
      "geometry": {
        "type": "Point",
        "coordinates": [
          4.9799679,
          51.2035386
        ]
      },
      "properties": {
        "access": "yes",
        "boules": "petanque",
        "leisure": "pitch",
        "lit": "no",
        "sport": "boules",
        "nearest_street": "Aardseweg",
        "commune": "Geel",
        "province": "anvers",
        "region": "flandre"
      }
    },
    {
      "type": "Feature",
      "geometry": {
        "type": "Point",
        "coordinates": [
          3.8882681,
          50.6636879
        ]
      },
      "properties": {
        "boules": "petanque",
        "leisure": "pitch",
        "sport": "boules",
        "nearest_street": "Rue Vivier du Rieu",
        "commune": "Hellebecq",
        "province": "hainaut",
        "region": "wallonie"
      }
    },
    {
      "type": "Feature",
      "geometry": {
        "type": "Point",
        "coordinates": [
          5.1098051,
          51.1874333
        ]
      },
      "properties": {
        "leisure": "pitch",
        "sport": "boules",
        "nearest_street": "Sint-Paulusstraat",
        "commune": "Mol",
        "province": "anvers",
        "region": "flandre"
      }
    },
    {
      "type": "Feature",
      "geometry": {
        "type": "Point",
        "coordinates": [
          4.3486994,
          50.7433541
        ]
      },
      "properties": {
        "leisure": "pitch",
        "sport": "boules",
        "nearest_street": "Vergeet-mij-nietjeslaan - Avenue des Myosotis",
        "commune": "Sint-Genesius-Rode - Rhode-Saint-Genèse",
        "province": "brabant_flamand",
        "region": "flandre"
      }
    },
    {
      "type": "Feature",
      "geometry": {
        "type": "Point",
        "coordinates": [
          4.3487993,
          50.7433413
        ]
      },
      "properties": {
        "leisure": "pitch",
        "sport": "boules",
        "nearest_street": "Vergeet-mij-nietjeslaan - Avenue des Myosotis",
        "commune": "Sint-Genesius-Rode - Rhode-Saint-Genèse",
        "province": "brabant_flamand",
        "region": "flandre"
      }
    },
    {
      "type": "Feature",
      "geometry": {
        "type": "Point",
        "coordinates": [
          4.3500367,
          50.7433787
        ]
      },
      "properties": {
        "leisure": "pitch",
        "sport": "boules",
        "nearest_street": "Boomgaardweg - Chemin du Verger",
        "commune": "Sint-Genesius-Rode - Rhode-Saint-Genèse",
        "province": "brabant_flamand",
        "region": "flandre"
      }
    },
    {
      "type": "Feature",
      "geometry": {
        "type": "Point",
        "coordinates": [
          3.7623652,
          50.6463574
        ]
      },
      "properties": {
        "access": "yes",
        "boules": "petanque",
        "leisure": "pitch",
        "sport": "boules",
        "surface": "concrete",
        "nearest_street": "Chemin d'Œudeghien",
        "commune": "Ath",
        "province": "hainaut",
        "region": "wallonie"
      }
    },
    {
      "type": "Feature",
      "geometry": {
        "type": "Point",
        "coordinates": [
          5.3125577,
          50.9321216
        ]
      },
      "properties": {
        "leisure": "pitch",
        "sport": "boules",
        "nearest_street": "Tommelenstraat",
        "commune": "Hasselt",
        "province": "limbourg",
        "region": "flandre"
      }
    },
    {
      "type": "Feature",
      "geometry": {
        "type": "Point",
        "coordinates": [
          5.3125172,
          50.9321591
        ]
      },
      "properties": {
        "leisure": "pitch",
        "sport": "boules",
        "nearest_street": "Tommelenstraat",
        "commune": "Hasselt",
        "province": "limbourg",
        "region": "flandre"
      }
    },
    {
      "type": "Feature",
      "geometry": {
        "type": "Point",
        "coordinates": [
          4.9857228,
          51.2075435
        ]
      },
      "properties": {
        "leisure": "pitch",
        "sport": "boules",
        "nearest_street": "Otterstraat",
        "commune": "Geel",
        "province": "anvers",
        "region": "flandre"
      }
    },
    {
      "type": "Feature",
      "geometry": {
        "type": "Point",
        "coordinates": [
          4.7446831,
          51.1640033
        ]
      },
      "properties": {
        "leisure": "pitch",
        "sport": "boules",
        "nearest_street": "Molendreef",
        "commune": "Grobbendonk",
        "province": "anvers",
        "region": "flandre"
      }
    },
    {
      "type": "Feature",
      "geometry": {
        "type": "Point",
        "coordinates": [
          5.0107924,
          51.1673057
        ]
      },
      "properties": {
        "leisure": "pitch",
        "sport": "boules",
        "nearest_street": "Leschot",
        "commune": "Geel",
        "province": "anvers",
        "region": "flandre"
      }
    },
    {
      "type": "Feature",
      "geometry": {
        "type": "Point",
        "coordinates": [
          5.8322581,
          49.5775771
        ]
      },
      "properties": {
        "boules": "petanque",
        "leisure": "pitch",
        "sport": "boules",
        "nearest_street": "Rue Schmit",
        "commune": "Messancy",
        "province": "luxembourg",
        "region": "wallonie"
      }
    },
    {
      "type": "Feature",
      "geometry": {
        "type": "Point",
        "coordinates": [
          5.8325596,
          49.5774033
        ]
      },
      "properties": {
        "boules": "petanque",
        "leisure": "pitch",
        "sport": "boules",
        "nearest_street": "Rue d'Athus",
        "commune": "Messancy",
        "province": "luxembourg",
        "region": "wallonie"
      }
    },
    {
      "type": "Feature",
      "geometry": {
        "type": "Point",
        "coordinates": [
          4.1256561,
          50.662623
        ]
      },
      "properties": {
        "leisure": "pitch",
        "sport": "boules",
        "nearest_street": "Chemin Beau Site",
        "commune": "Rebecq-Rognon",
        "province": "brabant_wallon",
        "region": "wallonie"
      }
    },
    {
      "type": "Feature",
      "geometry": {
        "type": "Point",
        "coordinates": [
          4.8571937,
          50.5588074
        ]
      },
      "properties": {
        "leisure": "pitch",
        "sport": "boules",
        "nearest_street": "Route des Six Frères",
        "commune": "Eghezée",
        "province": "namur",
        "region": "wallonie"
      }
    },
    {
      "type": "Feature",
      "geometry": {
        "type": "Point",
        "coordinates": [
          4.9161075,
          51.1099395
        ]
      },
      "properties": {
        "leisure": "pitch",
        "sport": "boules",
        "surface": "compacted",
        "nearest_street": "Ottersweier",
        "commune": "Westerlo",
        "province": "anvers",
        "region": "flandre"
      }
    },
    {
      "type": "Feature",
      "geometry": {
        "type": "Point",
        "coordinates": [
          5.6651748,
          50.0662268
        ]
      },
      "properties": {
        "boules": "petanque",
        "leisure": "pitch",
        "sport": "boules",
        "nearest_street": "Chemin du Bois d’Arlon",
        "commune": "Bastogne",
        "province": "luxembourg",
        "region": "wallonie"
      }
    },
    {
      "type": "Feature",
      "geometry": {
        "type": "Point",
        "coordinates": [
          4.3399736,
          50.880566
        ]
      },
      "properties": {
        "leisure": "pitch",
        "sport": "boules",
        "nearest_street": "Rue Eliane Vogel-Polsky - Eliane Vogel-Polskystraat",
        "commune": "Bruxelles - Brussel",
        "province": null,
        "region": "bruxelles"
      }
    },
    {
      "type": "Feature",
      "geometry": {
        "type": "Point",
        "coordinates": [
          5.5012359,
          50.9679231
        ]
      },
      "properties": {
        "leisure": "pitch",
        "sport": "boules",
        "nearest_street": "Pastoor Raeymaekersstraat",
        "commune": "Genk",
        "province": "limbourg",
        "region": "flandre"
      }
    },
    {
      "type": "Feature",
      "geometry": {
        "type": "Point",
        "coordinates": [
          4.1724122,
          50.5694773
        ]
      },
      "properties": {
        "leisure": "pitch",
        "sport": "boules",
        "nearest_street": "Rue de Sacueni",
        "commune": "Écaussinnes",
        "province": "hainaut",
        "region": "wallonie"
      }
    },
    {
      "type": "Feature",
      "geometry": {
        "type": "Point",
        "coordinates": [
          4.3480323,
          50.8407465
        ]
      },
      "properties": {
        "boules": "petanque",
        "leisure": "pitch",
        "lit": "yes",
        "sport": "boules",
        "surface": "compacted",
        "nearest_street": "Rue des Brigittines - Brigittinenstraat",
        "commune": "Bruxelles - Brussel",
        "province": null,
        "region": "bruxelles"
      }
    },
    {
      "type": "Feature",
      "geometry": {
        "type": "Point",
        "coordinates": [
          4.3479886,
          50.8407732
        ]
      },
      "properties": {
        "boules": "petanque",
        "leisure": "pitch",
        "lit": "yes",
        "sport": "boules",
        "surface": "compacted",
        "nearest_street": "Rue des Brigittines - Brigittinenstraat",
        "commune": "Bruxelles - Brussel",
        "province": null,
        "region": "bruxelles"
      }
    },
    {
      "type": "Feature",
      "geometry": {
        "type": "Point",
        "coordinates": [
          4.8792793,
          50.6474542
        ]
      },
      "properties": {
        "leisure": "pitch",
        "sport": "boules",
        "nearest_street": "Rue René Pierre",
        "commune": "Ramillies",
        "province": "brabant_wallon",
        "region": "wallonie"
      }
    },
    {
      "type": "Feature",
      "geometry": {
        "type": "Point",
        "coordinates": [
          3.2246732,
          51.2156215
        ]
      },
      "properties": {
        "leisure": "pitch",
        "sport": "boules",
        "nearest_street": "Annuntiatenstraat",
        "commune": "Brugge",
        "province": "flandre_occidentale",
        "region": "flandre"
      }
    },
    {
      "type": "Feature",
      "geometry": {
        "type": "Point",
        "coordinates": [
          3.4149844,
          50.8942098
        ]
      },
      "properties": {
        "access": "yes",
        "leisure": "pitch",
        "sport": "boules",
        "nearest_street": "Lavendellaan",
        "commune": "Waregem",
        "province": "flandre_occidentale",
        "region": "flandre"
      }
    },
    {
      "type": "Feature",
      "geometry": {
        "type": "Point",
        "coordinates": [
          3.4149966,
          50.8942292
        ]
      },
      "properties": {
        "access": "yes",
        "leisure": "pitch",
        "sport": "boules",
        "nearest_street": "Lavendellaan",
        "commune": "Waregem",
        "province": "flandre_occidentale",
        "region": "flandre"
      }
    },
    {
      "type": "Feature",
      "geometry": {
        "type": "Point",
        "coordinates": [
          5.0481467,
          50.2102642
        ]
      },
      "properties": {
        "leisure": "pitch",
        "sport": "boules",
        "nearest_street": "Rue du Jeu de Balle",
        "commune": "Custinne",
        "province": "namur",
        "region": "wallonie"
      }
    },
    {
      "type": "Feature",
      "geometry": {
        "type": "Point",
        "coordinates": [
          4.5911286,
          51.2384255
        ]
      },
      "properties": {
        "boules": "petanque",
        "leisure": "pitch",
        "lit": "no",
        "sport": "boules",
        "nearest_street": "Liersebaan",
        "commune": "Schilde",
        "province": "anvers",
        "region": "flandre"
      }
    },
    {
      "type": "Feature",
      "geometry": {
        "type": "Point",
        "coordinates": [
          2.5811278,
          51.0801517
        ]
      },
      "properties": {
        "leisure": "pitch",
        "sport": "boules",
        "surface": "compacted",
        "nearest_street": "Duinhoekstraat",
        "commune": "De Panne",
        "province": "flandre_occidentale",
        "region": "flandre"
      }
    },
    {
      "type": "Feature",
      "geometry": {
        "type": "Point",
        "coordinates": [
          5.3552378,
          50.9917327
        ]
      },
      "properties": {
        "leisure": "pitch",
        "sport": "boules",
        "nearest_street": "Dellestraat",
        "commune": "Zonhoven",
        "province": "limbourg",
        "region": "flandre"
      }
    },
    {
      "type": "Feature",
      "geometry": {
        "type": "Point",
        "coordinates": [
          5.6026859,
          51.1541603
        ]
      },
      "properties": {
        "leisure": "pitch",
        "name": "Petanque",
        "sport": "boules",
        "nearest_street": "Kerkstraat",
        "commune": "Bree",
        "province": "limbourg",
        "region": "flandre"
      }
    },
    {
      "type": "Feature",
      "geometry": {
        "type": "Point",
        "coordinates": [
          5.6565411,
          50.4593531
        ]
      },
      "properties": {
        "leisure": "pitch",
        "sport": "boules",
        "nearest_street": "Chemin de la Fosse",
        "commune": "Aywaille",
        "province": "liege",
        "region": "wallonie"
      }
    },
    {
      "type": "Feature",
      "geometry": {
        "type": "Point",
        "coordinates": [
          3.7755268,
          51.01318
        ]
      },
      "properties": {
        "boules": "petanque",
        "leisure": "pitch",
        "sport": "boules",
        "nearest_street": "Moeraswegel",
        "commune": "Melle",
        "province": "flandre_orientale",
        "region": "flandre"
      }
    },
    {
      "type": "Feature",
      "geometry": {
        "type": "Point",
        "coordinates": [
          4.2995397,
          50.8188811
        ]
      },
      "properties": {
        "leisure": "pitch",
        "sport": "boules",
        "nearest_street": "Rue des Bateliers - Schippersstraat",
        "commune": "Anderlecht",
        "province": null,
        "region": "bruxelles"
      }
    },
    {
      "type": "Feature",
      "geometry": {
        "type": "Point",
        "coordinates": [
          4.2994452,
          50.8187852
        ]
      },
      "properties": {
        "leisure": "pitch",
        "sport": "boules",
        "nearest_street": "Rue des Bateliers - Schippersstraat",
        "commune": "Anderlecht",
        "province": null,
        "region": "bruxelles"
      }
    },
    {
      "type": "Feature",
      "geometry": {
        "type": "Point",
        "coordinates": [
          5.3908217,
          50.8064871
        ]
      },
      "properties": {
        "boules": "petanque",
        "building": "yes",
        "leisure": "pitch",
        "sport": "boules",
        "nearest_street": "Jesserenstraat",
        "commune": "Jesseren",
        "province": "limbourg",
        "region": "flandre"
      }
    },
    {
      "type": "Feature",
      "geometry": {
        "type": "Point",
        "coordinates": [
          4.3465889,
          50.8305519
        ]
      },
      "properties": {
        "boules": "petanque",
        "leisure": "pitch",
        "lit": "yes",
        "sport": "boules",
        "surface": "fine_gravel",
        "nearest_street": "Rue de Moscou - Moskoustraat",
        "commune": "Saint-Gilles - Sint-Gillis",
        "province": null,
        "region": "bruxelles"
      }
    },
    {
      "type": "Feature",
      "geometry": {
        "type": "Point",
        "coordinates": [
          4.9976638,
          51.1619573
        ]
      },
      "properties": {
        "leisure": "pitch",
        "sport": "boules",
        "nearest_street": "Pastoor Van Neylenstraat",
        "commune": "Geel",
        "province": "anvers",
        "region": "flandre"
      }
    },
    {
      "type": "Feature",
      "geometry": {
        "type": "Point",
        "coordinates": [
          3.3299112,
          50.9884751
        ]
      },
      "properties": {
        "leisure": "pitch",
        "sport": "boules",
        "nearest_street": "Dertig Zilverlingenstraat",
        "commune": "Tielt",
        "province": "flandre_occidentale",
        "region": "flandre"
      }
    },
    {
      "type": "Feature",
      "geometry": {
        "type": "Point",
        "coordinates": [
          3.6425021,
          50.9910704
        ]
      },
      "properties": {
        "leisure": "pitch",
        "sport": "boules",
        "nearest_street": "Polderbos",
        "commune": "De Pinte",
        "province": "flandre_orientale",
        "region": "flandre"
      }
    },
    {
      "type": "Feature",
      "geometry": {
        "type": "Point",
        "coordinates": [
          4.3741625,
          50.6953524
        ]
      },
      "properties": {
        "access": "yes",
        "boules": "petanque",
        "leisure": "pitch",
        "lit": "no",
        "sport": "boules",
        "surface": "gravel",
        "nearest_street": "Rue Georges Rodenbach",
        "commune": "Braine-l'Alleud",
        "province": "brabant_wallon",
        "region": "wallonie"
      }
    },
    {
      "type": "Feature",
      "geometry": {
        "type": "Point",
        "coordinates": [
          4.3742478,
          50.6981643
        ]
      },
      "properties": {
        "access": "yes",
        "leisure": "pitch",
        "sport": "boules",
        "surface": "gravel",
        "nearest_street": "Rue Albert Desenfans",
        "commune": "Braine-l'Alleud",
        "province": "brabant_wallon",
        "region": "wallonie"
      }
    },
    {
      "type": "Feature",
      "geometry": {
        "type": "Point",
        "coordinates": [
          4.8920996,
          51.1592325
        ]
      },
      "properties": {
        "leisure": "pitch",
        "sport": "boules",
        "nearest_street": "Heirbaan",
        "commune": "Olen",
        "province": "anvers",
        "region": "flandre"
      }
    },
    {
      "type": "Feature",
      "geometry": {
        "type": "Point",
        "coordinates": [
          4.9032104,
          51.1670123
        ]
      },
      "properties": {
        "access": "yes",
        "leisure": "pitch",
        "sport": "boules",
        "nearest_street": "Keizershofstraat",
        "commune": "Olen",
        "province": "anvers",
        "region": "flandre"
      }
    },
    {
      "type": "Feature",
      "geometry": {
        "type": "Point",
        "coordinates": [
          4.6420697,
          50.9865568
        ]
      },
      "properties": {
        "leisure": "pitch",
        "lit": "yes",
        "sport": "boules",
        "surface": "compacted",
        "nearest_street": "Hansbrugweg",
        "commune": "Haacht",
        "province": "brabant_flamand",
        "region": "flandre"
      }
    },
    {
      "type": "Feature",
      "geometry": {
        "type": "Point",
        "coordinates": [
          4.9918708,
          51.1707052
        ]
      },
      "properties": {
        "leisure": "pitch",
        "sport": "boules",
        "nearest_street": "Pastoor Op de Beeckstraat",
        "commune": "Geel",
        "province": "anvers",
        "region": "flandre"
      }
    },
    {
      "type": "Feature",
      "geometry": {
        "type": "Point",
        "coordinates": [
          4.9919128,
          51.1707118
        ]
      },
      "properties": {
        "leisure": "pitch",
        "sport": "boules",
        "nearest_street": "Pastoor Op de Beeckstraat",
        "commune": "Geel",
        "province": "anvers",
        "region": "flandre"
      }
    },
    {
      "type": "Feature",
      "geometry": {
        "type": "Point",
        "coordinates": [
          4.9026041,
          51.1384468
        ]
      },
      "properties": {
        "leisure": "pitch",
        "sport": "boules",
        "surface": "compacted",
        "nearest_street": "Tramstraat",
        "commune": "Westerlo",
        "province": "anvers",
        "region": "flandre"
      }
    },
    {
      "type": "Feature",
      "geometry": {
        "type": "Point",
        "coordinates": [
          3.6747874,
          50.7450183
        ]
      },
      "properties": {
        "access": "yes",
        "leisure": "pitch",
        "sport": "boules",
        "nearest_street": "Ancien Chemin de Fer Ligne 87",
        "commune": "Ellezelles",
        "province": "hainaut",
        "region": "wallonie"
      }
    },
    {
      "type": "Feature",
      "geometry": {
        "type": "Point",
        "coordinates": [
          5.008762,
          51.1085289
        ]
      },
      "properties": {
        "leisure": "pitch",
        "sport": "boules",
        "nearest_street": "Tulpenstraat",
        "commune": "Eindhout",
        "province": "anvers",
        "region": "flandre"
      }
    },
    {
      "type": "Feature",
      "geometry": {
        "type": "Point",
        "coordinates": [
          3.2129356,
          50.7923921
        ]
      },
      "properties": {
        "access": "private",
        "boules": "petanque",
        "leisure": "pitch",
        "sport": "boules",
        "nearest_street": "Preshoekwegel",
        "commune": "Lauwe",
        "province": "flandre_occidentale",
        "region": "flandre"
      }
    },
    {
      "type": "Feature",
      "geometry": {
        "type": "Point",
        "coordinates": [
          3.2095269,
          51.2068529
        ]
      },
      "properties": {
        "leisure": "pitch",
        "sport": "boules",
        "nearest_street": "Jan Breydellaan",
        "commune": "Brugge",
        "province": "flandre_occidentale",
        "region": "flandre"
      }
    },
    {
      "type": "Feature",
      "geometry": {
        "type": "Point",
        "coordinates": [
          3.7233974,
          51.0741689
        ]
      },
      "properties": {
        "access": "customers",
        "boules": "petanque",
        "leisure": "pitch",
        "lit": "yes",
        "sport": "boules",
        "nearest_street": "Buitensingel",
        "commune": "Gent",
        "province": "flandre_orientale",
        "region": "flandre"
      }
    },
    {
      "type": "Feature",
      "geometry": {
        "type": "Point",
        "coordinates": [
          3.7233516,
          51.0741683
        ]
      },
      "properties": {
        "access": "customers",
        "boules": "petanque",
        "leisure": "pitch",
        "lit": "yes",
        "sport": "boules",
        "nearest_street": "Buitensingel",
        "commune": "Gent",
        "province": "flandre_orientale",
        "region": "flandre"
      }
    },
    {
      "type": "Feature",
      "geometry": {
        "type": "Point",
        "coordinates": [
          4.9905199,
          51.175637
        ]
      },
      "properties": {
        "leisure": "pitch",
        "sport": "boules",
        "nearest_street": "Heuvelgoor",
        "commune": "Geel",
        "province": "anvers",
        "region": "flandre"
      }
    },
    {
      "type": "Feature",
      "geometry": {
        "type": "Point",
        "coordinates": [
          4.9696207,
          51.1659783
        ]
      },
      "properties": {
        "leisure": "pitch",
        "sport": "boules",
        "nearest_street": "Korte Plek",
        "commune": "Geel",
        "province": "anvers",
        "region": "flandre"
      }
    },
    {
      "type": "Feature",
      "geometry": {
        "type": "Point",
        "coordinates": [
          3.7542646,
          51.010481
        ]
      },
      "properties": {
        "boules": "petanque",
        "leisure": "pitch",
        "sport": "boules",
        "nearest_street": "Sint-Michielslaan",
        "commune": "Merelbeke",
        "province": "flandre_orientale",
        "region": "flandre"
      }
    },
    {
      "type": "Feature",
      "geometry": {
        "type": "Point",
        "coordinates": [
          4.3041686,
          50.3417512
        ]
      },
      "properties": {
        "leisure": "pitch",
        "lit": "no",
        "sport": "boules",
        "surface": "fine_gravel",
        "nearest_street": "Rue du Chêne",
        "commune": "Thuin",
        "province": "hainaut",
        "region": "wallonie"
      }
    },
    {
      "type": "Feature",
      "geometry": {
        "type": "Point",
        "coordinates": [
          3.1658253,
          51.1070311
        ]
      },
      "properties": {
        "access": "yes",
        "leisure": "pitch",
        "lit": "no",
        "sport": "boules",
        "surface": "gravel",
        "nearest_street": "Ludovicus Vandendriesscheplein",
        "commune": "Veldegem",
        "province": "flandre_occidentale",
        "region": "flandre"
      }
    },
    {
      "type": "Feature",
      "geometry": {
        "type": "Point",
        "coordinates": [
          4.9724167,
          51.3359534
        ]
      },
      "properties": {
        "leisure": "pitch",
        "sport": "boules",
        "nearest_street": "Polderstraat",
        "commune": "Oud-Turnhout",
        "province": "anvers",
        "region": "flandre"
      }
    },
    {
      "type": "Feature",
      "geometry": {
        "type": "Point",
        "coordinates": [
          4.9717184,
          51.1102035
        ]
      },
      "properties": {
        "leisure": "pitch",
        "sport": "boules",
        "nearest_street": "Hagelbos",
        "commune": "Geel",
        "province": "anvers",
        "region": "flandre"
      }
    },
    {
      "type": "Feature",
      "geometry": {
        "type": "Point",
        "coordinates": [
          3.676715,
          51.080406
        ]
      },
      "properties": {
        "access": "yes",
        "boules": "petanque",
        "leisure": "pitch",
        "sport": "boules",
        "nearest_street": "Schoubroek",
        "commune": "Gent",
        "province": "flandre_orientale",
        "region": "flandre"
      }
    },
    {
      "type": "Feature",
      "geometry": {
        "type": "Point",
        "coordinates": [
          3.676743,
          51.0804228
        ]
      },
      "properties": {
        "access": "yes",
        "boules": "petanque",
        "leisure": "pitch",
        "sport": "boules",
        "nearest_street": "Schoubroek",
        "commune": "Gent",
        "province": "flandre_orientale",
        "region": "flandre"
      }
    },
    {
      "type": "Feature",
      "geometry": {
        "type": "Point",
        "coordinates": [
          4.9846234,
          51.1551724
        ]
      },
      "properties": {
        "leisure": "pitch",
        "sport": "boules",
        "nearest_street": "Stelenseweg",
        "commune": "Geel",
        "province": "anvers",
        "region": "flandre"
      }
    },
    {
      "type": "Feature",
      "geometry": {
        "type": "Point",
        "coordinates": [
          3.7176406,
          51.0537477
        ]
      },
      "properties": {
        "access": "permissive",
        "boules": "petanque",
        "leisure": "pitch",
        "sport": "boules",
        "nearest_street": "Watergraafstraat",
        "commune": "Gent",
        "province": "flandre_orientale",
        "region": "flandre"
      }
    },
    {
      "type": "Feature",
      "geometry": {
        "type": "Point",
        "coordinates": [
          5.2309829,
          51.111715
        ]
      },
      "properties": {
        "leisure": "pitch",
        "sport": "boules",
        "nearest_street": "Zavelstraat",
        "commune": "Leopoldsburg",
        "province": "limbourg",
        "region": "flandre"
      }
    },
    {
      "type": "Feature",
      "geometry": {
        "type": "Point",
        "coordinates": [
          5.0226175,
          51.0838421
        ]
      },
      "properties": {
        "boules": "petanque",
        "leisure": "pitch",
        "sport": "boules",
        "nearest_street": "Vogelzang",
        "commune": "Vorst",
        "province": "anvers",
        "region": "flandre"
      }
    },
    {
      "type": "Feature",
      "geometry": {
        "type": "Point",
        "coordinates": [
          4.9835798,
          51.0650225
        ]
      },
      "properties": {
        "boules": "petanque",
        "leisure": "pitch",
        "sport": "boules",
        "nearest_street": "Kwade Plas",
        "commune": "Veerle",
        "province": "anvers",
        "region": "flandre"
      }
    },
    {
      "type": "Feature",
      "geometry": {
        "type": "Point",
        "coordinates": [
          5.0236473,
          50.7107192
        ]
      },
      "properties": {
        "leisure": "pitch",
        "sport": "boules",
        "nearest_street": "Avenue des Sorbiers",
        "commune": "Lincent",
        "province": "liege",
        "region": "wallonie"
      }
    },
    {
      "type": "Feature",
      "geometry": {
        "type": "Point",
        "coordinates": [
          5.1310005,
          50.7786523
        ]
      },
      "properties": {
        "leisure": "pitch",
        "sport": "boules",
        "nearest_street": "Gemeenteplein",
        "commune": "Sint-Truiden",
        "province": "limbourg",
        "region": "flandre"
      }
    },
    {
      "type": "Feature",
      "geometry": {
        "type": "Point",
        "coordinates": [
          5.351412,
          50.9526215
        ]
      },
      "properties": {
        "leisure": "pitch",
        "sport": "boules",
        "nearest_street": "Heksenberg",
        "commune": "Hasselt",
        "province": "limbourg",
        "region": "flandre"
      }
    },
    {
      "type": "Feature",
      "geometry": {
        "type": "Point",
        "coordinates": [
          2.9109878,
          50.9960769
        ]
      },
      "properties": {
        "boules": "petanque",
        "leisure": "pitch",
        "sport": "boules",
        "nearest_street": "Willy Coppensplein",
        "commune": "Houthulst",
        "province": "flandre_occidentale",
        "region": "flandre"
      }
    },
    {
      "type": "Feature",
      "geometry": {
        "type": "Point",
        "coordinates": [
          5.0249061,
          50.7688026
        ]
      },
      "properties": {
        "building": "yes",
        "leisure": "pitch",
        "lit": "yes",
        "sport": "boules",
        "nearest_street": "Kouterstraat",
        "commune": "Landen",
        "province": "brabant_flamand",
        "region": "flandre"
      }
    },
    {
      "type": "Feature",
      "geometry": {
        "type": "Point",
        "coordinates": [
          5.9128355,
          50.2946657
        ]
      },
      "properties": {
        "leisure": "pitch",
        "sport": "boules",
        "nearest_street": "Golonfa",
        "commune": "Vielsalm",
        "province": "luxembourg",
        "region": "wallonie"
      }
    },
    {
      "type": "Feature",
      "geometry": {
        "type": "Point",
        "coordinates": [
          5.9127541,
          50.2946506
        ]
      },
      "properties": {
        "leisure": "pitch",
        "sport": "boules",
        "nearest_street": "Golonfa",
        "commune": "Vielsalm",
        "province": "luxembourg",
        "region": "wallonie"
      }
    },
    {
      "type": "Feature",
      "geometry": {
        "type": "Point",
        "coordinates": [
          5.9126759,
          50.294636
        ]
      },
      "properties": {
        "leisure": "pitch",
        "sport": "boules",
        "nearest_street": "Golonfa",
        "commune": "Vielsalm",
        "province": "luxembourg",
        "region": "wallonie"
      }
    },
    {
      "type": "Feature",
      "geometry": {
        "type": "Point",
        "coordinates": [
          5.9125907,
          50.2946196
        ]
      },
      "properties": {
        "leisure": "pitch",
        "sport": "boules",
        "nearest_street": "Golonfa",
        "commune": "Vielsalm",
        "province": "luxembourg",
        "region": "wallonie"
      }
    },
    {
      "type": "Feature",
      "geometry": {
        "type": "Point",
        "coordinates": [
          3.6507827,
          51.0041981
        ]
      },
      "properties": {
        "access": "yes",
        "boules": "petanque",
        "leisure": "pitch",
        "sport": "boules",
        "nearest_street": "Duivenpad",
        "commune": "De Pinte",
        "province": "flandre_orientale",
        "region": "flandre"
      }
    },
    {
      "type": "Feature",
      "geometry": {
        "type": "Point",
        "coordinates": [
          4.3524196,
          50.8351806
        ]
      },
      "properties": {
        "leisure": "pitch",
        "sport": "boules",
        "surface": "compacted",
        "nearest_street": "Place Jean Jacobs - Jan Jacobsplein",
        "commune": "Bruxelles - Brussel",
        "province": null,
        "region": "bruxelles"
      }
    },
    {
      "type": "Feature",
      "geometry": {
        "type": "Point",
        "coordinates": [
          4.3914748,
          50.8562724
        ]
      },
      "properties": {
        "access": "yes",
        "leisure": "pitch",
        "lit": "yes",
        "sport": "boules",
        "surface": "ground",
        "nearest_street": "Place de la Patrie - Vaderlandsplein",
        "commune": "Schaerbeek - Schaarbeek",
        "province": null,
        "region": "bruxelles"
      }
    },
    {
      "type": "Feature",
      "geometry": {
        "type": "Point",
        "coordinates": [
          3.6662778,
          50.7893763
        ]
      },
      "properties": {
        "access": "private",
        "boules": "petanque",
        "leisure": "pitch",
        "sport": "boules",
        "nearest_street": "Herpelstraat",
        "commune": "Schorisse",
        "province": "flandre_orientale",
        "region": "flandre"
      }
    },
    {
      "type": "Feature",
      "geometry": {
        "type": "Point",
        "coordinates": [
          4.5744402,
          51.0622078
        ]
      },
      "properties": {
        "access": "yes",
        "leisure": "pitch",
        "lit": "no",
        "sport": "petanque",
        "surface": "sand",
        "nearest_street": "Waverlaan",
        "commune": "Sint-Katelijne-Waver",
        "province": "anvers",
        "region": "flandre"
      }
    },
    {
      "type": "Feature",
      "geometry": {
        "type": "Point",
        "coordinates": [
          4.9885803,
          51.1830504
        ]
      },
      "properties": {
        "leisure": "pitch",
        "sport": "boules",
        "nearest_street": "Lupinenstraat",
        "commune": "Geel",
        "province": "anvers",
        "region": "flandre"
      }
    },
    {
      "type": "Feature",
      "geometry": {
        "type": "Point",
        "coordinates": [
          5.4687078,
          49.5069348
        ]
      },
      "properties": {
        "leisure": "pitch",
        "lit": "no",
        "sport": "boules",
        "surface": "grass",
        "nearest_street": "Rue Grande",
        "commune": "Torgny",
        "province": "luxembourg",
        "region": "wallonie"
      }
    },
    {
      "type": "Feature",
      "geometry": {
        "type": "Point",
        "coordinates": [
          5.348721,
          50.4446576
        ]
      },
      "properties": {
        "leisure": "pitch",
        "sport": "boules",
        "surface": "compacted",
        "nearest_street": "Rue Principale",
        "commune": "Terwagne",
        "province": "liege",
        "region": "wallonie"
      }
    },
    {
      "type": "Feature",
      "geometry": {
        "type": "Point",
        "coordinates": [
          4.1676458,
          50.5564202
        ]
      },
      "properties": {
        "boules": "petanque",
        "leisure": "pitch",
        "sport": "boules",
        "nearest_street": "Rue de Mons",
        "commune": "Écaussinnes",
        "province": "hainaut",
        "region": "wallonie"
      }
    },
    {
      "type": "Feature",
      "geometry": {
        "type": "Point",
        "coordinates": [
          5.0804699,
          50.4951573
        ]
      },
      "properties": {
        "building": "yes",
        "leisure": "pitch",
        "sport": "boules",
        "nearest_street": "Rue du Rivage",
        "commune": "Andenne",
        "province": "namur",
        "region": "wallonie"
      }
    },
    {
      "type": "Feature",
      "geometry": {
        "type": "Point",
        "coordinates": [
          5.8836603,
          50.659408
        ]
      },
      "properties": {
        "leisure": "pitch",
        "sport": "boules",
        "surface": "gravel",
        "nearest_street": "Place de la Halle",
        "commune": "Clermont",
        "province": "liege",
        "region": "wallonie"
      }
    },
    {
      "type": "Feature",
      "geometry": {
        "type": "Point",
        "coordinates": [
          5.0576611,
          51.0899983
        ]
      },
      "properties": {
        "access": "yes",
        "leisure": "pitch",
        "sport": "boules",
        "nearest_street": "De Leeuwerik",
        "commune": "Vorst",
        "province": "anvers",
        "region": "flandre"
      }
    },
    {
      "type": "Feature",
      "geometry": {
        "type": "Point",
        "coordinates": [
          4.7875957,
          50.7123821
        ]
      },
      "properties": {
        "leisure": "pitch",
        "sport": "boules",
        "nearest_street": "Rue de l'École",
        "commune": "Roux-Miroir",
        "province": "brabant_wallon",
        "region": "wallonie"
      }
    },
    {
      "type": "Feature",
      "geometry": {
        "type": "Point",
        "coordinates": [
          4.3501634,
          50.8537178
        ]
      },
      "properties": {
        "leisure": "pitch",
        "sport": "boules",
        "surface": "sand",
        "nearest_street": "Rue du Grand Hospice - Grootgodshuisstraat",
        "commune": "Bruxelles - Brussel",
        "province": null,
        "region": "bruxelles"
      }
    },
    {
      "type": "Feature",
      "geometry": {
        "type": "Point",
        "coordinates": [
          5.0070972,
          50.7230668
        ]
      },
      "properties": {
        "leisure": "pitch",
        "sport": "boules",
        "nearest_street": "Clos de la Drève",
        "commune": "Pellaines",
        "province": "liege",
        "region": "wallonie"
      }
    },
    {
      "type": "Feature",
      "geometry": {
        "type": "Point",
        "coordinates": [
          4.336133,
          50.871241
        ]
      },
      "properties": {
        "leisure": "pitch",
        "sport": "boules",
        "surface": "compacted",
        "nearest_street": "Avenue Odon Warland - Odon Warlandlaan",
        "commune": "Jette",
        "province": null,
        "region": "bruxelles"
      }
    },
    {
      "type": "Feature",
      "geometry": {
        "type": "Point",
        "coordinates": [
          5.5636349,
          50.6324633
        ]
      },
      "properties": {
        "leisure": "pitch",
        "sport": "boules",
        "nearest_street": "N607",
        "commune": "Liège",
        "province": "liege",
        "region": "wallonie"
      }
    },
    {
      "type": "Feature",
      "geometry": {
        "type": "Point",
        "coordinates": [
          4.1656517,
          50.4189193
        ]
      },
      "properties": {
        "leisure": "pitch",
        "sport": "boules",
        "nearest_street": "Rue du Four à Chaux",
        "commune": "Binche",
        "province": "hainaut",
        "region": "wallonie"
      }
    },
    {
      "type": "Feature",
      "geometry": {
        "type": "Point",
        "coordinates": [
          5.7233912,
          50.6870761
        ]
      },
      "properties": {
        "leisure": "pitch",
        "sport": "boules",
        "surface": "clay",
        "nearest_street": "Rue Lambert Marlet",
        "commune": "Blegny",
        "province": "liege",
        "region": "wallonie"
      }
    },
    {
      "type": "Feature",
      "geometry": {
        "type": "Point",
        "coordinates": [
          5.7232233,
          50.6870671
        ]
      },
      "properties": {
        "leisure": "pitch",
        "sport": "boules",
        "surface": "clay",
        "nearest_street": "Rue Lambert Marlet",
        "commune": "Blegny",
        "province": "liege",
        "region": "wallonie"
      }
    },
    {
      "type": "Feature",
      "geometry": {
        "type": "Point",
        "coordinates": [
          3.7147681,
          51.0298504
        ]
      },
      "properties": {
        "access": "private",
        "boules": "petanque",
        "leisure": "pitch",
        "lit": "yes",
        "sport": "boules",
        "nearest_street": "Sint-Pietersaalststraat",
        "commune": "Gent",
        "province": "flandre_orientale",
        "region": "flandre"
      }
    },
    {
      "type": "Feature",
      "geometry": {
        "type": "Point",
        "coordinates": [
          3.9306351,
          50.9544626
        ]
      },
      "properties": {
        "leisure": "pitch",
        "sport": "boules",
        "nearest_street": "Bovenstraat",
        "commune": "Lede",
        "province": "flandre_orientale",
        "region": "flandre"
      }
    },
    {
      "type": "Feature",
      "geometry": {
        "type": "Point",
        "coordinates": [
          4.577521,
          50.2485362
        ]
      },
      "properties": {
        "leisure": "pitch",
        "sport": "boules",
        "nearest_street": "Rue Croix Jacquet",
        "commune": "Florennes",
        "province": "namur",
        "region": "wallonie"
      }
    },
    {
      "type": "Feature",
      "geometry": {
        "type": "Point",
        "coordinates": [
          4.5773172,
          50.2484994
        ]
      },
      "properties": {
        "leisure": "pitch",
        "sport": "boules",
        "nearest_street": "Rue Croix Jacquet",
        "commune": "Florennes",
        "province": "namur",
        "region": "wallonie"
      }
    },
    {
      "type": "Feature",
      "geometry": {
        "type": "Point",
        "coordinates": [
          4.3178722,
          50.8030756
        ]
      },
      "properties": {
        "boules": "petanque",
        "leisure": "pitch",
        "sport": "boules",
        "nearest_street": "Square du Bia Bouquet - Bia Bouquetsquare",
        "commune": "Forest - Vorst",
        "province": null,
        "region": "bruxelles"
      }
    },
    {
      "type": "Feature",
      "geometry": {
        "type": "Point",
        "coordinates": [
          4.3178483,
          50.8030916
        ]
      },
      "properties": {
        "boules": "petanque",
        "leisure": "pitch",
        "sport": "boules",
        "nearest_street": "Square du Bia Bouquet - Bia Bouquetsquare",
        "commune": "Forest - Vorst",
        "province": null,
        "region": "bruxelles"
      }
    },
    {
      "type": "Feature",
      "geometry": {
        "type": "Point",
        "coordinates": [
          4.1183509,
          50.8590626
        ]
      },
      "properties": {
        "boules": "petanque",
        "leisure": "pitch",
        "lit": "no",
        "sport": "boules",
        "surface": "fine_gravel",
        "nearest_street": "Gravenplein",
        "commune": "Liedekerke",
        "province": "brabant_flamand",
        "region": "flandre"
      }
    },
    {
      "type": "Feature",
      "geometry": {
        "type": "Point",
        "coordinates": [
          4.1015008,
          50.8623325
        ]
      },
      "properties": {
        "leisure": "pitch",
        "sport": "boules",
        "nearest_street": "Dennenlaan",
        "commune": "Liedekerke",
        "province": "brabant_flamand",
        "region": "flandre"
      }
    },
    {
      "type": "Feature",
      "geometry": {
        "type": "Point",
        "coordinates": [
          5.3331165,
          50.9275777
        ]
      },
      "properties": {
        "leisure": "pitch",
        "sport": "boules",
        "nearest_street": "Fonteinstraat",
        "commune": "Hasselt",
        "province": "limbourg",
        "region": "flandre"
      }
    },
    {
      "type": "Feature",
      "geometry": {
        "type": "Point",
        "coordinates": [
          4.225995,
          50.6831127
        ]
      },
      "properties": {
        "leisure": "pitch",
        "sport": "boules",
        "nearest_street": "Avenue du Hain",
        "commune": "Tubize",
        "province": "brabant_wallon",
        "region": "wallonie"
      }
    },
    {
      "type": "Feature",
      "geometry": {
        "type": "Point",
        "coordinates": [
          5.3437233,
          50.9169712
        ]
      },
      "properties": {
        "building": "yes",
        "leisure": "pitch",
        "sport": "boules",
        "nearest_street": "Hollandsveldlaan",
        "commune": "Hasselt",
        "province": "limbourg",
        "region": "flandre"
      }
    },
    {
      "type": "Feature",
      "geometry": {
        "type": "Point",
        "coordinates": [
          4.4171283,
          50.8923085
        ]
      },
      "properties": {
        "boules": "petanque",
        "leisure": "pitch",
        "sport": "boules",
        "nearest_street": "Rue de Flodorp - Flodorpstraat",
        "commune": "Bruxelles - Brussel",
        "province": null,
        "region": "bruxelles"
      }
    },
    {
      "type": "Feature",
      "geometry": {
        "type": "Point",
        "coordinates": [
          4.1633322,
          50.4086925
        ]
      },
      "properties": {
        "leisure": "pitch",
        "sport": "boules",
        "nearest_street": "Place Pont-Martine",
        "commune": "Binche",
        "province": "hainaut",
        "region": "wallonie"
      }
    },
    {
      "type": "Feature",
      "geometry": {
        "type": "Point",
        "coordinates": [
          3.7151756,
          51.0512599
        ]
      },
      "properties": {
        "boules": "petanque",
        "leisure": "pitch",
        "sport": "boules",
        "nearest_street": "Brandstraat",
        "commune": "Gent",
        "province": "flandre_orientale",
        "region": "flandre"
      }
    },
    {
      "type": "Feature",
      "geometry": {
        "type": "Point",
        "coordinates": [
          4.4230729,
          50.8816885
        ]
      },
      "properties": {
        "access": "private",
        "leisure": "pitch",
        "sport": "boules",
        "nearest_street": "Rue Arthur Maes - Arthur Maesstraat",
        "commune": "Bruxelles - Brussel",
        "province": null,
        "region": "bruxelles"
      }
    },
    {
      "type": "Feature",
      "geometry": {
        "type": "Point",
        "coordinates": [
          4.423338,
          50.8817302
        ]
      },
      "properties": {
        "access": "private",
        "leisure": "pitch",
        "sport": "boules",
        "nearest_street": "Rue Arthur Maes - Arthur Maesstraat",
        "commune": "Bruxelles - Brussel",
        "province": null,
        "region": "bruxelles"
      }
    },
    {
      "type": "Feature",
      "geometry": {
        "type": "Point",
        "coordinates": [
          4.8850816,
          49.9939672
        ]
      },
      "properties": {
        "leisure": "pitch",
        "sport": "boules",
        "nearest_street": "Rue Edouard Pisvin",
        "commune": "Rienne",
        "province": "namur",
        "region": "wallonie"
      }
    },
    {
      "type": "Feature",
      "geometry": {
        "type": "Point",
        "coordinates": [
          4.8850112,
          49.9939692
        ]
      },
      "properties": {
        "leisure": "pitch",
        "sport": "boules",
        "nearest_street": "Rue Edouard Pisvin",
        "commune": "Rienne",
        "province": "namur",
        "region": "wallonie"
      }
    },
    {
      "type": "Feature",
      "geometry": {
        "type": "Point",
        "coordinates": [
          5.4806825,
          50.1044673
        ]
      },
      "properties": {
        "leisure": "pitch",
        "sport": "boules",
        "nearest_street": "Rue de l'Epine",
        "commune": "Journal",
        "province": "luxembourg",
        "region": "wallonie"
      }
    },
    {
      "type": "Feature",
      "geometry": {
        "type": "Point",
        "coordinates": [
          4.2854569,
          50.8254401
        ]
      },
      "properties": {
        "boules": "petanque",
        "leisure": "pitch",
        "sport": "boules",
        "nearest_street": "Avenue Marius Renard - Marius Renardlaan",
        "commune": "Anderlecht",
        "province": null,
        "region": "bruxelles"
      }
    },
    {
      "type": "Feature",
      "geometry": {
        "type": "Point",
        "coordinates": [
          4.285398,
          50.8254237
        ]
      },
      "properties": {
        "boules": "petanque",
        "leisure": "pitch",
        "sport": "boules",
        "nearest_street": "Avenue Marius Renard - Marius Renardlaan",
        "commune": "Anderlecht",
        "province": null,
        "region": "bruxelles"
      }
    },
    {
      "type": "Feature",
      "geometry": {
        "type": "Point",
        "coordinates": [
          4.285334,
          50.8254098
        ]
      },
      "properties": {
        "boules": "petanque",
        "leisure": "pitch",
        "sport": "boules",
        "nearest_street": "Avenue Marius Renard - Marius Renardlaan",
        "commune": "Anderlecht",
        "province": null,
        "region": "bruxelles"
      }
    },
    {
      "type": "Feature",
      "geometry": {
        "type": "Point",
        "coordinates": [
          4.2852667,
          50.8253969
        ]
      },
      "properties": {
        "boules": "petanque",
        "leisure": "pitch",
        "sport": "boules",
        "nearest_street": "Avenue Marius Renard - Marius Renardlaan",
        "commune": "Anderlecht",
        "province": null,
        "region": "bruxelles"
      }
    },
    {
      "type": "Feature",
      "geometry": {
        "type": "Point",
        "coordinates": [
          3.9229924,
          50.7911259
        ]
      },
      "properties": {
        "boules": "petanque",
        "leisure": "pitch",
        "sport": "boules",
        "nearest_street": "Ingang B",
        "commune": "Geraardsbergen",
        "province": "flandre_orientale",
        "region": "flandre"
      }
    },
    {
      "type": "Feature",
      "geometry": {
        "type": "Point",
        "coordinates": [
          5.1750102,
          50.4106426
        ]
      },
      "properties": {
        "leisure": "pitch",
        "sport": "boules",
        "nearest_street": "Chemin du Grand Chêne",
        "commune": "Évelette",
        "province": "namur",
        "region": "wallonie"
      }
    },
    {
      "type": "Feature",
      "geometry": {
        "type": "Point",
        "coordinates": [
          4.1644123,
          50.4158953
        ]
      },
      "properties": {
        "leisure": "pitch",
        "sport": "boules",
        "nearest_street": "Place du Centenaire",
        "commune": "Binche",
        "province": "hainaut",
        "region": "wallonie"
      }
    },
    {
      "type": "Feature",
      "geometry": {
        "type": "Point",
        "coordinates": [
          4.3461627,
          50.8665123
        ]
      },
      "properties": {
        "leisure": "pitch",
        "lit": "yes",
        "sport": "boules",
        "surface": "compacted",
        "nearest_street": null,
        "commune": "Bruxelles - Brussel",
        "province": null,
        "region": "bruxelles"
      }
    },
    {
      "type": "Feature",
      "geometry": {
        "type": "Point",
        "coordinates": [
          4.346108,
          50.8665224
        ]
      },
      "properties": {
        "leisure": "pitch",
        "lit": "yes",
        "sport": "boules",
        "surface": "compacted",
        "nearest_street": null,
        "commune": "Bruxelles - Brussel",
        "province": null,
        "region": "bruxelles"
      }
    },
    {
      "type": "Feature",
      "geometry": {
        "type": "Point",
        "coordinates": [
          4.3071496,
          50.8460212
        ]
      },
      "properties": {
        "leisure": "pitch",
        "sport": "boules",
        "surface": "compacted",
        "nearest_street": "Rue Puccini - Puccinistraat",
        "commune": "Anderlecht",
        "province": null,
        "region": "bruxelles"
      }
    },
    {
      "type": "Feature",
      "geometry": {
        "type": "Point",
        "coordinates": [
          3.2296537,
          50.7784559
        ]
      },
      "properties": {
        "boules": "petanque",
        "leisure": "pitch",
        "sport": "boules",
        "surface": "sand",
        "nearest_street": "Moeskroensesteenweg",
        "commune": "Kortrijk",
        "province": "flandre_occidentale",
        "region": "flandre"
      }
    },
    {
      "type": "Feature",
      "geometry": {
        "type": "Point",
        "coordinates": [
          3.3717795,
          50.8889113
        ]
      },
      "properties": {
        "boules": "petanque",
        "leisure": "pitch",
        "sport": "boules",
        "surface": "compacted",
        "nearest_street": "Gentseweg",
        "commune": "Waregem",
        "province": "flandre_occidentale",
        "region": "flandre"
      }
    },
    {
      "type": "Feature",
      "geometry": {
        "type": "Point",
        "coordinates": [
          4.4157576,
          50.8562422
        ]
      },
      "properties": {
        "condition": "bad",
        "leisure": "pitch",
        "lit": "yes",
        "sport": "boules",
        "nearest_street": "Clos de l'Argilière - Kleigroeveërf",
        "commune": "Evere",
        "province": null,
        "region": "bruxelles"
      }
    },
    {
      "type": "Feature",
      "geometry": {
        "type": "Point",
        "coordinates": [
          4.8022457,
          51.0713274
        ]
      },
      "properties": {
        "leisure": "pitch",
        "sport": "boules",
        "nearest_street": null,
        "commune": "Hulshout",
        "province": "anvers",
        "region": "flandre"
      }
    },
    {
      "type": "Feature",
      "geometry": {
        "type": "Point",
        "coordinates": [
          4.8023331,
          51.0713117
        ]
      },
      "properties": {
        "leisure": "pitch",
        "sport": "boules",
        "nearest_street": null,
        "commune": "Hulshout",
        "province": "anvers",
        "region": "flandre"
      }
    },
    {
      "type": "Feature",
      "geometry": {
        "type": "Point",
        "coordinates": [
          5.0069522,
          50.2315314
        ]
      },
      "properties": {
        "boules": "petanque",
        "leisure": "pitch",
        "sport": "boules",
        "nearest_street": null,
        "commune": "Celles",
        "province": "namur",
        "region": "wallonie"
      }
    },
    {
      "type": "Feature",
      "geometry": {
        "type": "Point",
        "coordinates": [
          5.007004,
          50.2315583
        ]
      },
      "properties": {
        "boules": "petanque",
        "leisure": "pitch",
        "sport": "boules",
        "nearest_street": null,
        "commune": "Celles",
        "province": "namur",
        "region": "wallonie"
      }
    },
    {
      "type": "Feature",
      "geometry": {
        "type": "Point",
        "coordinates": [
          4.979852,
          51.0711145
        ]
      },
      "properties": {
        "leisure": "pitch",
        "sport": "boules",
        "nearest_street": "De Hoge Hegge",
        "commune": "Veerle",
        "province": "anvers",
        "region": "flandre"
      }
    },
    {
      "type": "Feature",
      "geometry": {
        "type": "Point",
        "coordinates": [
          4.9791082,
          51.0519921
        ]
      },
      "properties": {
        "leisure": "pitch",
        "sport": "boules",
        "nearest_street": "Veerle-Heide",
        "commune": "Veerle",
        "province": "anvers",
        "region": "flandre"
      }
    },
    {
      "type": "Feature",
      "geometry": {
        "type": "Point",
        "coordinates": [
          5.4914776,
          50.9846692
        ]
      },
      "properties": {
        "leisure": "pitch",
        "sport": "boules",
        "nearest_street": "Op De Meerstraat",
        "commune": "Genk",
        "province": "limbourg",
        "region": "flandre"
      }
    },
    {
      "type": "Feature",
      "geometry": {
        "type": "Point",
        "coordinates": [
          5.4914803,
          50.984634
        ]
      },
      "properties": {
        "leisure": "pitch",
        "sport": "boules",
        "nearest_street": "Op De Meerstraat",
        "commune": "Genk",
        "province": "limbourg",
        "region": "flandre"
      }
    },
    {
      "type": "Feature",
      "geometry": {
        "type": "Point",
        "coordinates": [
          5.4914837,
          50.9845816
        ]
      },
      "properties": {
        "leisure": "pitch",
        "sport": "boules",
        "nearest_street": "Op De Meerstraat",
        "commune": "Genk",
        "province": "limbourg",
        "region": "flandre"
      }
    },
    {
      "type": "Feature",
      "geometry": {
        "type": "Point",
        "coordinates": [
          5.491486,
          50.9845457
        ]
      },
      "properties": {
        "leisure": "pitch",
        "sport": "boules",
        "nearest_street": "Op De Meerstraat",
        "commune": "Genk",
        "province": "limbourg",
        "region": "flandre"
      }
    },
    {
      "type": "Feature",
      "geometry": {
        "type": "Point",
        "coordinates": [
          5.0649287,
          49.950077
        ]
      },
      "properties": {
        "leisure": "pitch",
        "sport": "boules",
        "nearest_street": "Chemin du Vicinal",
        "commune": "Graide",
        "province": "namur",
        "region": "wallonie"
      }
    },
    {
      "type": "Feature",
      "geometry": {
        "type": "Point",
        "coordinates": [
          5.420123,
          50.5062763
        ]
      },
      "properties": {
        "leisure": "pitch",
        "lit": "yes",
        "sport": "boules",
        "surface": "fine_gravel",
        "nearest_street": "Place Ovide Musin",
        "commune": "Nandrin",
        "province": "liege",
        "region": "wallonie"
      }
    },
    {
      "type": "Feature",
      "geometry": {
        "type": "Point",
        "coordinates": [
          3.7972622,
          50.9943405
        ]
      },
      "properties": {
        "leisure": "pitch",
        "sport": "boules",
        "nearest_street": "Zwaluwstraat",
        "commune": "Melle",
        "province": "flandre_orientale",
        "region": "flandre"
      }
    },
    {
      "type": "Feature",
      "geometry": {
        "type": "Point",
        "coordinates": [
          4.3011407,
          50.8240076
        ]
      },
      "properties": {
        "boules": "petanque",
        "leisure": "pitch",
        "sport": "boules",
        "nearest_street": "Rue des Résédas - Resedastraat",
        "commune": "Anderlecht",
        "province": null,
        "region": "bruxelles"
      }
    },
    {
      "type": "Feature",
      "geometry": {
        "type": "Point",
        "coordinates": [
          4.4333959,
          50.8544419
        ]
      },
      "properties": {
        "boules": "petanque",
        "leisure": "pitch",
        "sport": "boules",
        "nearest_street": "Avenue de la Charmille - Haagbeukenlaan",
        "commune": "Woluwe-Saint-Lambert - Sint-Lambrechts-Woluwe",
        "province": null,
        "region": "bruxelles"
      }
    },
    {
      "type": "Feature",
      "geometry": {
        "type": "Point",
        "coordinates": [
          4.4334213,
          50.8544615
        ]
      },
      "properties": {
        "boules": "petanque",
        "leisure": "pitch",
        "sport": "boules",
        "nearest_street": "Avenue de la Charmille - Haagbeukenlaan",
        "commune": "Woluwe-Saint-Lambert - Sint-Lambrechts-Woluwe",
        "province": null,
        "region": "bruxelles"
      }
    },
    {
      "type": "Feature",
      "geometry": {
        "type": "Point",
        "coordinates": [
          3.6758127,
          51.0734228
        ]
      },
      "properties": {
        "access": "customers",
        "boules": "petanque",
        "leisure": "pitch",
        "lit": "yes",
        "operator": "Sint-Cornelius Den Boer",
        "playground:theme": "playground",
        "sport": "boules",
        "surface": "gravel",
        "nearest_street": "Alphonse Claeys-Bouüaertdreef",
        "commune": "Gent",
        "province": "flandre_orientale",
        "region": "flandre"
      }
    },
    {
      "type": "Feature",
      "geometry": {
        "type": "Point",
        "coordinates": [
          3.6758362,
          51.0733882
        ]
      },
      "properties": {
        "access": "customers",
        "boules": "petanque",
        "leisure": "pitch",
        "lit": "yes",
        "operator": "Sint-Cornelius Den Boer",
        "playground:theme": "playground",
        "sport": "boules",
        "surface": "gravel",
        "nearest_street": "Alphonse Claeys-Bouüaertdreef",
        "commune": "Gent",
        "province": "flandre_orientale",
        "region": "flandre"
      }
    },
    {
      "type": "Feature",
      "geometry": {
        "type": "Point",
        "coordinates": [
          4.3486046,
          50.7920029
        ]
      },
      "properties": {
        "leisure": "pitch",
        "sport": "boules",
        "nearest_street": "Avenue de la Chênaie - Eikenboslaan",
        "commune": "Uccle - Ukkel",
        "province": null,
        "region": "bruxelles"
      }
    },
    {
      "type": "Feature",
      "geometry": {
        "type": "Point",
        "coordinates": [
          4.3486205,
          50.7919765
        ]
      },
      "properties": {
        "leisure": "pitch",
        "sport": "boules",
        "nearest_street": "Avenue de la Chênaie - Eikenboslaan",
        "commune": "Uccle - Ukkel",
        "province": null,
        "region": "bruxelles"
      }
    },
    {
      "type": "Feature",
      "geometry": {
        "type": "Point",
        "coordinates": [
          4.3268788,
          50.7834998
        ]
      },
      "properties": {
        "leisure": "pitch",
        "sport": "boules",
        "nearest_street": "Rue Molensteen - Molensteenstraat",
        "commune": "Uccle - Ukkel",
        "province": null,
        "region": "bruxelles"
      }
    },
    {
      "type": "Feature",
      "geometry": {
        "type": "Point",
        "coordinates": [
          3.5721505,
          51.0047995
        ]
      },
      "properties": {
        "leisure": "pitch",
        "sport": "boules",
        "nearest_street": "Groenevelddreef",
        "commune": "Deinze",
        "province": "flandre_orientale",
        "region": "flandre"
      }
    },
    {
      "type": "Feature",
      "geometry": {
        "type": "Point",
        "coordinates": [
          4.7179242,
          51.2740421
        ]
      },
      "properties": {
        "boules": "petanque",
        "leisure": "pitch",
        "sport": "boules",
        "nearest_street": "Zonneputteke",
        "commune": "Zoersel",
        "province": "anvers",
        "region": "flandre"
      }
    },
    {
      "type": "Feature",
      "geometry": {
        "type": "Point",
        "coordinates": [
          4.7179233,
          51.2740639
        ]
      },
      "properties": {
        "boules": "petanque",
        "leisure": "pitch",
        "sport": "boules",
        "nearest_street": "Zonneputteke",
        "commune": "Zoersel",
        "province": "anvers",
        "region": "flandre"
      }
    },
    {
      "type": "Feature",
      "geometry": {
        "type": "Point",
        "coordinates": [
          5.5722585,
          50.6722161
        ]
      },
      "properties": {
        "leisure": "pitch",
        "sport": "boules",
        "nearest_street": "Rue des Mésanges",
        "commune": "Herstal",
        "province": "liege",
        "region": "wallonie"
      }
    },
    {
      "type": "Feature",
      "geometry": {
        "type": "Point",
        "coordinates": [
          5.5722309,
          50.6722308
        ]
      },
      "properties": {
        "leisure": "pitch",
        "sport": "boules",
        "nearest_street": "Rue des Mésanges",
        "commune": "Herstal",
        "province": "liege",
        "region": "wallonie"
      }
    },
    {
      "type": "Feature",
      "geometry": {
        "type": "Point",
        "coordinates": [
          5.5135674,
          50.5889807
        ]
      },
      "properties": {
        "access": "yes",
        "leisure": "pitch",
        "sport": "boules",
        "nearest_street": "Place Volders",
        "commune": "Seraing",
        "province": "liege",
        "region": "wallonie"
      }
    },
    {
      "type": "Feature",
      "geometry": {
        "type": "Point",
        "coordinates": [
          3.7507632,
          50.9905699
        ]
      },
      "properties": {
        "leisure": "pitch",
        "sport": "boules",
        "nearest_street": "Maurits Sabbestraat",
        "commune": "Merelbeke",
        "province": "flandre_orientale",
        "region": "flandre"
      }
    },
    {
      "type": "Feature",
      "geometry": {
        "type": "Point",
        "coordinates": [
          3.7114316,
          50.9975186
        ]
      },
      "properties": {
        "leisure": "pitch",
        "sport": "boules",
        "nearest_street": "Ten Hulle",
        "commune": "Gent",
        "province": "flandre_orientale",
        "region": "flandre"
      }
    },
    {
      "type": "Feature",
      "geometry": {
        "type": "Point",
        "coordinates": [
          3.7580557,
          50.8043582
        ]
      },
      "properties": {
        "leisure": "pitch",
        "sport": "boules",
        "nearest_street": "Dam",
        "commune": "Nederbrakel",
        "province": "flandre_orientale",
        "region": "flandre"
      }
    },
    {
      "type": "Feature",
      "geometry": {
        "type": "Point",
        "coordinates": [
          4.0607534,
          50.9421054
        ]
      },
      "properties": {
        "boules": "petanque",
        "leisure": "pitch",
        "sport": "boules",
        "surface": "compacted",
        "nearest_street": "Langestraat",
        "commune": "Aalst",
        "province": "flandre_orientale",
        "region": "flandre"
      }
    },
    {
      "type": "Feature",
      "geometry": {
        "type": "Point",
        "coordinates": [
          4.0559557,
          50.9402782
        ]
      },
      "properties": {
        "abandoned": "yes",
        "access": "yes",
        "leisure": "pitch",
        "sport": "boules",
        "surface": "compacted",
        "nearest_street": "Voormalige Zwartehoekbrug",
        "commune": "Aalst",
        "province": "flandre_orientale",
        "region": "flandre"
      }
    },
    {
      "type": "Feature",
      "geometry": {
        "type": "Point",
        "coordinates": [
          4.3208891,
          50.8094435
        ]
      },
      "properties": {
        "access": "yes",
        "boules": "petanque",
        "leisure": "pitch",
        "sport": "boules",
        "nearest_street": "Avenue Victor Rousseau - Victor Rousseaulaan",
        "commune": "Forest - Vorst",
        "province": null,
        "region": "bruxelles"
      }
    },
    {
      "type": "Feature",
      "geometry": {
        "type": "Point",
        "coordinates": [
          5.9643705,
          50.7341578
        ]
      },
      "properties": {
        "leisure": "pitch",
        "sport": "boules",
        "nearest_street": "RAVeL 38",
        "commune": "Montzen",
        "province": "liege",
        "region": "wallonie"
      }
    },
    {
      "type": "Feature",
      "geometry": {
        "type": "Point",
        "coordinates": [
          5.9644188,
          50.7341108
        ]
      },
      "properties": {
        "leisure": "pitch",
        "sport": "boules",
        "nearest_street": "RAVeL 38",
        "commune": "Montzen",
        "province": "liege",
        "region": "wallonie"
      }
    },
    {
      "type": "Feature",
      "geometry": {
        "type": "Point",
        "coordinates": [
          3.3151731,
          50.9975122
        ]
      },
      "properties": {
        "boules": "petanque",
        "leisure": "pitch",
        "sport": "boules",
        "surface": "sand",
        "nearest_street": "Deken Darraslaan",
        "commune": "Tielt",
        "province": "flandre_occidentale",
        "region": "flandre"
      }
    },
    {
      "type": "Feature",
      "geometry": {
        "type": "Point",
        "coordinates": [
          3.3151522,
          50.9975057
        ]
      },
      "properties": {
        "boules": "petanque",
        "leisure": "pitch",
        "sport": "boules",
        "surface": "sand",
        "nearest_street": "Den Treurniet",
        "commune": "Tielt",
        "province": "flandre_occidentale",
        "region": "flandre"
      }
    },
    {
      "type": "Feature",
      "geometry": {
        "type": "Point",
        "coordinates": [
          4.9858462,
          51.1603737
        ]
      },
      "properties": {
        "leisure": "pitch",
        "sport": "boules",
        "nearest_street": "Werft",
        "commune": "Geel",
        "province": "anvers",
        "region": "flandre"
      }
    },
    {
      "type": "Feature",
      "geometry": {
        "type": "Point",
        "coordinates": [
          4.9598707,
          51.1622582
        ]
      },
      "properties": {
        "leisure": "pitch",
        "sport": "boules",
        "nearest_street": "Zwaarvoerdersspoor",
        "commune": "Geel",
        "province": "anvers",
        "region": "flandre"
      }
    },
    {
      "type": "Feature",
      "geometry": {
        "type": "Point",
        "coordinates": [
          4.9598489,
          51.1622822
        ]
      },
      "properties": {
        "leisure": "pitch",
        "sport": "boules",
        "nearest_street": "Zwaarvoerdersspoor",
        "commune": "Geel",
        "province": "anvers",
        "region": "flandre"
      }
    },
    {
      "type": "Feature",
      "geometry": {
        "type": "Point",
        "coordinates": [
          4.9598272,
          51.1623062
        ]
      },
      "properties": {
        "leisure": "pitch",
        "sport": "boules",
        "nearest_street": "Zwaarvoerdersspoor",
        "commune": "Geel",
        "province": "anvers",
        "region": "flandre"
      }
    },
    {
      "type": "Feature",
      "geometry": {
        "type": "Point",
        "coordinates": [
          4.9805423,
          51.1683163
        ]
      },
      "properties": {
        "leisure": "pitch",
        "sport": "boules",
        "nearest_street": "Kwakkelberg",
        "commune": "Geel",
        "province": "anvers",
        "region": "flandre"
      }
    },
    {
      "type": "Feature",
      "geometry": {
        "type": "Point",
        "coordinates": [
          3.1712632,
          51.1329204
        ]
      },
      "properties": {
        "leisure": "pitch",
        "sport": "boules",
        "nearest_street": "Elzenhoek",
        "commune": "Zedelgem",
        "province": "flandre_occidentale",
        "region": "flandre"
      }
    },
    {
      "type": "Feature",
      "geometry": {
        "type": "Point",
        "coordinates": [
          4.7297113,
          50.8904866
        ]
      },
      "properties": {
        "access": "yes",
        "leisure": "pitch",
        "sport": "petanque",
        "nearest_street": "Gemeenteplein",
        "commune": "Leuven",
        "province": "brabant_flamand",
        "region": "flandre"
      }
    },
    {
      "type": "Feature",
      "geometry": {
        "type": "Point",
        "coordinates": [
          4.391642,
          50.8075554
        ]
      },
      "properties": {
        "boules": "petanque",
        "leisure": "pitch",
        "sport": "boules",
        "nearest_street": "Square du Vieux Tilleul - Oude-Lindesquare",
        "commune": "Ixelles - Elsene",
        "province": null,
        "region": "bruxelles"
      }
    },
    {
      "type": "Feature",
      "geometry": {
        "type": "Point",
        "coordinates": [
          5.385655,
          51.0552207
        ]
      },
      "properties": {
        "leisure": "pitch",
        "sport": "boules",
        "nearest_street": "'t Dorp",
        "commune": "Houthalen-Helchteren",
        "province": "limbourg",
        "region": "flandre"
      }
    },
    {
      "type": "Feature",
      "geometry": {
        "type": "Point",
        "coordinates": [
          5.8053397,
          50.4657025
        ]
      },
      "properties": {
        "access": "private",
        "boules": "petanque",
        "leisure": "pitch",
        "sport": "boules",
        "nearest_street": "Rue Fagne Marron",
        "commune": "Theux",
        "province": "liege",
        "region": "wallonie"
      }
    },
    {
      "type": "Feature",
      "geometry": {
        "type": "Point",
        "coordinates": [
          3.6499504,
          50.9822683
        ]
      },
      "properties": {
        "leisure": "pitch",
        "sport": "boules",
        "nearest_street": "Finse piste",
        "commune": "De Pinte",
        "province": "flandre_orientale",
        "region": "flandre"
      }
    },
    {
      "type": "Feature",
      "geometry": {
        "type": "Point",
        "coordinates": [
          5.4631365,
          50.7744739
        ]
      },
      "properties": {
        "building": "yes",
        "leisure": "pitch",
        "sport": "boules",
        "nearest_street": "Dijk",
        "commune": "Tongeren",
        "province": "limbourg",
        "region": "flandre"
      }
    },
    {
      "type": "Feature",
      "geometry": {
        "type": "Point",
        "coordinates": [
          5.8128587,
          50.5372447
        ]
      },
      "properties": {
        "access": "yes",
        "leisure": "pitch",
        "sport": "boules",
        "nearest_street": "Rue du Moulin",
        "commune": "Theux",
        "province": "liege",
        "region": "wallonie"
      }
    },
    {
      "type": "Feature",
      "geometry": {
        "type": "Point",
        "coordinates": [
          5.4539056,
          50.5684865
        ]
      },
      "properties": {
        "access": "yes",
        "fee": "no",
        "leisure": "pitch",
        "sport": "boules",
        "nearest_street": "Place Emile Zola",
        "commune": "Flémalle",
        "province": "liege",
        "region": "wallonie"
      }
    },
    {
      "type": "Feature",
      "geometry": {
        "type": "Point",
        "coordinates": [
          4.8450567,
          51.3546624
        ]
      },
      "properties": {
        "leisure": "pitch",
        "sport": "boules",
        "nearest_street": "Den Drank",
        "commune": "Merksplas",
        "province": "anvers",
        "region": "flandre"
      }
    },
    {
      "type": "Feature",
      "geometry": {
        "type": "Point",
        "coordinates": [
          3.6919384,
          51.0634694
        ]
      },
      "properties": {
        "boules": "petanque",
        "leisure": "pitch",
        "note": "te bevestigen",
        "sport": "boules",
        "nearest_street": "Peerstraat",
        "commune": "Gent",
        "province": "flandre_orientale",
        "region": "flandre"
      }
    },
    {
      "type": "Feature",
      "geometry": {
        "type": "Point",
        "coordinates": [
          3.1011704,
          51.1826589
        ]
      },
      "properties": {
        "leisure": "pitch",
        "sport": "boules",
        "surface": "graffel",
        "nearest_street": "Vlamingveld",
        "commune": "Jabbeke",
        "province": "flandre_occidentale",
        "region": "flandre"
      }
    },
    {
      "type": "Feature",
      "geometry": {
        "type": "Point",
        "coordinates": [
          4.3467809,
          50.8302085
        ]
      },
      "properties": {
        "boules": "petanque",
        "leisure": "pitch",
        "lit": "yes",
        "sport": "boules",
        "surface": "fine_gravel",
        "nearest_street": "Rue de Moscou - Moskoustraat",
        "commune": "Saint-Gilles - Sint-Gillis",
        "province": null,
        "region": "bruxelles"
      }
    },
    {
      "type": "Feature",
      "geometry": {
        "type": "Point",
        "coordinates": [
          3.9909459,
          51.0218533
        ]
      },
      "properties": {
        "leisure": "pitch",
        "sport": "boules",
        "nearest_street": "Eremijtenwegel",
        "commune": "Berlare",
        "province": "flandre_orientale",
        "region": "flandre"
      }
    },
    {
      "type": "Feature",
      "geometry": {
        "type": "Point",
        "coordinates": [
          5.4137163,
          50.5279417
        ]
      },
      "properties": {
        "access": "yes",
        "boules": "petanque",
        "check_date": "2024-08-16",
        "leisure": "pitch",
        "lit": "yes",
        "sport": "boules",
        "surface": "fine_gravel",
        "nearest_street": "Voye di mèsse",
        "commune": "Saint-Séverin",
        "province": "liege",
        "region": "wallonie"
      }
    },
    {
      "type": "Feature",
      "geometry": {
        "type": "Point",
        "coordinates": [
          4.6009985,
          50.0736228
        ]
      },
      "properties": {
        "boules": "petanque",
        "leisure": "pitch",
        "sport": "boules",
        "nearest_street": "Rue Jean Chot",
        "commune": "Olloy-sur-Viroin",
        "province": "namur",
        "region": "wallonie"
      }
    },
    {
      "type": "Feature",
      "geometry": {
        "type": "Point",
        "coordinates": [
          3.0779154,
          51.2974854
        ]
      },
      "properties": {
        "boules": "petanque",
        "leisure": "pitch",
        "lit": "yes",
        "sport": "boules",
        "surface": "compacted",
        "nearest_street": "Park Leopold II",
        "commune": "Wenduine",
        "province": "flandre_occidentale",
        "region": "flandre"
      }
    },
    {
      "type": "Feature",
      "geometry": {
        "type": "Point",
        "coordinates": [
          3.6083576,
          50.9570934
        ]
      },
      "properties": {
        "boules": "yes",
        "leisure": "pitch",
        "sport": "boules",
        "surface": "compacted",
        "nearest_street": "Drapstraat",
        "commune": "Nazareth",
        "province": "flandre_orientale",
        "region": "flandre"
      }
    },
    {
      "type": "Feature",
      "geometry": {
        "type": "Point",
        "coordinates": [
          3.6083479,
          50.9570726
        ]
      },
      "properties": {
        "boules": "yes",
        "leisure": "pitch",
        "sport": "boules",
        "surface": "compacted",
        "nearest_street": "Drapstraat",
        "commune": "Nazareth",
        "province": "flandre_orientale",
        "region": "flandre"
      }
    },
    {
      "type": "Feature",
      "geometry": {
        "type": "Point",
        "coordinates": [
          3.6085455,
          50.9570584
        ]
      },
      "properties": {
        "boules": "yes",
        "leisure": "pitch",
        "sport": "boules",
        "surface": "compacted",
        "nearest_street": "Drapstraat",
        "commune": "Nazareth",
        "province": "flandre_orientale",
        "region": "flandre"
      }
    },
    {
      "type": "Feature",
      "geometry": {
        "type": "Point",
        "coordinates": [
          3.6085365,
          50.9570376
        ]
      },
      "properties": {
        "boules": "yes",
        "leisure": "pitch",
        "sport": "boules",
        "surface": "compacted",
        "nearest_street": "Drapstraat",
        "commune": "Nazareth",
        "province": "flandre_orientale",
        "region": "flandre"
      }
    },
    {
      "type": "Feature",
      "geometry": {
        "type": "Point",
        "coordinates": [
          4.6816433,
          50.090728
        ]
      },
      "properties": {
        "boules": "petanque",
        "leisure": "pitch",
        "lit": "yes",
        "sport": "boules",
        "surface": "fine_gravel",
        "nearest_street": "Rue de la Gare",
        "commune": "Treignes",
        "province": "namur",
        "region": "wallonie"
      }
    },
    {
      "type": "Feature",
      "geometry": {
        "type": "Point",
        "coordinates": [
          4.6814773,
          50.0906909
        ]
      },
      "properties": {
        "boules": "petanque",
        "leisure": "pitch",
        "lit": "yes",
        "sport": "boules",
        "surface": "fine_gravel",
        "nearest_street": "Rue de la Gare",
        "commune": "Treignes",
        "province": "namur",
        "region": "wallonie"
      }
    },
    {
      "type": "Feature",
      "geometry": {
        "type": "Point",
        "coordinates": [
          4.6814918,
          50.0908036
        ]
      },
      "properties": {
        "boules": "petanque",
        "leisure": "pitch",
        "lit": "yes",
        "sport": "boules",
        "surface": "fine_gravel",
        "nearest_street": "Rue de la Gare",
        "commune": "Treignes",
        "province": "namur",
        "region": "wallonie"
      }
    },
    {
      "type": "Feature",
      "geometry": {
        "type": "Point",
        "coordinates": [
          6.0104593,
          50.7244639
        ]
      },
      "properties": {
        "boules": "petanque",
        "leisure": "pitch",
        "lit": "no",
        "sport": "boules",
        "surface": "fine_gravel",
        "nearest_street": "Brandehövel",
        "commune": "Kelmis - La Calamine",
        "province": "liege",
        "region": "wallonie"
      }
    },
    {
      "type": "Feature",
      "geometry": {
        "type": "Point",
        "coordinates": [
          4.5618119,
          50.6789388
        ]
      },
      "properties": {
        "leisure": "pitch",
        "sport": "boules",
        "nearest_street": "Avenue des Sorbiers",
        "commune": "Ottignies-Louvain-la-Neuve",
        "province": "brabant_wallon",
        "region": "wallonie"
      }
    },
    {
      "type": "Feature",
      "geometry": {
        "type": "Point",
        "coordinates": [
          3.1361073,
          50.955271
        ]
      },
      "properties": {
        "leisure": "pitch",
        "sport": "boules",
        "nearest_street": "Kardinaal Cardijnlaan",
        "commune": "Roeselare",
        "province": "flandre_occidentale",
        "region": "flandre"
      }
    },
    {
      "type": "Feature",
      "geometry": {
        "type": "Point",
        "coordinates": [
          4.9960831,
          50.3356648
        ]
      },
      "properties": {
        "boules": "Petanque",
        "leisure": "pitch",
        "name": "Pétanque",
        "sport": "boules",
        "nearest_street": "Rue de Spontin",
        "commune": "Durnal",
        "province": "namur",
        "region": "wallonie"
      }
    },
    {
      "type": "Feature",
      "geometry": {
        "type": "Point",
        "coordinates": [
          4.9959026,
          50.3357208
        ]
      },
      "properties": {
        "boules": "Petanque",
        "leisure": "pitch",
        "name": "Pétanque",
        "sport": "boules",
        "nearest_street": "Rue de Spontin",
        "commune": "Durnal",
        "province": "namur",
        "region": "wallonie"
      }
    },
    {
      "type": "Feature",
      "geometry": {
        "type": "Point",
        "coordinates": [
          4.3396482,
          50.8331205
        ]
      },
      "properties": {
        "access": "yes",
        "boules": "petanque",
        "leisure": "pitch",
        "lit": "no",
        "sport": "boules",
        "surface": "sand",
        "nearest_street": "Place des Héros - Heldenplein",
        "commune": "Saint-Gilles - Sint-Gillis",
        "province": null,
        "region": "bruxelles"
      }
    },
    {
      "type": "Feature",
      "geometry": {
        "type": "Point",
        "coordinates": [
          3.5365587,
          50.9850333
        ]
      },
      "properties": {
        "leisure": "pitch",
        "sport": "boules",
        "nearest_street": "Donzapark",
        "commune": "Deinze",
        "province": "flandre_orientale",
        "region": "flandre"
      }
    },
    {
      "type": "Feature",
      "geometry": {
        "type": "Point",
        "coordinates": [
          4.4159571,
          50.538453
        ]
      },
      "properties": {
        "boules": "petanque",
        "leisure": "pitch",
        "sport": "boules",
        "nearest_street": "Rue de la Cure",
        "commune": "Sart-à-Rèves",
        "province": "hainaut",
        "region": "wallonie"
      }
    },
    {
      "type": "Feature",
      "geometry": {
        "type": "Point",
        "coordinates": [
          5.8103718,
          50.5415244
        ]
      },
      "properties": {
        "leisure": "pitch",
        "sport": "boules",
        "nearest_street": "Rue des Grands Prés",
        "commune": "Theux",
        "province": "liege",
        "region": "wallonie"
      }
    },
    {
      "type": "Feature",
      "geometry": {
        "type": "Point",
        "coordinates": [
          4.5878604,
          50.4441303
        ]
      },
      "properties": {
        "leisure": "pitch",
        "sport": "boules",
        "surface": "ground",
        "nearest_street": "Rue Dry les Cortils",
        "commune": "Sambreville",
        "province": "namur",
        "region": "wallonie"
      }
    },
    {
      "type": "Feature",
      "geometry": {
        "type": "Point",
        "coordinates": [
          4.3107938,
          50.8038327
        ]
      },
      "properties": {
        "boules": "petanque",
        "leisure": "pitch",
        "sport": "boules",
        "nearest_street": "Boulevard de la Deuxième Armée Britannique - Britse Tweedelegerlaan",
        "commune": "Forest - Vorst",
        "province": null,
        "region": "bruxelles"
      }
    },
    {
      "type": "Feature",
      "geometry": {
        "type": "Point",
        "coordinates": [
          4.3107665,
          50.8037333
        ]
      },
      "properties": {
        "boules": "petanque",
        "leisure": "pitch",
        "sport": "boules",
        "nearest_street": "Boulevard de la Deuxième Armée Britannique - Britse Tweedelegerlaan",
        "commune": "Forest - Vorst",
        "province": null,
        "region": "bruxelles"
      }
    },
    {
      "type": "Feature",
      "geometry": {
        "type": "Point",
        "coordinates": [
          2.7420322,
          51.140737
        ]
      },
      "properties": {
        "leisure": "pitch",
        "lit": "no",
        "name": "Petanque pleinen",
        "sport": "boules",
        "surface": "gravel",
        "nearest_street": "Kromme Hoek",
        "commune": "Nieuwpoort",
        "province": "flandre_occidentale",
        "region": "flandre"
      }
    },
    {
      "type": "Feature",
      "geometry": {
        "type": "Point",
        "coordinates": [
          5.4952177,
          50.5906469
        ]
      },
      "properties": {
        "access": "yes",
        "boules": "yes",
        "leisure": "pitch",
        "sport": "boules",
        "nearest_street": "Place des Verriers",
        "commune": "Seraing",
        "province": "liege",
        "region": "wallonie"
      }
    },
    {
      "type": "Feature",
      "geometry": {
        "type": "Point",
        "coordinates": [
          5.6688386,
          50.9781273
        ]
      },
      "properties": {
        "building": "yes",
        "leisure": "pitch",
        "sport": "boules",
        "nearest_street": "Meisbergstraat",
        "commune": "Maasmechelen",
        "province": "limbourg",
        "region": "flandre"
      }
    },
    {
      "type": "Feature",
      "geometry": {
        "type": "Point",
        "coordinates": [
          5.687871,
          50.9079969
        ]
      },
      "properties": {
        "leisure": "pitch",
        "sport": "boules",
        "nearest_street": "Kasteelstraat",
        "commune": "Lanaken",
        "province": "limbourg",
        "region": "flandre"
      }
    },
    {
      "type": "Feature",
      "geometry": {
        "type": "Point",
        "coordinates": [
          5.5754135,
          50.8084272
        ]
      },
      "properties": {
        "leisure": "pitch",
        "sport": "boules",
        "nearest_street": "Sint-Jansstraat",
        "commune": "Riemst",
        "province": "limbourg",
        "region": "flandre"
      }
    },
    {
      "type": "Feature",
      "geometry": {
        "type": "Point",
        "coordinates": [
          3.6492964,
          50.9636529
        ]
      },
      "properties": {
        "boules": "yes",
        "leisure": "pitch",
        "sport": "boules",
        "nearest_street": "Cornelis de Schepperestraat",
        "commune": "Eke",
        "province": "flandre_orientale",
        "region": "flandre"
      }
    },
    {
      "type": "Feature",
      "geometry": {
        "type": "Point",
        "coordinates": [
          5.1202316,
          49.9349299
        ]
      },
      "properties": {
        "access": "private",
        "leisure": "pitch",
        "sport": "boules",
        "nearest_street": "Rue de la Scierie",
        "commune": "Opont",
        "province": "luxembourg",
        "region": "wallonie"
      }
    },
    {
      "type": "Feature",
      "geometry": {
        "type": "Point",
        "coordinates": [
          5.137139,
          51.0649051
        ]
      },
      "properties": {
        "leisure": "pitch",
        "sport": "boules",
        "nearest_street": "Gettendonkstraat",
        "commune": "Tessenderlo",
        "province": "limbourg",
        "region": "flandre"
      }
    },
    {
      "type": "Feature",
      "geometry": {
        "type": "Point",
        "coordinates": [
          4.2860816,
          50.8400297
        ]
      },
      "properties": {
        "boules": "petanque",
        "leisure": "pitch",
        "sport": "boules",
        "nearest_street": "Rue Adolphe Willemyns - Adolphe Willemynsstraat",
        "commune": "Anderlecht",
        "province": null,
        "region": "bruxelles"
      }
    },
    {
      "type": "Feature",
      "geometry": {
        "type": "Point",
        "coordinates": [
          3.7481237,
          51.0343356
        ]
      },
      "properties": {
        "boules": "petanque",
        "leisure": "pitch",
        "sport": "boules",
        "nearest_street": "De Naeyerdreef",
        "commune": "Gent",
        "province": "flandre_orientale",
        "region": "flandre"
      }
    },
    {
      "type": "Feature",
      "geometry": {
        "type": "Point",
        "coordinates": [
          5.2256536,
          51.1153914
        ]
      },
      "properties": {
        "leisure": "pitch",
        "sport": "boules",
        "nearest_street": "Heidestraat",
        "commune": "Leopoldsburg",
        "province": "limbourg",
        "region": "flandre"
      }
    },
    {
      "type": "Feature",
      "geometry": {
        "type": "Point",
        "coordinates": [
          5.7362046,
          50.9918899
        ]
      },
      "properties": {
        "leisure": "pitch",
        "sport": "boules",
        "nearest_street": "Dreef",
        "commune": "Maasmechelen",
        "province": "limbourg",
        "region": "flandre"
      }
    },
    {
      "type": "Feature",
      "geometry": {
        "type": "Point",
        "coordinates": [
          3.9945245,
          51.0938586
        ]
      },
      "properties": {
        "leisure": "pitch",
        "lit": "yes",
        "sport": "boules",
        "surface": "fine_gravel",
        "nearest_street": "Derbystraat",
        "commune": "Lokeren",
        "province": "flandre_orientale",
        "region": "flandre"
      }
    },
    {
      "type": "Feature",
      "geometry": {
        "type": "Point",
        "coordinates": [
          5.3493511,
          50.9485107
        ]
      },
      "properties": {
        "leisure": "pitch",
        "sport": "boules",
        "nearest_street": "Hadewychlaan",
        "commune": "Hasselt",
        "province": "limbourg",
        "region": "flandre"
      }
    },
    {
      "type": "Feature",
      "geometry": {
        "type": "Point",
        "coordinates": [
          5.3550322,
          50.8019761
        ]
      },
      "properties": {
        "leisure": "pitch",
        "sport": "boules",
        "nearest_street": "Finse piste",
        "commune": "Borgloon",
        "province": "limbourg",
        "region": "flandre"
      }
    },
    {
      "type": "Feature",
      "geometry": {
        "type": "Point",
        "coordinates": [
          3.6897954,
          51.064997
        ]
      },
      "properties": {
        "access": "yes",
        "leisure": "pitch",
        "sport": "boules",
        "nearest_street": "Firapeelpad",
        "commune": "Gent",
        "province": "flandre_orientale",
        "region": "flandre"
      }
    },
    {
      "type": "Feature",
      "geometry": {
        "type": "Point",
        "coordinates": [
          3.7467218,
          50.981813
        ]
      },
      "properties": {
        "leisure": "pitch",
        "sport": "boules",
        "nearest_street": "Bundervijver",
        "commune": "Merelbeke",
        "province": "flandre_orientale",
        "region": "flandre"
      }
    },
    {
      "type": "Feature",
      "geometry": {
        "type": "Point",
        "coordinates": [
          3.2966314,
          50.9556531
        ]
      },
      "properties": {
        "boules": "petanque",
        "leisure": "pitch",
        "sport": "boules",
        "nearest_street": "Sint-Vincentiusstraat",
        "commune": "Tielt",
        "province": "flandre_occidentale",
        "region": "flandre"
      }
    },
    {
      "type": "Feature",
      "geometry": {
        "type": "Point",
        "coordinates": [
          4.4945036,
          51.2905837
        ]
      },
      "properties": {
        "leisure": "pitch",
        "sport": "boules",
        "nearest_street": "Armand Reusensplein",
        "commune": "Brasschaat",
        "province": "anvers",
        "region": "flandre"
      }
    },
    {
      "type": "Feature",
      "geometry": {
        "type": "Point",
        "coordinates": [
          5.6294353,
          50.9002634
        ]
      },
      "properties": {
        "leisure": "pitch",
        "sport": "boules",
        "nearest_street": "Dennenstraat",
        "commune": "Lanaken",
        "province": "limbourg",
        "region": "flandre"
      }
    },
    {
      "type": "Feature",
      "geometry": {
        "type": "Point",
        "coordinates": [
          5.6296644,
          50.9005119
        ]
      },
      "properties": {
        "leisure": "pitch",
        "sport": "boules",
        "nearest_street": "Roelerdreef",
        "commune": "Lanaken",
        "province": "limbourg",
        "region": "flandre"
      }
    },
    {
      "type": "Feature",
      "geometry": {
        "type": "Point",
        "coordinates": [
          5.6973271,
          51.08666
        ]
      },
      "properties": {
        "building": "yes",
        "leisure": "pitch",
        "sport": "boules",
        "nearest_street": "Hoogstraat",
        "commune": "Maaseik",
        "province": "limbourg",
        "region": "flandre"
      }
    },
    {
      "type": "Feature",
      "geometry": {
        "type": "Point",
        "coordinates": [
          5.6973972,
          51.0865609
        ]
      },
      "properties": {
        "building": "yes",
        "leisure": "pitch",
        "sport": "boules",
        "nearest_street": "Hoogstraat",
        "commune": "Maaseik",
        "province": "limbourg",
        "region": "flandre"
      }
    },
    {
      "type": "Feature",
      "geometry": {
        "type": "Point",
        "coordinates": [
          5.7433352,
          51.1404806
        ]
      },
      "properties": {
        "leisure": "pitch",
        "sport": "boules",
        "nearest_street": "Natterveld",
        "commune": "Kinrooi",
        "province": "limbourg",
        "region": "flandre"
      }
    },
    {
      "type": "Feature",
      "geometry": {
        "type": "Point",
        "coordinates": [
          5.1524174,
          51.1410459
        ]
      },
      "properties": {
        "leisure": "pitch",
        "sport": "boules",
        "nearest_street": "Kloosterstraat",
        "commune": "Balen",
        "province": "anvers",
        "region": "flandre"
      }
    },
    {
      "type": "Feature",
      "geometry": {
        "type": "Point",
        "coordinates": [
          5.1523614,
          51.1411602
        ]
      },
      "properties": {
        "leisure": "pitch",
        "sport": "boules",
        "nearest_street": "Kloosterstraat",
        "commune": "Balen",
        "province": "anvers",
        "region": "flandre"
      }
    },
    {
      "type": "Feature",
      "geometry": {
        "type": "Point",
        "coordinates": [
          5.7983307,
          51.1255581
        ]
      },
      "properties": {
        "building": "yes",
        "leisure": "pitch",
        "sport": "boules",
        "nearest_street": "Bongertestraat",
        "commune": "Kinrooi",
        "province": "limbourg",
        "region": "flandre"
      }
    },
    {
      "type": "Feature",
      "geometry": {
        "type": "Point",
        "coordinates": [
          5.7982136,
          51.125479
        ]
      },
      "properties": {
        "building": "yes",
        "leisure": "pitch",
        "sport": "boules",
        "nearest_street": "Bongertestraat",
        "commune": "Kinrooi",
        "province": "limbourg",
        "region": "flandre"
      }
    },
    {
      "type": "Feature",
      "geometry": {
        "type": "Point",
        "coordinates": [
          5.7981603,
          51.1255457
        ]
      },
      "properties": {
        "building": "yes",
        "leisure": "pitch",
        "sport": "boules",
        "nearest_street": "Bongertestraat",
        "commune": "Kinrooi",
        "province": "limbourg",
        "region": "flandre"
      }
    },
    {
      "type": "Feature",
      "geometry": {
        "type": "Point",
        "coordinates": [
          3.2245152,
          51.1991235
        ]
      },
      "properties": {
        "leisure": "pitch",
        "lit": "yes",
        "sport": "boules",
        "surface": "compacted",
        "nearest_street": "Katelijnevest",
        "commune": "Brugge",
        "province": "flandre_occidentale",
        "region": "flandre"
      }
    },
    {
      "type": "Feature",
      "geometry": {
        "type": "Point",
        "coordinates": [
          3.2245133,
          51.1991599
        ]
      },
      "properties": {
        "leisure": "pitch",
        "lit": "yes",
        "sport": "boules",
        "surface": "compacted",
        "nearest_street": "Katelijnevest",
        "commune": "Brugge",
        "province": "flandre_occidentale",
        "region": "flandre"
      }
    },
    {
      "type": "Feature",
      "geometry": {
        "type": "Point",
        "coordinates": [
          5.7900043,
          51.1022986
        ]
      },
      "properties": {
        "leisure": "pitch",
        "sport": "boules",
        "nearest_street": "Sportlaan",
        "commune": "Maaseik",
        "province": "limbourg",
        "region": "flandre"
      }
    },
    {
      "type": "Feature",
      "geometry": {
        "type": "Point",
        "coordinates": [
          3.7297521,
          50.9720308
        ]
      },
      "properties": {
        "leisure": "pitch",
        "sport": "boules",
        "nearest_street": "Hoorndriesstraat",
        "commune": "Merelbeke",
        "province": "flandre_orientale",
        "region": "flandre"
      }
    },
    {
      "type": "Feature",
      "geometry": {
        "type": "Point",
        "coordinates": [
          4.6165372,
          50.6345969
        ]
      },
      "properties": {
        "leisure": "pitch",
        "sport": "boules",
        "surface": "fine_gravel",
        "nearest_street": "Rue de l'Orne",
        "commune": "Mont-Saint-Guibert",
        "province": "brabant_wallon",
        "region": "wallonie"
      }
    },
    {
      "type": "Feature",
      "geometry": {
        "type": "Point",
        "coordinates": [
          5.6071641,
          50.4006941
        ]
      },
      "properties": {
        "access": "permissive",
        "leisure": "pitch",
        "lit": "no",
        "sport": "boules",
        "surface": "fine_gravel",
        "nearest_street": "Rue de Lognoul",
        "commune": "Ferrières",
        "province": "liege",
        "region": "wallonie"
      }
    },
    {
      "type": "Feature",
      "geometry": {
        "type": "Point",
        "coordinates": [
          4.8124785,
          50.4684025
        ]
      },
      "properties": {
        "leisure": "pitch",
        "sport": "boules",
        "nearest_street": "Rue Gustave Verbeeck",
        "commune": "Namur",
        "province": "namur",
        "region": "wallonie"
      }
    },
    {
      "type": "Feature",
      "geometry": {
        "type": "Point",
        "coordinates": [
          5.521983,
          51.097242
        ]
      },
      "properties": {
        "building": "yes",
        "leisure": "pitch",
        "sport": "boules",
        "nearest_street": "Torenstraat",
        "commune": "Meeuwen",
        "province": "limbourg",
        "region": "flandre"
      }
    },
    {
      "type": "Feature",
      "geometry": {
        "type": "Point",
        "coordinates": [
          5.5220227,
          51.0972584
        ]
      },
      "properties": {
        "building": "yes",
        "leisure": "pitch",
        "sport": "boules",
        "nearest_street": "Torenstraat",
        "commune": "Meeuwen",
        "province": "limbourg",
        "region": "flandre"
      }
    },
    {
      "type": "Feature",
      "geometry": {
        "type": "Point",
        "coordinates": [
          5.5707591,
          51.1670247
        ]
      },
      "properties": {
        "leisure": "pitch",
        "sport": "boules",
        "nearest_street": "Eikenlaan",
        "commune": "Bocholt",
        "province": "limbourg",
        "region": "flandre"
      }
    },
    {
      "type": "Feature",
      "geometry": {
        "type": "Point",
        "coordinates": [
          5.5702803,
          51.167129
        ]
      },
      "properties": {
        "leisure": "pitch",
        "sport": "boules",
        "nearest_street": "Eikenlaan",
        "commune": "Bocholt",
        "province": "limbourg",
        "region": "flandre"
      }
    },
    {
      "type": "Feature",
      "geometry": {
        "type": "Point",
        "coordinates": [
          5.5697691,
          51.1669369
        ]
      },
      "properties": {
        "leisure": "pitch",
        "name": "Petanqueclub Bocholt",
        "sport": "boules",
        "nearest_street": "Eikenlaan",
        "commune": "Bocholt",
        "province": "limbourg",
        "region": "flandre"
      }
    },
    {
      "type": "Feature",
      "geometry": {
        "type": "Point",
        "coordinates": [
          3.0911089,
          51.1176878
        ]
      },
      "properties": {
        "leisure": "pitch",
        "sport": "boules",
        "nearest_street": "Aartrijksestraat",
        "commune": "Aartrijke",
        "province": "flandre_occidentale",
        "region": "flandre"
      }
    },
    {
      "type": "Feature",
      "geometry": {
        "type": "Point",
        "coordinates": [
          3.4193226,
          50.9645929
        ]
      },
      "properties": {
        "leisure": "pitch",
        "sport": "boules",
        "surface": "gravel",
        "nearest_street": "Kerkstraat",
        "commune": "Dentergem",
        "province": "flandre_occidentale",
        "region": "flandre"
      }
    },
    {
      "type": "Feature",
      "geometry": {
        "type": "Point",
        "coordinates": [
          3.4736311,
          50.8376426
        ]
      },
      "properties": {
        "access": "yes",
        "leisure": "pitch",
        "sport": "boules",
        "surface": "fine_gravel",
        "nearest_street": "Torrebosstraat",
        "commune": "Anzegem",
        "province": "flandre_occidentale",
        "region": "flandre"
      }
    },
    {
      "type": "Feature",
      "geometry": {
        "type": "Point",
        "coordinates": [
          3.4737462,
          50.8375071
        ]
      },
      "properties": {
        "access": "yes",
        "leisure": "pitch",
        "sport": "boules",
        "surface": "fine_gravel",
        "nearest_street": "Torrebosstraat",
        "commune": "Anzegem",
        "province": "flandre_occidentale",
        "region": "flandre"
      }
    },
    {
      "type": "Feature",
      "geometry": {
        "type": "Point",
        "coordinates": [
          4.3940962,
          51.1836562
        ]
      },
      "properties": {
        "access": "yes",
        "area": "yes",
        "boules": "yes",
        "leisure": "pitch",
        "lit": "no",
        "sport": "boules",
        "surface": "sand",
        "nearest_street": "Populierenlaan",
        "commune": "Antwerpen",
        "province": "anvers",
        "region": "flandre"
      }
    },
    {
      "type": "Feature",
      "geometry": {
        "type": "Point",
        "coordinates": [
          5.2895591,
          51.2281186
        ]
      },
      "properties": {
        "leisure": "pitch",
        "sport": "boules",
        "nearest_street": "Joost van den Vondelstraat",
        "commune": "Lommel",
        "province": "limbourg",
        "region": "flandre"
      }
    },
    {
      "type": "Feature",
      "geometry": {
        "type": "Point",
        "coordinates": [
          5.3348166,
          51.2442021
        ]
      },
      "properties": {
        "leisure": "pitch",
        "sport": "boules",
        "nearest_street": "Heide",
        "commune": "Lommel",
        "province": "limbourg",
        "region": "flandre"
      }
    },
    {
      "type": "Feature",
      "geometry": {
        "type": "Point",
        "coordinates": [
          4.2042713,
          50.9057389
        ]
      },
      "properties": {
        "leisure": "pitch",
        "sport": "boules",
        "nearest_street": "Pastinakenstraat",
        "commune": "Asse",
        "province": "brabant_flamand",
        "region": "flandre"
      }
    },
    {
      "type": "Feature",
      "geometry": {
        "type": "Point",
        "coordinates": [
          5.3814529,
          51.2089892
        ]
      },
      "properties": {
        "leisure": "pitch",
        "sport": "boules",
        "nearest_street": "Heikapper",
        "commune": "Overpelt",
        "province": "limbourg",
        "region": "flandre"
      }
    },
    {
      "type": "Feature",
      "geometry": {
        "type": "Point",
        "coordinates": [
          5.1700846,
          51.1703818
        ]
      },
      "properties": {
        "leisure": "pitch",
        "sport": "boules",
        "nearest_street": "Sint-Andriesplein",
        "commune": "Balen",
        "province": "anvers",
        "region": "flandre"
      }
    },
    {
      "type": "Feature",
      "geometry": {
        "type": "Point",
        "coordinates": [
          5.17012,
          51.1703655
        ]
      },
      "properties": {
        "leisure": "pitch",
        "sport": "boules",
        "nearest_street": "Sint-Andriesplein",
        "commune": "Balen",
        "province": "anvers",
        "region": "flandre"
      }
    },
    {
      "type": "Feature",
      "geometry": {
        "type": "Point",
        "coordinates": [
          5.1699617,
          51.1702701
        ]
      },
      "properties": {
        "leisure": "pitch",
        "sport": "boules",
        "nearest_street": "Sint-Andriesplein",
        "commune": "Balen",
        "province": "anvers",
        "region": "flandre"
      }
    },
    {
      "type": "Feature",
      "geometry": {
        "type": "Point",
        "coordinates": [
          5.1700009,
          51.1702527
        ]
      },
      "properties": {
        "leisure": "pitch",
        "sport": "boules",
        "nearest_street": "Sint-Andriesplein",
        "commune": "Balen",
        "province": "anvers",
        "region": "flandre"
      }
    },
    {
      "type": "Feature",
      "geometry": {
        "type": "Point",
        "coordinates": [
          3.1813094,
          51.3282091
        ]
      },
      "properties": {
        "access": "private",
        "boules": "petanque",
        "leisure": "pitch",
        "sport": "boules",
        "nearest_street": "Brusselstraat",
        "commune": "Brugge",
        "province": "flandre_occidentale",
        "region": "flandre"
      }
    },
    {
      "type": "Feature",
      "geometry": {
        "type": "Point",
        "coordinates": [
          5.8223654,
          50.6491333
        ]
      },
      "properties": {
        "leisure": "pitch",
        "lit": "no",
        "sport": "boules",
        "surface": "compacted",
        "nearest_street": "Clos du Mayeur",
        "commune": "Herve",
        "province": "liege",
        "region": "wallonie"
      }
    },
    {
      "type": "Feature",
      "geometry": {
        "type": "Point",
        "coordinates": [
          4.9779612,
          51.3340781
        ]
      },
      "properties": {
        "access": "yes",
        "leisure": "pitch",
        "sport": "boules",
        "nearest_street": null,
        "commune": "Oud-Turnhout",
        "province": "anvers",
        "region": "flandre"
      }
    },
    {
      "type": "Feature",
      "geometry": {
        "type": "Point",
        "coordinates": [
          5.1128694,
          51.1795187
        ]
      },
      "properties": {
        "leisure": "pitch",
        "sport": "boules",
        "nearest_street": "Heipad",
        "commune": "Mol",
        "province": "anvers",
        "region": "flandre"
      }
    },
    {
      "type": "Feature",
      "geometry": {
        "type": "Point",
        "coordinates": [
          5.1129003,
          51.1794776
        ]
      },
      "properties": {
        "leisure": "pitch",
        "sport": "boules",
        "nearest_street": "Heipad",
        "commune": "Mol",
        "province": "anvers",
        "region": "flandre"
      }
    },
    {
      "type": "Feature",
      "geometry": {
        "type": "Point",
        "coordinates": [
          5.1129296,
          51.1794385
        ]
      },
      "properties": {
        "leisure": "pitch",
        "sport": "boules",
        "nearest_street": "Heipad",
        "commune": "Mol",
        "province": "anvers",
        "region": "flandre"
      }
    },
    {
      "type": "Feature",
      "geometry": {
        "type": "Point",
        "coordinates": [
          4.9771248,
          51.3194103
        ]
      },
      "properties": {
        "leisure": "pitch",
        "sport": "boules",
        "nearest_street": "Molendijkpad",
        "commune": "Oud-Turnhout",
        "province": "anvers",
        "region": "flandre"
      }
    },
    {
      "type": "Feature",
      "geometry": {
        "type": "Point",
        "coordinates": [
          5.7903373,
          50.6391131
        ]
      },
      "properties": {
        "leisure": "pitch",
        "sport": "boules",
        "nearest_street": "Rue du Stade",
        "commune": "Herve",
        "province": "liege",
        "region": "wallonie"
      }
    },
    {
      "type": "Feature",
      "geometry": {
        "type": "Point",
        "coordinates": [
          5.7902999,
          50.6390951
        ]
      },
      "properties": {
        "leisure": "pitch",
        "sport": "boules",
        "nearest_street": "Rue du Stade",
        "commune": "Herve",
        "province": "liege",
        "region": "wallonie"
      }
    },
    {
      "type": "Feature",
      "geometry": {
        "type": "Point",
        "coordinates": [
          4.0909916,
          50.4563285
        ]
      },
      "properties": {
        "leisure": "pitch",
        "sport": "boules",
        "surface": "sand",
        "nearest_street": "Rue de l'Entraide",
        "commune": "La Louvière",
        "province": "hainaut",
        "region": "wallonie"
      }
    },
    {
      "type": "Feature",
      "geometry": {
        "type": "Point",
        "coordinates": [
          5.5724776,
          50.9275373
        ]
      },
      "properties": {
        "leisure": "pitch",
        "sport": "boules",
        "nearest_street": "Blookbergstraat",
        "commune": "Zutendaal",
        "province": "limbourg",
        "region": "flandre"
      }
    },
    {
      "type": "Feature",
      "geometry": {
        "type": "Point",
        "coordinates": [
          4.0399936,
          50.8263212
        ]
      },
      "properties": {
        "access": "yes",
        "leisure": "pitch",
        "lit": "no",
        "sport": "boules",
        "surface": "compacted",
        "nearest_street": "Gemeentehuisstraat",
        "commune": "Meerbeke",
        "province": "flandre_orientale",
        "region": "flandre"
      }
    },
    {
      "type": "Feature",
      "geometry": {
        "type": "Point",
        "coordinates": [
          5.586844,
          50.8349581
        ]
      },
      "properties": {
        "access": "private",
        "leisure": "pitch",
        "name": "Petanque KWB",
        "sport": "boules",
        "nearest_street": "Kloosterstraat",
        "commune": "Riemst",
        "province": "limbourg",
        "region": "flandre"
      }
    },
    {
      "type": "Feature",
      "geometry": {
        "type": "Point",
        "coordinates": [
          5.6028996,
          50.8103211
        ]
      },
      "properties": {
        "leisure": "pitch",
        "sport": "boules",
        "nearest_street": "Eyckendael",
        "commune": "Riemst",
        "province": "limbourg",
        "region": "flandre"
      }
    },
    {
      "type": "Feature",
      "geometry": {
        "type": "Point",
        "coordinates": [
          5.0630872,
          51.0876415
        ]
      },
      "properties": {
        "leisure": "pitch",
        "sport": "boules",
        "nearest_street": "Paanhuisstraat",
        "commune": "Vorst",
        "province": "anvers",
        "region": "flandre"
      }
    },
    {
      "type": "Feature",
      "geometry": {
        "type": "Point",
        "coordinates": [
          5.8543268,
          50.5607203
        ]
      },
      "properties": {
        "access": "private",
        "leisure": "pitch",
        "sport": "boules",
        "nearest_street": "Drève de Maison-Bois",
        "commune": "Verviers",
        "province": "liege",
        "region": "wallonie"
      }
    },
    {
      "type": "Feature",
      "geometry": {
        "type": "Point",
        "coordinates": [
          5.8542839,
          50.5607168
        ]
      },
      "properties": {
        "access": "private",
        "leisure": "pitch",
        "sport": "boules",
        "nearest_street": "Drève de Maison-Bois",
        "commune": "Verviers",
        "province": "liege",
        "region": "wallonie"
      }
    },
    {
      "type": "Feature",
      "geometry": {
        "type": "Point",
        "coordinates": [
          5.5322474,
          50.79969
        ]
      },
      "properties": {
        "leisure": "pitch",
        "sport": "boules",
        "nearest_street": "Hesbaniastraat",
        "commune": "Riemst",
        "province": "limbourg",
        "region": "flandre"
      }
    },
    {
      "type": "Feature",
      "geometry": {
        "type": "Point",
        "coordinates": [
          5.0269121,
          51.0828906
        ]
      },
      "properties": {
        "leisure": "pitch",
        "sport": "boules",
        "nearest_street": "De Korenbloem",
        "commune": "Vorst",
        "province": "anvers",
        "region": "flandre"
      }
    },
    {
      "type": "Feature",
      "geometry": {
        "type": "Point",
        "coordinates": [
          5.5105791,
          51.0033067
        ]
      },
      "properties": {
        "leisure": "pitch",
        "sport": "boules",
        "nearest_street": "Weststraat",
        "commune": "Genk",
        "province": "limbourg",
        "region": "flandre"
      }
    },
    {
      "type": "Feature",
      "geometry": {
        "type": "Point",
        "coordinates": [
          5.5303312,
          50.9994758
        ]
      },
      "properties": {
        "building": "yes",
        "leisure": "pitch",
        "sport": "boules",
        "nearest_street": "Kerkeweg",
        "commune": "Genk",
        "province": "limbourg",
        "region": "flandre"
      }
    },
    {
      "type": "Feature",
      "geometry": {
        "type": "Point",
        "coordinates": [
          3.1832208,
          50.790678
        ]
      },
      "properties": {
        "leisure": "pitch",
        "sport": "boules",
        "nearest_street": "Meester Ameyeplein",
        "commune": "Lauwe",
        "province": "flandre_occidentale",
        "region": "flandre"
      }
    },
    {
      "type": "Feature",
      "geometry": {
        "type": "Point",
        "coordinates": [
          3.188904,
          50.7927594
        ]
      },
      "properties": {
        "access": "yes",
        "boules": "petanque",
        "leisure": "pitch",
        "sport": "boules",
        "surface": "gravel",
        "nearest_street": "Hospitaalstraat",
        "commune": "Lauwe",
        "province": "flandre_occidentale",
        "region": "flandre"
      }
    },
    {
      "type": "Feature",
      "geometry": {
        "type": "Point",
        "coordinates": [
          4.4545107,
          50.9613254
        ]
      },
      "properties": {
        "boules": "petanque",
        "leisure": "pitch",
        "lit": "no",
        "sport": "boules",
        "surface": "fine_gravel",
        "nearest_street": "Rekelstraat",
        "commune": "Zemst",
        "province": "brabant_flamand",
        "region": "flandre"
      }
    },
    {
      "type": "Feature",
      "geometry": {
        "type": "Point",
        "coordinates": [
          4.3906712,
          50.867166
        ]
      },
      "properties": {
        "indoor": "yes",
        "leisure": "pitch",
        "sport": "petanque",
        "nearest_street": "Place Terdelt - Terdeltplein",
        "commune": "Schaerbeek - Schaarbeek",
        "province": null,
        "region": "bruxelles"
      }
    },
    {
      "type": "Feature",
      "geometry": {
        "type": "Point",
        "coordinates": [
          5.4664843,
          50.8061492
        ]
      },
      "properties": {
        "building": "yes",
        "leisure": "pitch",
        "sport": "boules",
        "nearest_street": "Bilzersteenweg",
        "commune": "Riksingen",
        "province": "limbourg",
        "region": "flandre"
      }
    },
    {
      "type": "Feature",
      "geometry": {
        "type": "Point",
        "coordinates": [
          3.1910731,
          51.325931
        ]
      },
      "properties": {
        "boules": "petanque",
        "leisure": "pitch",
        "sport": "boules",
        "surface": "gravel",
        "nearest_street": "Veerbootstraat",
        "commune": "Brugge",
        "province": "flandre_occidentale",
        "region": "flandre"
      }
    },
    {
      "type": "Feature",
      "geometry": {
        "type": "Point",
        "coordinates": [
          3.6578649,
          50.9262971
        ]
      },
      "properties": {
        "leisure": "pitch",
        "sport": "boules",
        "surface": "compacted",
        "nearest_street": "Kasteeldreef",
        "commune": "Gavere",
        "province": "flandre_orientale",
        "region": "flandre"
      }
    },
    {
      "type": "Feature",
      "geometry": {
        "type": "Point",
        "coordinates": [
          3.6579273,
          50.9263151
        ]
      },
      "properties": {
        "leisure": "pitch",
        "sport": "boules",
        "surface": "compacted",
        "nearest_street": "Kasteeldreef",
        "commune": "Gavere",
        "province": "flandre_orientale",
        "region": "flandre"
      }
    },
    {
      "type": "Feature",
      "geometry": {
        "type": "Point",
        "coordinates": [
          3.6580144,
          50.926191
        ]
      },
      "properties": {
        "leisure": "pitch",
        "sport": "boules",
        "surface": "compacted",
        "nearest_street": "Kasteeldreef",
        "commune": "Gavere",
        "province": "flandre_orientale",
        "region": "flandre"
      }
    },
    {
      "type": "Feature",
      "geometry": {
        "type": "Point",
        "coordinates": [
          3.6579572,
          50.9261749
        ]
      },
      "properties": {
        "leisure": "pitch",
        "sport": "boules",
        "surface": "compacted",
        "nearest_street": "Kasteeldreef",
        "commune": "Gavere",
        "province": "flandre_orientale",
        "region": "flandre"
      }
    },
    {
      "type": "Feature",
      "geometry": {
        "type": "Point",
        "coordinates": [
          4.4695705,
          50.3827201
        ]
      },
      "properties": {
        "leisure": "pitch",
        "sport": "boules",
        "nearest_street": "Grand Ring de Charleroi",
        "commune": "Charleroi",
        "province": "hainaut",
        "region": "wallonie"
      }
    },
    {
      "type": "Feature",
      "geometry": {
        "type": "Point",
        "coordinates": [
          3.7464936,
          51.0226696
        ]
      },
      "properties": {
        "leisure": "pitch",
        "sport": "boules",
        "nearest_street": "Koestraat",
        "commune": "Merelbeke",
        "province": "flandre_orientale",
        "region": "flandre"
      }
    },
    {
      "type": "Feature",
      "geometry": {
        "type": "Point",
        "coordinates": [
          4.5812342,
          51.2309551
        ]
      },
      "properties": {
        "leisure": "pitch",
        "lit": "no",
        "sport": "boules",
        "surface": "compacted",
        "nearest_street": "Kasteeldreef",
        "commune": "Schilde",
        "province": "anvers",
        "region": "flandre"
      }
    },
    {
      "type": "Feature",
      "geometry": {
        "type": "Point",
        "coordinates": [
          4.4140762,
          51.234027
        ]
      },
      "properties": {
        "leisure": "pitch",
        "lit": "no",
        "sport": "boules",
        "surface": "compacted",
        "nearest_street": "Binnenvaartstraat",
        "commune": "Antwerpen",
        "province": "anvers",
        "region": "flandre"
      }
    },
    {
      "type": "Feature",
      "geometry": {
        "type": "Point",
        "coordinates": [
          4.4102834,
          51.234934
        ]
      },
      "properties": {
        "leisure": "pitch",
        "lit": "no",
        "sport": "boules",
        "surface": "compacted",
        "nearest_street": "Bombaystraat",
        "commune": "Antwerpen",
        "province": "anvers",
        "region": "flandre"
      }
    },
    {
      "type": "Feature",
      "geometry": {
        "type": "Point",
        "coordinates": [
          4.4249525,
          51.2320846
        ]
      },
      "properties": {
        "leisure": "pitch",
        "sport": "boules",
        "nearest_street": "Damplein",
        "commune": "Antwerpen",
        "province": "anvers",
        "region": "flandre"
      }
    },
    {
      "type": "Feature",
      "geometry": {
        "type": "Point",
        "coordinates": [
          4.9060698,
          51.2284499
        ]
      },
      "properties": {
        "leisure": "pitch",
        "sport": "boules",
        "nearest_street": "Krokuslaan",
        "commune": "Kasterlee",
        "province": "anvers",
        "region": "flandre"
      }
    },
    {
      "type": "Feature",
      "geometry": {
        "type": "Point",
        "coordinates": [
          5.2948457,
          51.0164632
        ]
      },
      "properties": {
        "leisure": "pitch",
        "sport": "boules",
        "nearest_street": "Kanunnik Davidlaan",
        "commune": "Zolder",
        "province": "limbourg",
        "region": "flandre"
      }
    },
    {
      "type": "Feature",
      "geometry": {
        "type": "Point",
        "coordinates": [
          2.8292668,
          51.1900886
        ]
      },
      "properties": {
        "leisure": "pitch",
        "sport": "boules",
        "nearest_street": "Oostendelaan",
        "commune": "Middelkerke",
        "province": "flandre_occidentale",
        "region": "flandre"
      }
    },
    {
      "type": "Feature",
      "geometry": {
        "type": "Point",
        "coordinates": [
          2.829172,
          51.1900022
        ]
      },
      "properties": {
        "leisure": "pitch",
        "sport": "boules",
        "nearest_street": "Oostendelaan",
        "commune": "Middelkerke",
        "province": "flandre_occidentale",
        "region": "flandre"
      }
    },
    {
      "type": "Feature",
      "geometry": {
        "type": "Point",
        "coordinates": [
          2.8502528,
          51.1526685
        ]
      },
      "properties": {
        "leisure": "pitch",
        "sport": "boules",
        "nearest_street": "Sohrenplein",
        "commune": "Middelkerke",
        "province": "flandre_occidentale",
        "region": "flandre"
      }
    },
    {
      "type": "Feature",
      "geometry": {
        "type": "Point",
        "coordinates": [
          2.850168,
          51.1527462
        ]
      },
      "properties": {
        "leisure": "pitch",
        "sport": "boules",
        "nearest_street": "Sohrenplein",
        "commune": "Middelkerke",
        "province": "flandre_occidentale",
        "region": "flandre"
      }
    },
    {
      "type": "Feature",
      "geometry": {
        "type": "Point",
        "coordinates": [
          5.195507,
          50.821996
        ]
      },
      "properties": {
        "leisure": "pitch",
        "sport": "boules",
        "nearest_street": "Begijnhof",
        "commune": "Sint-Truiden",
        "province": "limbourg",
        "region": "flandre"
      }
    },
    {
      "type": "Feature",
      "geometry": {
        "type": "Point",
        "coordinates": [
          5.2717703,
          50.871813
        ]
      },
      "properties": {
        "leisure": "pitch",
        "sport": "boules",
        "nearest_street": "Eduard Dompasstraat",
        "commune": "Alken",
        "province": "limbourg",
        "region": "flandre"
      }
    },
    {
      "type": "Feature",
      "geometry": {
        "type": "Point",
        "coordinates": [
          5.3439717,
          50.8416005
        ]
      },
      "properties": {
        "leisure": "pitch",
        "sport": "boules",
        "nearest_street": "Blokenstraat",
        "commune": "Wellen",
        "province": "limbourg",
        "region": "flandre"
      }
    },
    {
      "type": "Feature",
      "geometry": {
        "type": "Point",
        "coordinates": [
          5.3842159,
          50.4834682
        ]
      },
      "properties": {
        "leisure": "pitch",
        "sport": "boules",
        "nearest_street": "Rue de l'Église",
        "commune": "Soheit-Tinlot",
        "province": "liege",
        "region": "wallonie"
      }
    },
    {
      "type": "Feature",
      "geometry": {
        "type": "Point",
        "coordinates": [
          5.5890574,
          51.1460638
        ]
      },
      "properties": {
        "leisure": "pitch",
        "sport": "boules",
        "nearest_street": "Bremstraat",
        "commune": "Bree",
        "province": "limbourg",
        "region": "flandre"
      }
    },
    {
      "type": "Feature",
      "geometry": {
        "type": "Point",
        "coordinates": [
          3.6848623,
          50.4772548
        ]
      },
      "properties": {
        "leisure": "pitch",
        "sport": "petanque",
        "surface": "gravel",
        "nearest_street": "Coron du Charbonnage",
        "commune": "Harchies",
        "province": "hainaut",
        "region": "wallonie"
      }
    },
    {
      "type": "Feature",
      "geometry": {
        "type": "Point",
        "coordinates": [
          5.8026719,
          50.5230939
        ]
      },
      "properties": {
        "leisure": "pitch",
        "sport": "boules",
        "nearest_street": "Jevoumont",
        "commune": "Theux",
        "province": "liege",
        "region": "wallonie"
      }
    },
    {
      "type": "Feature",
      "geometry": {
        "type": "Point",
        "coordinates": [
          5.1775695,
          50.7531255
        ]
      },
      "properties": {
        "building": "yes",
        "leisure": "pitch",
        "sport": "boules",
        "nearest_street": "Truilingenstraat",
        "commune": "Buvingen",
        "province": "limbourg",
        "region": "flandre"
      }
    },
    {
      "type": "Feature",
      "geometry": {
        "type": "Point",
        "coordinates": [
          5.1777464,
          50.7531304
        ]
      },
      "properties": {
        "leisure": "pitch",
        "sport": "boules",
        "nearest_street": "Mielenstraat",
        "commune": "Buvingen",
        "province": "limbourg",
        "region": "flandre"
      }
    },
    {
      "type": "Feature",
      "geometry": {
        "type": "Point",
        "coordinates": [
          3.1738342,
          50.8048431
        ]
      },
      "properties": {
        "leisure": "pitch",
        "sport": "boules",
        "nearest_street": "Parkstraat",
        "commune": "Wevelgem",
        "province": "flandre_occidentale",
        "region": "flandre"
      }
    },
    {
      "type": "Feature",
      "geometry": {
        "type": "Point",
        "coordinates": [
          3.1965549,
          50.8102835
        ]
      },
      "properties": {
        "leisure": "pitch",
        "sport": "boules",
        "nearest_street": "Kozakstraat",
        "commune": "Wevelgem",
        "province": "flandre_occidentale",
        "region": "flandre"
      }
    },
    {
      "type": "Feature",
      "geometry": {
        "type": "Point",
        "coordinates": [
          3.8367256,
          50.9009543
        ]
      },
      "properties": {
        "leisure": "pitch",
        "lit": "no",
        "sport": "boules",
        "surface": "gravel",
        "nearest_street": "Waterstraat",
        "commune": "Oombergen",
        "province": "flandre_orientale",
        "region": "flandre"
      }
    },
    {
      "type": "Feature",
      "geometry": {
        "type": "Point",
        "coordinates": [
          4.9537427,
          50.5086553
        ]
      },
      "properties": {
        "access": "yes",
        "leisure": "pitch",
        "sport": "boules",
        "nearest_street": null,
        "commune": "Namur",
        "province": "namur",
        "region": "wallonie"
      }
    },
    {
      "type": "Feature",
      "geometry": {
        "type": "Point",
        "coordinates": [
          5.5006105,
          50.9515184
        ]
      },
      "properties": {
        "leisure": "pitch",
        "sport": "petanque",
        "nearest_street": "Rustlaan",
        "commune": "Genk",
        "province": "limbourg",
        "region": "flandre"
      }
    },
    {
      "type": "Feature",
      "geometry": {
        "type": "Point",
        "coordinates": [
          4.3809861,
          50.814304
        ]
      },
      "properties": {
        "leisure": "pitch",
        "lit": "yes",
        "sport": "boules",
        "surface": "rubber",
        "nearest_street": "Chemin Marie Popelin",
        "commune": "Bruxelles - Brussel",
        "province": null,
        "region": "bruxelles"
      }
    },
    {
      "type": "Feature",
      "geometry": {
        "type": "Point",
        "coordinates": [
          4.3807954,
          50.8142486
        ]
      },
      "properties": {
        "leisure": "pitch",
        "lit": "no",
        "sport": "boules",
        "surface": "sand",
        "nearest_street": "Chemin Marie Popelin",
        "commune": "Bruxelles - Brussel",
        "province": null,
        "region": "bruxelles"
      }
    },
    {
      "type": "Feature",
      "geometry": {
        "type": "Point",
        "coordinates": [
          4.3806047,
          50.8141933
        ]
      },
      "properties": {
        "leisure": "pitch",
        "lit": "no",
        "sport": "boules",
        "surface": "sand",
        "nearest_street": "Chemin Henri Storck",
        "commune": "Bruxelles - Brussel",
        "province": null,
        "region": "bruxelles"
      }
    },
    {
      "type": "Feature",
      "geometry": {
        "type": "Point",
        "coordinates": [
          5.1144869,
          50.9459956
        ]
      },
      "properties": {
        "leisure": "pitch",
        "sport": "boules",
        "nearest_street": "Sportlaan",
        "commune": "Halen",
        "province": "limbourg",
        "region": "flandre"
      }
    },
    {
      "type": "Feature",
      "geometry": {
        "type": "Point",
        "coordinates": [
          5.2300319,
          51.0091832
        ]
      },
      "properties": {
        "leisure": "pitch",
        "sport": "boules",
        "nearest_street": "Genenbosstraat",
        "commune": "Lummen",
        "province": "limbourg",
        "region": "flandre"
      }
    },
    {
      "type": "Feature",
      "geometry": {
        "type": "Point",
        "coordinates": [
          5.2304287,
          51.0089067
        ]
      },
      "properties": {
        "leisure": "pitch",
        "sport": "boules",
        "nearest_street": "Boskestraat",
        "commune": "Lummen",
        "province": "limbourg",
        "region": "flandre"
      }
    },
    {
      "type": "Feature",
      "geometry": {
        "type": "Point",
        "coordinates": [
          5.122825,
          50.9728165
        ]
      },
      "properties": {
        "leisure": "pitch",
        "sport": "boules",
        "nearest_street": "Kruisstraat",
        "commune": "Halen",
        "province": "limbourg",
        "region": "flandre"
      }
    },
    {
      "type": "Feature",
      "geometry": {
        "type": "Point",
        "coordinates": [
          4.2957921,
          50.8330026
        ]
      },
      "properties": {
        "boules": "petanque",
        "leisure": "pitch",
        "sport": "boules",
        "nearest_street": null,
        "commune": "Anderlecht",
        "province": null,
        "region": "bruxelles"
      }
    },
    {
      "type": "Feature",
      "geometry": {
        "type": "Point",
        "coordinates": [
          4.2955596,
          50.8330294
        ]
      },
      "properties": {
        "boules": "petanque",
        "leisure": "pitch",
        "sport": "boules",
        "nearest_street": null,
        "commune": "Anderlecht",
        "province": null,
        "region": "bruxelles"
      }
    },
    {
      "type": "Feature",
      "geometry": {
        "type": "Point",
        "coordinates": [
          4.2957506,
          50.8329483
        ]
      },
      "properties": {
        "boules": "petanque",
        "leisure": "pitch",
        "sport": "boules",
        "nearest_street": null,
        "commune": "Anderlecht",
        "province": null,
        "region": "bruxelles"
      }
    },
    {
      "type": "Feature",
      "geometry": {
        "type": "Point",
        "coordinates": [
          4.2955165,
          50.8329645
        ]
      },
      "properties": {
        "boules": "petanque",
        "leisure": "pitch",
        "sport": "boules",
        "nearest_street": null,
        "commune": "Anderlecht",
        "province": null,
        "region": "bruxelles"
      }
    },
    {
      "type": "Feature",
      "geometry": {
        "type": "Point",
        "coordinates": [
          4.7622121,
          50.8757089
        ]
      },
      "properties": {
        "boules": "petanque",
        "leisure": "pitch",
        "lit": "no",
        "sport": "boules",
        "surface": "sand",
        "nearest_street": "Lange Lostraat / Langelostraat",
        "commune": "Leuven",
        "province": "brabant_flamand",
        "region": "flandre"
      }
    },
    {
      "type": "Feature",
      "geometry": {
        "type": "Point",
        "coordinates": [
          5.5654002,
          50.9488806
        ]
      },
      "properties": {
        "leisure": "pitch",
        "sport": "boules",
        "nearest_street": "Postesstraat",
        "commune": "Zutendaal",
        "province": "limbourg",
        "region": "flandre"
      }
    },
    {
      "type": "Feature",
      "geometry": {
        "type": "Point",
        "coordinates": [
          5.5619695,
          50.9559392
        ]
      },
      "properties": {
        "leisure": "pitch",
        "sport": "boules",
        "nearest_street": "Turfstraat",
        "commune": "Zutendaal",
        "province": "limbourg",
        "region": "flandre"
      }
    },
    {
      "type": "Feature",
      "geometry": {
        "type": "Point",
        "coordinates": [
          5.0963478,
          51.04087
        ]
      },
      "properties": {
        "building": "yes",
        "leisure": "pitch",
        "source:geometry:date": "2010-07-02",
        "source:geometry:ref": "Gbg/2146467",
        "sport": "boules",
        "nearest_street": "Hasseltsebaan",
        "commune": "Diest",
        "province": "brabant_flamand",
        "region": "flandre"
      }
    },
    {
      "type": "Feature",
      "geometry": {
        "type": "Point",
        "coordinates": [
          4.2701957,
          50.2728945
        ]
      },
      "properties": {
        "leisure": "pitch",
        "sport": "boules",
        "nearest_street": "Rue Mestrioux",
        "commune": "Beaumont",
        "province": "hainaut",
        "region": "wallonie"
      }
    },
    {
      "type": "Feature",
      "geometry": {
        "type": "Point",
        "coordinates": [
          4.1697379,
          50.4056377
        ]
      },
      "properties": {
        "boules": "petanque",
        "leisure": "pitch",
        "sport": "boules",
        "nearest_street": "Rue du Transvaal",
        "commune": "Binche",
        "province": "hainaut",
        "region": "wallonie"
      }
    },
    {
      "type": "Feature",
      "geometry": {
        "type": "Point",
        "coordinates": [
          5.7350721,
          51.0509067
        ]
      },
      "properties": {
        "building": "yes",
        "leisure": "pitch",
        "sport": "boules",
        "nearest_street": "Hiegaetsweg",
        "commune": "Rotem",
        "province": "limbourg",
        "region": "flandre"
      }
    },
    {
      "type": "Feature",
      "geometry": {
        "type": "Point",
        "coordinates": [
          5.9233592,
          50.7492726
        ]
      },
      "properties": {
        "leisure": "pitch",
        "sport": "boules",
        "nearest_street": "Rue de Beusdael",
        "commune": "Sippenaeken",
        "province": "liege",
        "region": "wallonie"
      }
    },
    {
      "type": "Feature",
      "geometry": {
        "type": "Point",
        "coordinates": [
          5.7297278,
          50.5067279
        ]
      },
      "properties": {
        "access": "yes",
        "boules": "petanque",
        "leisure": "pitch",
        "sport": "boules",
        "surface": "gravel",
        "nearest_street": "Deigné",
        "commune": "Sougné-Remouchamps",
        "province": "liege",
        "region": "wallonie"
      }
    },
    {
      "type": "Feature",
      "geometry": {
        "type": "Point",
        "coordinates": [
          4.9778911,
          50.4598182
        ]
      },
      "properties": {
        "leisure": "pitch",
        "sport": "boules",
        "nearest_street": "Rue de Villenval",
        "commune": "Andenne",
        "province": "namur",
        "region": "wallonie"
      }
    },
    {
      "type": "Feature",
      "geometry": {
        "type": "Point",
        "coordinates": [
          4.4665709,
          50.8792515
        ]
      },
      "properties": {
        "leisure": "pitch",
        "sport": "boules",
        "nearest_street": "Hector Henneaulaan",
        "commune": "Zaventem",
        "province": "brabant_flamand",
        "region": "flandre"
      }
    },
    {
      "type": "Feature",
      "geometry": {
        "type": "Point",
        "coordinates": [
          4.4663253,
          51.2447158
        ]
      },
      "properties": {
        "leisure": "pitch",
        "sport": "boules",
        "nearest_street": "Voorschotenlaan",
        "commune": "Schoten",
        "province": "anvers",
        "region": "flandre"
      }
    },
    {
      "type": "Feature",
      "geometry": {
        "type": "Point",
        "coordinates": [
          4.4663474,
          51.2446866
        ]
      },
      "properties": {
        "leisure": "pitch",
        "sport": "boules",
        "nearest_street": "Voorschotenlaan",
        "commune": "Schoten",
        "province": "anvers",
        "region": "flandre"
      }
    },
    {
      "type": "Feature",
      "geometry": {
        "type": "Point",
        "coordinates": [
          5.5875654,
          51.0465973
        ]
      },
      "properties": {
        "leisure": "pitch",
        "sport": "boules",
        "nearest_street": "Finse piste",
        "commune": "Opglabbeek",
        "province": "limbourg",
        "region": "flandre"
      }
    },
    {
      "type": "Feature",
      "geometry": {
        "type": "Point",
        "coordinates": [
          5.2377642,
          50.5230538
        ]
      },
      "properties": {
        "leisure": "pitch",
        "lit": "no",
        "sport": "boules",
        "surface": "compacted",
        "nearest_street": "Cours Colin-Maillart",
        "commune": "Huy",
        "province": "liege",
        "region": "wallonie"
      }
    },
    {
      "type": "Feature",
      "geometry": {
        "type": "Point",
        "coordinates": [
          3.5669527,
          50.9211651
        ]
      },
      "properties": {
        "leisure": "pitch",
        "sport": "boules",
        "nearest_street": "Platanendreef",
        "commune": "Lozer",
        "province": "flandre_orientale",
        "region": "flandre"
      }
    },
    {
      "type": "Feature",
      "geometry": {
        "type": "Point",
        "coordinates": [
          5.2586693,
          50.4235283
        ]
      },
      "properties": {
        "leisure": "pitch",
        "sport": "boules",
        "nearest_street": "Rue Saint-Donat",
        "commune": "Pailhe",
        "province": "liege",
        "region": "wallonie"
      }
    },
    {
      "type": "Feature",
      "geometry": {
        "type": "Point",
        "coordinates": [
          4.7284828,
          50.8930299
        ]
      },
      "properties": {
        "access": "yes",
        "leisure": "pitch",
        "lit": "no",
        "smokefree": "yes",
        "smoking": "no",
        "smoking:cannabis": "no",
        "smoking:outside": "no",
        "sport": "boules",
        "surface": "compacted",
        "nearest_street": "Molenbeekpad",
        "commune": "Leuven",
        "province": "brabant_flamand",
        "region": "flandre"
      }
    },
    {
      "type": "Feature",
      "geometry": {
        "type": "Point",
        "coordinates": [
          4.7285666,
          50.8929705
        ]
      },
      "properties": {
        "access": "yes",
        "leisure": "pitch",
        "lit": "no",
        "smokefree": "yes",
        "smoking": "no",
        "smoking:cannabis": "no",
        "smoking:outside": "no",
        "sport": "boules",
        "surface": "compacted",
        "nearest_street": "Molenbeekpad",
        "commune": "Leuven",
        "province": "brabant_flamand",
        "region": "flandre"
      }
    },
    {
      "type": "Feature",
      "geometry": {
        "type": "Point",
        "coordinates": [
          4.7286417,
          50.8929128
        ]
      },
      "properties": {
        "access": "yes",
        "leisure": "pitch",
        "lit": "no",
        "smokefree": "yes",
        "smoking": "no",
        "smoking:cannabis": "no",
        "smoking:outside": "no",
        "sport": "boules",
        "surface": "compacted",
        "nearest_street": "Molenbeekpad",
        "commune": "Leuven",
        "province": "brabant_flamand",
        "region": "flandre"
      }
    },
    {
      "type": "Feature",
      "geometry": {
        "type": "Point",
        "coordinates": [
          4.7284061,
          50.8930883
        ]
      },
      "properties": {
        "access": "yes",
        "leisure": "pitch",
        "lit": "no",
        "smokefree": "yes",
        "smoking": "no",
        "smoking:cannabis": "no",
        "smoking:outside": "no",
        "sport": "boules",
        "surface": "compacted",
        "nearest_street": "Molenbeekpad",
        "commune": "Leuven",
        "province": "brabant_flamand",
        "region": "flandre"
      }
    },
    {
      "type": "Feature",
      "geometry": {
        "type": "Point",
        "coordinates": [
          5.3916581,
          51.0552462
        ]
      },
      "properties": {
        "leisure": "pitch",
        "sport": "boules",
        "nearest_street": "Kunselveld",
        "commune": "Houthalen-Helchteren",
        "province": "limbourg",
        "region": "flandre"
      }
    },
    {
      "type": "Feature",
      "geometry": {
        "type": "Point",
        "coordinates": [
          4.7372686,
          50.7789281
        ]
      },
      "properties": {
        "leisure": "pitch",
        "lit": "no",
        "sport": "boules",
        "surface": "compacted",
        "nearest_street": "Rue du Grand Brou",
        "commune": "Beauvechain",
        "province": "brabant_wallon",
        "region": "wallonie"
      }
    },
    {
      "type": "Feature",
      "geometry": {
        "type": "Point",
        "coordinates": [
          4.8771834,
          50.3253304
        ]
      },
      "properties": {
        "leisure": "pitch",
        "sport": "boules",
        "nearest_street": "Rue du Bocq",
        "commune": "Yvoir",
        "province": "namur",
        "region": "wallonie"
      }
    },
    {
      "type": "Feature",
      "geometry": {
        "type": "Point",
        "coordinates": [
          5.6195324,
          50.6275261
        ]
      },
      "properties": {
        "boules": "petanque",
        "leisure": "pitch",
        "sport": "boules",
        "nearest_street": "Impasse de la Mutualité",
        "commune": "Liège",
        "province": "liege",
        "region": "wallonie"
      }
    },
    {
      "type": "Feature",
      "geometry": {
        "type": "Point",
        "coordinates": [
          5.619492,
          50.6275399
        ]
      },
      "properties": {
        "boules": "petanque",
        "leisure": "pitch",
        "sport": "boules",
        "nearest_street": "Impasse de la Mutualité",
        "commune": "Liège",
        "province": "liege",
        "region": "wallonie"
      }
    },
    {
      "type": "Feature",
      "geometry": {
        "type": "Point",
        "coordinates": [
          5.6194537,
          50.6275541
        ]
      },
      "properties": {
        "boules": "petanque",
        "leisure": "pitch",
        "sport": "boules",
        "nearest_street": "Impasse de la Mutualité",
        "commune": "Liège",
        "province": "liege",
        "region": "wallonie"
      }
    },
    {
      "type": "Feature",
      "geometry": {
        "type": "Point",
        "coordinates": [
          3.5172484,
          50.9807909
        ]
      },
      "properties": {
        "boules": "petanque",
        "leisure": "pitch",
        "sport": "boules",
        "nearest_street": "Hertenpad",
        "commune": "Deinze",
        "province": "flandre_orientale",
        "region": "flandre"
      }
    },
    {
      "type": "Feature",
      "geometry": {
        "type": "Point",
        "coordinates": [
          5.0968304,
          51.2035097
        ]
      },
      "properties": {
        "leisure": "pitch",
        "sport": "boules",
        "nearest_street": "Groot Kapellen",
        "commune": "Mol",
        "province": "anvers",
        "region": "flandre"
      }
    },
    {
      "type": "Feature",
      "geometry": {
        "type": "Point",
        "coordinates": [
          4.9504402,
          50.9431678
        ]
      },
      "properties": {
        "leisure": "pitch",
        "sport": "boules",
        "nearest_street": "Finse piste",
        "commune": "Bekkevoort",
        "province": "brabant_flamand",
        "region": "flandre"
      }
    },
    {
      "type": "Feature",
      "geometry": {
        "type": "Point",
        "coordinates": [
          3.7907551,
          51.1966073
        ]
      },
      "properties": {
        "boules": "petanque",
        "leisure": "pitch",
        "sport": "boules",
        "nearest_street": "Hoogbouwplein",
        "commune": "Zelzate",
        "province": "flandre_orientale",
        "region": "flandre"
      }
    },
    {
      "type": "Feature",
      "geometry": {
        "type": "Point",
        "coordinates": [
          3.7908191,
          51.196536
        ]
      },
      "properties": {
        "boules": "petanque",
        "leisure": "pitch",
        "sport": "boules",
        "nearest_street": "Hoogbouwplein",
        "commune": "Zelzate",
        "province": "flandre_orientale",
        "region": "flandre"
      }
    },
    {
      "type": "Feature",
      "geometry": {
        "type": "Point",
        "coordinates": [
          3.2696457,
          51.2039449
        ]
      },
      "properties": {
        "boules": "petanque",
        "leisure": "pitch",
        "sport": "boules",
        "nearest_street": "Ter Heide",
        "commune": "Brugge",
        "province": "flandre_occidentale",
        "region": "flandre"
      }
    },
    {
      "type": "Feature",
      "geometry": {
        "type": "Point",
        "coordinates": [
          4.4620623,
          50.8226479
        ]
      },
      "properties": {
        "boules": "petanque",
        "leisure": "pitch",
        "sport": "boules",
        "nearest_street": "Drève de la Demi-Heure - Halfuurdreef",
        "commune": "Woluwe-Saint-Pierre - Sint-Pieters-Woluwe",
        "province": null,
        "region": "bruxelles"
      }
    },
    {
      "type": "Feature",
      "geometry": {
        "type": "Point",
        "coordinates": [
          4.4619618,
          50.8227694
        ]
      },
      "properties": {
        "boules": "petanque",
        "leisure": "pitch",
        "sport": "boules",
        "nearest_street": "Rue Alphonse Balis - Alphonse Balisstraat",
        "commune": "Woluwe-Saint-Pierre - Sint-Pieters-Woluwe",
        "province": null,
        "region": "bruxelles"
      }
    },
    {
      "type": "Feature",
      "geometry": {
        "type": "Point",
        "coordinates": [
          4.0181535,
          50.8391578
        ]
      },
      "properties": {
        "access": "yes",
        "leisure": "pitch",
        "sport": "boules",
        "surface": "fine_gravel",
        "nearest_street": "Abdijstraat",
        "commune": "Ninove",
        "province": "flandre_orientale",
        "region": "flandre"
      }
    },
    {
      "type": "Feature",
      "geometry": {
        "type": "Point",
        "coordinates": [
          3.6439678,
          50.9961934
        ]
      },
      "properties": {
        "access": "yes",
        "leisure": "pitch",
        "sport": "boules",
        "nearest_street": "Begoniapark",
        "commune": "De Pinte",
        "province": "flandre_orientale",
        "region": "flandre"
      }
    },
    {
      "type": "Feature",
      "geometry": {
        "type": "Point",
        "coordinates": [
          4.290143,
          50.8335979
        ]
      },
      "properties": {
        "boules": "petanque",
        "covered": "no",
        "leisure": "pitch",
        "sport": "boules",
        "surface": "compacted",
        "nearest_street": "Rue Docteur Huet - Dokter Huetstraat",
        "commune": "Anderlecht",
        "province": null,
        "region": "bruxelles"
      }
    },
    {
      "type": "Feature",
      "geometry": {
        "type": "Point",
        "coordinates": [
          4.290212,
          50.833601
        ]
      },
      "properties": {
        "boules": "petanque",
        "covered": "partial",
        "leisure": "pitch",
        "sport": "boules",
        "surface": "compacted",
        "nearest_street": "Rue Docteur Huet - Dokter Huetstraat",
        "commune": "Anderlecht",
        "province": null,
        "region": "bruxelles"
      }
    },
    {
      "type": "Feature",
      "geometry": {
        "type": "Point",
        "coordinates": [
          3.448068,
          51.0779828
        ]
      },
      "properties": {
        "boules": "petanque",
        "leisure": "pitch",
        "lit": "no",
        "sport": "boules",
        "surface": "compacted",
        "nearest_street": "Knokkebaan",
        "commune": "Aalter",
        "province": "flandre_orientale",
        "region": "flandre"
      }
    },
    {
      "type": "Feature",
      "geometry": {
        "type": "Point",
        "coordinates": [
          3.4479942,
          51.0780373
        ]
      },
      "properties": {
        "boules": "petanque",
        "leisure": "pitch",
        "lit": "no",
        "sport": "boules",
        "surface": "compacted",
        "nearest_street": "Knokkebaan",
        "commune": "Aalter",
        "province": "flandre_orientale",
        "region": "flandre"
      }
    },
    {
      "type": "Feature",
      "geometry": {
        "type": "Point",
        "coordinates": [
          4.2727363,
          50.8213313
        ]
      },
      "properties": {
        "leisure": "pitch",
        "operator": "Amicale Anderlechtoise",
        "sport": "petanque",
        "nearest_street": "Drève Olympique - Olympische dreef",
        "commune": "Anderlecht",
        "province": null,
        "region": "bruxelles"
      }
    },
    {
      "type": "Feature",
      "geometry": {
        "type": "Point",
        "coordinates": [
          4.2729395,
          50.8212824
        ]
      },
      "properties": {
        "leisure": "pitch",
        "operator": "Amicale Anderlechtoise",
        "sport": "petanque",
        "nearest_street": "Drève Olympique - Olympische dreef",
        "commune": "Anderlecht",
        "province": null,
        "region": "bruxelles"
      }
    },
    {
      "type": "Feature",
      "geometry": {
        "type": "Point",
        "coordinates": [
          5.5512865,
          50.6292016
        ]
      },
      "properties": {
        "access": "yes",
        "boules": "petanque",
        "leisure": "pitch",
        "lit": "no",
        "panoramax": "af8c12ab-6477-44ad-a829-f39f9afbea0b",
        "reservation": "no",
        "sport": "boules",
        "surface": "sand",
        "nearest_street": "Rue Comhaire",
        "commune": "Liège",
        "province": "liege",
        "region": "wallonie"
      }
    },
    {
      "type": "Feature",
      "geometry": {
        "type": "Point",
        "coordinates": [
          5.2526137,
          51.087277
        ]
      },
      "properties": {
        "leisure": "pitch",
        "sport": "boules",
        "nearest_street": "Vossenhoek",
        "commune": "Beringen",
        "province": "limbourg",
        "region": "flandre"
      }
    },
    {
      "type": "Feature",
      "geometry": {
        "type": "Point",
        "coordinates": [
          5.2889668,
          50.5422138
        ]
      },
      "properties": {
        "access": "yes",
        "leisure": "pitch",
        "lit": "no",
        "sport": "boules",
        "nearest_street": "Rue du Puits",
        "commune": "Ampsin",
        "province": "liege",
        "region": "wallonie"
      }
    },
    {
      "type": "Feature",
      "geometry": {
        "type": "Point",
        "coordinates": [
          2.9749182,
          51.1584148
        ]
      },
      "properties": {
        "leisure": "pitch",
        "sport": "boules",
        "nearest_street": "Warandestraat",
        "commune": "Gistel",
        "province": "flandre_occidentale",
        "region": "flandre"
      }
    },
    {
      "type": "Feature",
      "geometry": {
        "type": "Point",
        "coordinates": [
          2.9748759,
          51.1583868
        ]
      },
      "properties": {
        "leisure": "pitch",
        "sport": "boules",
        "nearest_street": "Warandestraat",
        "commune": "Gistel",
        "province": "flandre_occidentale",
        "region": "flandre"
      }
    },
    {
      "type": "Feature",
      "geometry": {
        "type": "Point",
        "coordinates": [
          4.4678864,
          51.2009203
        ]
      },
      "properties": {
        "boules": "petanque",
        "leisure": "pitch",
        "sport": "boules",
        "nearest_street": "Theo Van den Boschstraat",
        "commune": "Antwerpen",
        "province": "anvers",
        "region": "flandre"
      }
    },
    {
      "type": "Feature",
      "geometry": {
        "type": "Point",
        "coordinates": [
          5.5634873,
          50.6228367
        ]
      },
      "properties": {
        "boules": "petanque",
        "leisure": "pitch",
        "lit": "no",
        "panoramax": "48a8dbf8-dc59-444f-840e-259fd51658fe",
        "sport": "boules",
        "surface": "sand",
        "nearest_street": "E25",
        "commune": "Liège",
        "province": "liege",
        "region": "wallonie"
      }
    },
    {
      "type": "Feature",
      "geometry": {
        "type": "Point",
        "coordinates": [
          4.4044426,
          51.3046023
        ]
      },
      "properties": {
        "leisure": "pitch",
        "sport": "boules",
        "nearest_street": "August Huybrechtslaan",
        "commune": "Stabroek",
        "province": "anvers",
        "region": "flandre"
      }
    },
    {
      "type": "Feature",
      "geometry": {
        "type": "Point",
        "coordinates": [
          4.3739981,
          51.3312612
        ]
      },
      "properties": {
        "leisure": "pitch",
        "sport": "boules",
        "nearest_street": "Sint Catharinastraat",
        "commune": "Stabroek",
        "province": "anvers",
        "region": "flandre"
      }
    },
    {
      "type": "Feature",
      "geometry": {
        "type": "Point",
        "coordinates": [
          5.8155816,
          49.6991891
        ]
      },
      "properties": {
        "access": "permissive",
        "boules": "petanque",
        "leisure": "pitch",
        "name": "Arelboule",
        "sport": "boules",
        "surface": "gravel",
        "nearest_street": "Chemin de la Hart",
        "commune": "Arlon",
        "province": "luxembourg",
        "region": "wallonie"
      }
    },
    {
      "type": "Feature",
      "geometry": {
        "type": "Point",
        "coordinates": [
          5.8145235,
          49.6999479
        ]
      },
      "properties": {
        "access": "permissive",
        "boules": "petanque",
        "leisure": "pitch",
        "name": "Arelboules",
        "sport": "boules",
        "surface": "gravel",
        "nearest_street": "Chemin de la Hart",
        "commune": "Arlon",
        "province": "luxembourg",
        "region": "wallonie"
      }
    },
    {
      "type": "Feature",
      "geometry": {
        "type": "Point",
        "coordinates": [
          5.3626543,
          49.8059669
        ]
      },
      "properties": {
        "leisure": "pitch",
        "lit": "yes",
        "sport": "petanque",
        "nearest_street": "Rue de la Cochette",
        "commune": "Herbeumont",
        "province": "luxembourg",
        "region": "wallonie"
      }
    },
    {
      "type": "Feature",
      "geometry": {
        "type": "Point",
        "coordinates": [
          3.6329997,
          50.9355145
        ]
      },
      "properties": {
        "leisure": "pitch",
        "sport": "petanque",
        "nearest_street": "Robiniapad",
        "commune": "Asper",
        "province": "flandre_orientale",
        "region": "flandre"
      }
    },
    {
      "type": "Feature",
      "geometry": {
        "type": "Point",
        "coordinates": [
          4.5971412,
          50.4322994
        ]
      },
      "properties": {
        "boules": "petanque",
        "leisure": "pitch",
        "sport": "boules",
        "nearest_street": "Square Jean Tousseul",
        "commune": "Sambreville",
        "province": "namur",
        "region": "wallonie"
      }
    },
    {
      "type": "Feature",
      "geometry": {
        "type": "Point",
        "coordinates": [
          4.0261544,
          50.9332627
        ]
      },
      "properties": {
        "leisure": "pitch",
        "sport": "boules",
        "nearest_street": null,
        "commune": "Aalst",
        "province": "flandre_orientale",
        "region": "flandre"
      }
    },
    {
      "type": "Feature",
      "geometry": {
        "type": "Point",
        "coordinates": [
          4.026094,
          50.9332581
        ]
      },
      "properties": {
        "leisure": "pitch",
        "sport": "boules",
        "nearest_street": null,
        "commune": "Aalst",
        "province": "flandre_orientale",
        "region": "flandre"
      }
    },
    {
      "type": "Feature",
      "geometry": {
        "type": "Point",
        "coordinates": [
          4.153803,
          51.1662514
        ]
      },
      "properties": {
        "leisure": "pitch",
        "sport": "boules",
        "nearest_street": "Ververijstraat",
        "commune": "Sint-Niklaas",
        "province": "flandre_orientale",
        "region": "flandre"
      }
    },
    {
      "type": "Feature",
      "geometry": {
        "type": "Point",
        "coordinates": [
          4.1537789,
          51.166278
        ]
      },
      "properties": {
        "leisure": "pitch",
        "sport": "boules",
        "nearest_street": "Albert Bruggemanwegel",
        "commune": "Sint-Niklaas",
        "province": "flandre_orientale",
        "region": "flandre"
      }
    },
    {
      "type": "Feature",
      "geometry": {
        "type": "Point",
        "coordinates": [
          4.1537567,
          51.1663062
        ]
      },
      "properties": {
        "leisure": "pitch",
        "sport": "boules",
        "nearest_street": "Albert Bruggemanwegel",
        "commune": "Sint-Niklaas",
        "province": "flandre_orientale",
        "region": "flandre"
      }
    },
    {
      "type": "Feature",
      "geometry": {
        "type": "Point",
        "coordinates": [
          4.153733,
          51.1663337
        ]
      },
      "properties": {
        "leisure": "pitch",
        "sport": "boules",
        "nearest_street": "Albert Bruggemanwegel",
        "commune": "Sint-Niklaas",
        "province": "flandre_orientale",
        "region": "flandre"
      }
    },
    {
      "type": "Feature",
      "geometry": {
        "type": "Point",
        "coordinates": [
          2.6306481,
          51.1099667
        ]
      },
      "properties": {
        "leisure": "pitch",
        "sport": "boules",
        "nearest_street": "Alexis Verbouwelaan",
        "commune": "Koksijde",
        "province": "flandre_occidentale",
        "region": "flandre"
      }
    },
    {
      "type": "Feature",
      "geometry": {
        "type": "Point",
        "coordinates": [
          3.6102714,
          50.5980291
        ]
      },
      "properties": {
        "access": "customers",
        "leisure": "pitch",
        "lit": "no",
        "sport": "boules",
        "surface": "compacted",
        "nearest_street": "Avenue de la Libération",
        "commune": "Leuze",
        "province": "hainaut",
        "region": "wallonie"
      }
    },
    {
      "type": "Feature",
      "geometry": {
        "type": "Point",
        "coordinates": [
          5.3330695,
          50.9347999
        ]
      },
      "properties": {
        "leisure": "pitch",
        "sport": "boules",
        "nearest_street": "Prinsenstraat",
        "commune": "Hasselt",
        "province": "limbourg",
        "region": "flandre"
      }
    },
    {
      "type": "Feature",
      "geometry": {
        "type": "Point",
        "coordinates": [
          4.6402183,
          50.9622211
        ]
      },
      "properties": {
        "leisure": "pitch",
        "sport": "boules",
        "nearest_street": "Sportveld",
        "commune": "Haacht",
        "province": "brabant_flamand",
        "region": "flandre"
      }
    },
    {
      "type": "Feature",
      "geometry": {
        "type": "Point",
        "coordinates": [
          4.6397759,
          50.9624094
        ]
      },
      "properties": {
        "leisure": "pitch",
        "sport": "boules",
        "nearest_street": "Dijkstraat",
        "commune": "Haacht",
        "province": "brabant_flamand",
        "region": "flandre"
      }
    },
    {
      "type": "Feature",
      "geometry": {
        "type": "Point",
        "coordinates": [
          4.6351666,
          50.9783635
        ]
      },
      "properties": {
        "leisure": "pitch",
        "sport": "boules",
        "nearest_street": null,
        "commune": "Haacht",
        "province": "brabant_flamand",
        "region": "flandre"
      }
    },
    {
      "type": "Feature",
      "geometry": {
        "type": "Point",
        "coordinates": [
          5.6532408,
          50.6644388
        ]
      },
      "properties": {
        "leisure": "pitch",
        "sport": "boules",
        "nearest_street": "Rue des Partisans",
        "commune": "Liège",
        "province": "liege",
        "region": "wallonie"
      }
    },
    {
      "type": "Feature",
      "geometry": {
        "type": "Point",
        "coordinates": [
          5.6889774,
          49.9071088
        ]
      },
      "properties": {
        "leisure": "pitch",
        "sport": "boules",
        "nearest_street": "Rue du Tilleul",
        "commune": "Fauvillers",
        "province": "luxembourg",
        "region": "wallonie"
      }
    },
    {
      "type": "Feature",
      "geometry": {
        "type": "Point",
        "coordinates": [
          4.6564305,
          50.8352952
        ]
      },
      "properties": {
        "building": "yes",
        "leisure": "pitch",
        "sport": "boules",
        "nearest_street": "Esdoornlaan",
        "commune": "Oud-Heverlee",
        "province": "brabant_flamand",
        "region": "flandre"
      }
    },
    {
      "type": "Feature",
      "geometry": {
        "type": "Point",
        "coordinates": [
          4.5144607,
          51.2255415
        ]
      },
      "properties": {
        "leisure": "pitch",
        "name": "Petanqueveld",
        "sport": "boules",
        "nearest_street": "Koolsveldlaan",
        "commune": "Wijnegem",
        "province": "anvers",
        "region": "flandre"
      }
    },
    {
      "type": "Feature",
      "geometry": {
        "type": "Point",
        "coordinates": [
          5.4523849,
          50.3456869
        ]
      },
      "properties": {
        "access": "customers",
        "leisure": "pitch",
        "sport": "petanque",
        "nearest_street": "Rue du Gibet",
        "commune": "Durbuy",
        "province": "luxembourg",
        "region": "wallonie"
      }
    },
    {
      "type": "Feature",
      "geometry": {
        "type": "Point",
        "coordinates": [
          5.4524252,
          50.3457101
        ]
      },
      "properties": {
        "access": "customers",
        "leisure": "pitch",
        "sport": "petanque",
        "nearest_street": "Rue du Gibet",
        "commune": "Durbuy",
        "province": "luxembourg",
        "region": "wallonie"
      }
    },
    {
      "type": "Feature",
      "geometry": {
        "type": "Point",
        "coordinates": [
          5.7698313,
          50.1688956
        ]
      },
      "properties": {
        "leisure": "pitch",
        "sport": "boules",
        "nearest_street": "Dinez",
        "commune": "Houffalize",
        "province": "luxembourg",
        "region": "wallonie"
      }
    },
    {
      "type": "Feature",
      "geometry": {
        "type": "Point",
        "coordinates": [
          3.1452031,
          50.9666582
        ]
      },
      "properties": {
        "leisure": "pitch",
        "sport": "boules",
        "nearest_street": "Izegemseaardeweg",
        "commune": "Roeselare",
        "province": "flandre_occidentale",
        "region": "flandre"
      }
    },
    {
      "type": "Feature",
      "geometry": {
        "type": "Point",
        "coordinates": [
          3.1452848,
          50.9666173
        ]
      },
      "properties": {
        "leisure": "pitch",
        "sport": "boules",
        "nearest_street": "Pastoriestraat",
        "commune": "Roeselare",
        "province": "flandre_occidentale",
        "region": "flandre"
      }
    },
    {
      "type": "Feature",
      "geometry": {
        "type": "Point",
        "coordinates": [
          4.0430094,
          51.1602295
        ]
      },
      "properties": {
        "leisure": "pitch",
        "sport": "boules",
        "nearest_street": "Klokke Roelandlaan",
        "commune": "Sinaai",
        "province": "flandre_orientale",
        "region": "flandre"
      }
    },
    {
      "type": "Feature",
      "geometry": {
        "type": "Point",
        "coordinates": [
          4.0449186,
          51.1626573
        ]
      },
      "properties": {
        "leisure": "pitch",
        "sport": "boules",
        "nearest_street": "Klokke Roelandlaan",
        "commune": "Sint-Niklaas",
        "province": "flandre_orientale",
        "region": "flandre"
      }
    },
    {
      "type": "Feature",
      "geometry": {
        "type": "Point",
        "coordinates": [
          4.5508416,
          50.9964038
        ]
      },
      "properties": {
        "access": "permissive",
        "leisure": "pitch",
        "sport": "boules",
        "surface": "gravel",
        "nearest_street": "Bovylaan",
        "commune": "Boortmeerbeek",
        "province": "brabant_flamand",
        "region": "flandre"
      }
    },
    {
      "type": "Feature",
      "geometry": {
        "type": "Point",
        "coordinates": [
          5.5320086,
          50.9549245
        ]
      },
      "properties": {
        "leisure": "pitch",
        "sport": "boules",
        "nearest_street": null,
        "commune": "Genk",
        "province": "limbourg",
        "region": "flandre"
      }
    },
    {
      "type": "Feature",
      "geometry": {
        "type": "Point",
        "coordinates": [
          5.5320744,
          50.9548662
        ]
      },
      "properties": {
        "leisure": "pitch",
        "sport": "boules",
        "nearest_street": null,
        "commune": "Genk",
        "province": "limbourg",
        "region": "flandre"
      }
    },
    {
      "type": "Feature",
      "geometry": {
        "type": "Point",
        "coordinates": [
          5.5321104,
          50.9548214
        ]
      },
      "properties": {
        "leisure": "pitch",
        "sport": "boules",
        "nearest_street": null,
        "commune": "Genk",
        "province": "limbourg",
        "region": "flandre"
      }
    },
    {
      "type": "Feature",
      "geometry": {
        "type": "Point",
        "coordinates": [
          4.7059027,
          50.9256941
        ]
      },
      "properties": {
        "leisure": "pitch",
        "smokefree": "yes",
        "smoking": "no",
        "smoking:cannabis": "no",
        "smoking:outside": "no",
        "sport": "boules",
        "nearest_street": "Pastoor Bellonstraat",
        "commune": "Leuven",
        "province": "brabant_flamand",
        "region": "flandre"
      }
    },
    {
      "type": "Feature",
      "geometry": {
        "type": "Point",
        "coordinates": [
          4.7056672,
          50.8751249
        ]
      },
      "properties": {
        "leisure": "pitch",
        "sport": "boules",
        "nearest_street": "Vlamingenstraat",
        "commune": "Leuven",
        "province": "brabant_flamand",
        "region": "flandre"
      }
    },
    {
      "type": "Feature",
      "geometry": {
        "type": "Point",
        "coordinates": [
          4.7218398,
          50.9206329
        ]
      },
      "properties": {
        "access": "yes",
        "boules": "yes",
        "leisure": "pitch",
        "sport": "boules",
        "nearest_street": "Boomgaardstraat",
        "commune": "Leuven",
        "province": "brabant_flamand",
        "region": "flandre"
      }
    },
    {
      "type": "Feature",
      "geometry": {
        "type": "Point",
        "coordinates": [
          2.9674865,
          51.2455176
        ]
      },
      "properties": {
        "leisure": "pitch",
        "sport": "boules",
        "nearest_street": "Noordzeestraat",
        "commune": "Bredene",
        "province": "flandre_occidentale",
        "region": "flandre"
      }
    },
    {
      "type": "Feature",
      "geometry": {
        "type": "Point",
        "coordinates": [
          2.9674007,
          51.2456483
        ]
      },
      "properties": {
        "leisure": "pitch",
        "sport": "boules",
        "nearest_street": "Noordzeestraat",
        "commune": "Bredene",
        "province": "flandre_occidentale",
        "region": "flandre"
      }
    },
    {
      "type": "Feature",
      "geometry": {
        "type": "Point",
        "coordinates": [
          4.6931608,
          50.8738522
        ]
      },
      "properties": {
        "leisure": "pitch",
        "smokefree": "yes",
        "smoking": "no",
        "smoking:cannabis": "no",
        "smoking:outside": "no",
        "sport": "boules",
        "nearest_street": "Prosper Poulletlaan",
        "commune": "Leuven",
        "province": "brabant_flamand",
        "region": "flandre"
      }
    },
    {
      "type": "Feature",
      "geometry": {
        "type": "Point",
        "coordinates": [
          6.0832493,
          50.6929036
        ]
      },
      "properties": {
        "boules": "petanque",
        "email": "info@treffpunkt-eynatten.be",
        "fee": "no",
        "leisure": "pitch",
        "opening_hours": "week 12-38/2 Tu 15:00-17:00; Mo,We-Su,PH off",
        "operator": "Sozialer Treffpunkt Eynatten",
        "phone": "+32 87 88 36 04",
        "reservation": "no",
        "sport": "boules",
        "website": "https://www.treffpunkt-eynatten.be/?page_id=414",
        "nearest_street": "Aachener Straße",
        "commune": "Raeren",
        "province": "liege",
        "region": "wallonie"
      }
    },
    {
      "type": "Feature",
      "geometry": {
        "type": "Point",
        "coordinates": [
          5.5272739,
          50.9684887
        ]
      },
      "properties": {
        "leisure": "pitch",
        "sport": "boules",
        "nearest_street": "Schuttenstraat",
        "commune": "Genk",
        "province": "limbourg",
        "region": "flandre"
      }
    },
    {
      "type": "Feature",
      "geometry": {
        "type": "Point",
        "coordinates": [
          5.5274366,
          50.9683419
        ]
      },
      "properties": {
        "leisure": "pitch",
        "sport": "boules",
        "nearest_street": "Richter",
        "commune": "Genk",
        "province": "limbourg",
        "region": "flandre"
      }
    },
    {
      "type": "Feature",
      "geometry": {
        "type": "Point",
        "coordinates": [
          4.9343689,
          51.2860925
        ]
      },
      "properties": {
        "access": "private",
        "leisure": "pitch",
        "sport": "boules",
        "nearest_street": "Steenweg op Tielen",
        "commune": "Turnhout",
        "province": "anvers",
        "region": "flandre"
      }
    },
    {
      "type": "Feature",
      "geometry": {
        "type": "Point",
        "coordinates": [
          4.7521458,
          50.9441509
        ]
      },
      "properties": {
        "leisure": "pitch",
        "sport": "boules",
        "nearest_street": "Rigessel",
        "commune": "Rotselaar",
        "province": "brabant_flamand",
        "region": "flandre"
      }
    },
    {
      "type": "Feature",
      "geometry": {
        "type": "Point",
        "coordinates": [
          3.9462474,
          51.0442223
        ]
      },
      "properties": {
        "leisure": "pitch",
        "sport": "boules",
        "nearest_street": "Kasteelwegel",
        "commune": "Berlare",
        "province": "flandre_orientale",
        "region": "flandre"
      }
    },
    {
      "type": "Feature",
      "geometry": {
        "type": "Point",
        "coordinates": [
          5.4401137,
          50.8966358
        ]
      },
      "properties": {
        "leisure": "pitch",
        "sport": "boules",
        "nearest_street": "Keistraat",
        "commune": "Diepenbeek",
        "province": "limbourg",
        "region": "flandre"
      }
    },
    {
      "type": "Feature",
      "geometry": {
        "type": "Point",
        "coordinates": [
          4.9904228,
          50.2451893
        ]
      },
      "properties": {
        "leisure": "pitch",
        "sport": "boules",
        "nearest_street": "Rue Chapelle Saint-Donat",
        "commune": "Dinant",
        "province": "namur",
        "region": "wallonie"
      }
    },
    {
      "type": "Feature",
      "geometry": {
        "type": "Point",
        "coordinates": [
          4.7010989,
          50.9729768
        ]
      },
      "properties": {
        "access": "yes",
        "leisure": "pitch",
        "sport": "boules",
        "surface": "compacted",
        "nearest_street": "Sint-Jansstraat",
        "commune": "Rotselaar",
        "province": "brabant_flamand",
        "region": "flandre"
      }
    },
    {
      "type": "Feature",
      "geometry": {
        "type": "Point",
        "coordinates": [
          4.7012867,
          50.9730171
        ]
      },
      "properties": {
        "access": "yes",
        "boules": "yes",
        "leisure": "pitch",
        "sport": "boules",
        "surface": "compacted",
        "nearest_street": "Sint-Jansstraat",
        "commune": "Rotselaar",
        "province": "brabant_flamand",
        "region": "flandre"
      }
    },
    {
      "type": "Feature",
      "geometry": {
        "type": "Point",
        "coordinates": [
          4.7126719,
          50.9728826
        ]
      },
      "properties": {
        "access": "yes",
        "leisure": "pitch",
        "lit": "yes",
        "sport": "boules",
        "surface": "compacted",
        "nearest_street": "Hoogland",
        "commune": "Rotselaar",
        "province": "brabant_flamand",
        "region": "flandre"
      }
    },
    {
      "type": "Feature",
      "geometry": {
        "type": "Point",
        "coordinates": [
          4.824644,
          50.2174366
        ]
      },
      "properties": {
        "leisure": "pitch",
        "sport": "boules",
        "nearest_street": "Rue Larifosse",
        "commune": "Hastière-Lavaux",
        "province": "namur",
        "region": "wallonie"
      }
    },
    {
      "type": "Feature",
      "geometry": {
        "type": "Point",
        "coordinates": [
          5.4650064,
          51.1310256
        ]
      },
      "properties": {
        "leisure": "pitch",
        "sport": "boules",
        "nearest_street": "Heggenstraat",
        "commune": "Peer",
        "province": "limbourg",
        "region": "flandre"
      }
    },
    {
      "type": "Feature",
      "geometry": {
        "type": "Point",
        "coordinates": [
          4.3446846,
          50.8731428
        ]
      },
      "properties": {
        "leisure": "pitch",
        "sport": "petanque",
        "surface": "sand",
        "nearest_street": "Tivoli",
        "commune": "Bruxelles - Brussel",
        "province": null,
        "region": "bruxelles"
      }
    },
    {
      "type": "Feature",
      "geometry": {
        "type": "Point",
        "coordinates": [
          5.2538652,
          50.8335047
        ]
      },
      "properties": {
        "access": "yes",
        "boules": "yes",
        "leisure": "pitch",
        "sport": "boules",
        "nearest_street": "Eikhoutstraat",
        "commune": "Sint-Truiden",
        "province": "limbourg",
        "region": "flandre"
      }
    },
    {
      "type": "Feature",
      "geometry": {
        "type": "Point",
        "coordinates": [
          3.1373894,
          50.9397158
        ]
      },
      "properties": {
        "leisure": "pitch",
        "sport": "boules",
        "nearest_street": "Deken De Saegherplein",
        "commune": "Roeselare",
        "province": "flandre_occidentale",
        "region": "flandre"
      }
    },
    {
      "type": "Feature",
      "geometry": {
        "type": "Point",
        "coordinates": [
          3.1374315,
          50.9398663
        ]
      },
      "properties": {
        "leisure": "pitch",
        "sport": "boules",
        "nearest_street": "Deken De Saegherplein",
        "commune": "Roeselare",
        "province": "flandre_occidentale",
        "region": "flandre"
      }
    },
    {
      "type": "Feature",
      "geometry": {
        "type": "Point",
        "coordinates": [
          3.9719441,
          50.9675594
        ]
      },
      "properties": {
        "leisure": "pitch",
        "sport": "boules",
        "nearest_street": "Hoogveld",
        "commune": "Lede",
        "province": "flandre_orientale",
        "region": "flandre"
      }
    },
    {
      "type": "Feature",
      "geometry": {
        "type": "Point",
        "coordinates": [
          4.6524183,
          50.8592589
        ]
      },
      "properties": {
        "access": "yes",
        "leisure": "pitch",
        "maintained": "no",
        "maintenance": "poor",
        "sport": "boules",
        "surface": "gravel",
        "nearest_street": "Toverberg",
        "commune": "Leuven",
        "province": "brabant_flamand",
        "region": "flandre"
      }
    },
    {
      "type": "Feature",
      "geometry": {
        "type": "Point",
        "coordinates": [
          4.7275445,
          50.9013977
        ]
      },
      "properties": {
        "access": "yes",
        "leisure": "pitch",
        "smokefree": "yes",
        "smoking": "no",
        "smoking:cannabis": "no",
        "smoking:outside": "no",
        "sport": "boules",
        "nearest_street": "Op de Vliet",
        "commune": "Leuven",
        "province": "brabant_flamand",
        "region": "flandre"
      }
    },
    {
      "type": "Feature",
      "geometry": {
        "type": "Point",
        "coordinates": [
          5.6969944,
          50.9622344
        ]
      },
      "properties": {
        "leisure": "pitch",
        "sport": "boules",
        "nearest_street": "Deken Bernardstraat",
        "commune": "Maasmechelen",
        "province": "limbourg",
        "region": "flandre"
      }
    },
    {
      "type": "Feature",
      "geometry": {
        "type": "Point",
        "coordinates": [
          4.6381288,
          50.9727559
        ]
      },
      "properties": {
        "leisure": "pitch",
        "sport": "boules",
        "nearest_street": "Looshof",
        "commune": "Haacht",
        "province": "brabant_flamand",
        "region": "flandre"
      }
    },
    {
      "type": "Feature",
      "geometry": {
        "type": "Point",
        "coordinates": [
          4.6546376,
          50.9738118
        ]
      },
      "properties": {
        "leisure": "pitch",
        "sport": "boules",
        "nearest_street": "Loofweg",
        "commune": "Haacht",
        "province": "brabant_flamand",
        "region": "flandre"
      }
    },
    {
      "type": "Feature",
      "geometry": {
        "type": "Point",
        "coordinates": [
          3.7675048,
          51.0441976
        ]
      },
      "properties": {
        "leisure": "pitch",
        "sport": "boules",
        "nearest_street": "Robiniahof",
        "commune": "Gent",
        "province": "flandre_orientale",
        "region": "flandre"
      }
    },
    {
      "type": "Feature",
      "geometry": {
        "type": "Point",
        "coordinates": [
          5.7837816,
          50.5398438
        ]
      },
      "properties": {
        "access": "private",
        "boules": "yes",
        "leisure": "pitch",
        "sport": "boules",
        "surface": "fine_gravel",
        "nearest_street": "Wislez",
        "commune": "Theux",
        "province": "liege",
        "region": "wallonie"
      }
    },
    {
      "type": "Feature",
      "geometry": {
        "type": "Point",
        "coordinates": [
          5.6981466,
          50.9617324
        ]
      },
      "properties": {
        "leisure": "pitch",
        "sport": "boules",
        "nearest_street": "Deken Bernardstraat",
        "commune": "Maasmechelen",
        "province": "limbourg",
        "region": "flandre"
      }
    },
    {
      "type": "Feature",
      "geometry": {
        "type": "Point",
        "coordinates": [
          5.584596,
          50.6314861
        ]
      },
      "properties": {
        "access": "yes",
        "boules": "petanque",
        "leisure": "pitch",
        "panoramax": "715859f0-30ba-4cbb-9272-04693db004f7",
        "reservation": "no",
        "sport": "boules",
        "surface": "sand",
        "nearest_street": null,
        "commune": "Liège",
        "province": "liege",
        "region": "wallonie"
      }
    },
    {
      "type": "Feature",
      "geometry": {
        "type": "Point",
        "coordinates": [
          4.6391941,
          50.9580561
        ]
      },
      "properties": {
        "leisure": "pitch",
        "sport": "boules",
        "nearest_street": "Dijkstraat",
        "commune": "Haacht",
        "province": "brabant_flamand",
        "region": "flandre"
      }
    },
    {
      "type": "Feature",
      "geometry": {
        "type": "Point",
        "coordinates": [
          4.6391883,
          50.9580964
        ]
      },
      "properties": {
        "leisure": "pitch",
        "sport": "boules",
        "nearest_street": "Dijkstraat",
        "commune": "Haacht",
        "province": "brabant_flamand",
        "region": "flandre"
      }
    },
    {
      "type": "Feature",
      "geometry": {
        "type": "Point",
        "coordinates": [
          4.6392593,
          50.9580238
        ]
      },
      "properties": {
        "leisure": "pitch",
        "sport": "boules",
        "nearest_street": "Dijkstraat",
        "commune": "Haacht",
        "province": "brabant_flamand",
        "region": "flandre"
      }
    },
    {
      "type": "Feature",
      "geometry": {
        "type": "Point",
        "coordinates": [
          4.6393802,
          50.9579612
        ]
      },
      "properties": {
        "leisure": "pitch",
        "sport": "boules",
        "nearest_street": "Dijkstraat",
        "commune": "Haacht",
        "province": "brabant_flamand",
        "region": "flandre"
      }
    },
    {
      "type": "Feature",
      "geometry": {
        "type": "Point",
        "coordinates": [
          4.6393799,
          50.957988
        ]
      },
      "properties": {
        "leisure": "pitch",
        "sport": "boules",
        "nearest_street": "Dijkstraat",
        "commune": "Haacht",
        "province": "brabant_flamand",
        "region": "flandre"
      }
    },
    {
      "type": "Feature",
      "geometry": {
        "type": "Point",
        "coordinates": [
          3.6323666,
          50.9897619
        ]
      },
      "properties": {
        "access": "yes",
        "boules": "yes",
        "leisure": "pitch",
        "sport": "boules",
        "nearest_street": "Eksterhof",
        "commune": "De Pinte",
        "province": "flandre_orientale",
        "region": "flandre"
      }
    },
    {
      "type": "Feature",
      "geometry": {
        "type": "Point",
        "coordinates": [
          3.7113268,
          51.0252967
        ]
      },
      "properties": {
        "leisure": "pitch",
        "sport": "boules",
        "nearest_street": "Kortrijksesteenweg",
        "commune": "Gent",
        "province": "flandre_orientale",
        "region": "flandre"
      }
    },
    {
      "type": "Feature",
      "geometry": {
        "type": "Point",
        "coordinates": [
          3.2022321,
          50.8483333
        ]
      },
      "properties": {
        "area": "yes",
        "boules": "petanque",
        "leisure": "pitch",
        "sport": "boules",
        "surface": "gravel",
        "nearest_street": "Kwadries",
        "commune": "Gullegem",
        "province": "flandre_occidentale",
        "region": "flandre"
      }
    },
    {
      "type": "Feature",
      "geometry": {
        "type": "Point",
        "coordinates": [
          3.2020108,
          50.8483028
        ]
      },
      "properties": {
        "area": "yes",
        "boules": "petanque",
        "leisure": "pitch",
        "sport": "boules",
        "surface": "gravel",
        "nearest_street": "Kwadries",
        "commune": "Gullegem",
        "province": "flandre_occidentale",
        "region": "flandre"
      }
    },
    {
      "type": "Feature",
      "geometry": {
        "type": "Point",
        "coordinates": [
          3.2023272,
          50.8482001
        ]
      },
      "properties": {
        "area": "yes",
        "boules": "petanque",
        "leisure": "pitch",
        "sport": "boules",
        "surface": "gravel",
        "nearest_street": "Kwadries",
        "commune": "Gullegem",
        "province": "flandre_occidentale",
        "region": "flandre"
      }
    },
    {
      "type": "Feature",
      "geometry": {
        "type": "Point",
        "coordinates": [
          3.2020985,
          50.8481941
        ]
      },
      "properties": {
        "area": "yes",
        "boules": "petanque",
        "leisure": "pitch",
        "sport": "boules",
        "surface": "gravel",
        "nearest_street": "Kwadries",
        "commune": "Gullegem",
        "province": "flandre_occidentale",
        "region": "flandre"
      }
    },
    {
      "type": "Feature",
      "geometry": {
        "type": "Point",
        "coordinates": [
          5.7369514,
          51.1419005
        ]
      },
      "properties": {
        "leisure": "pitch",
        "sport": "boules",
        "nearest_street": "Scheymanshof",
        "commune": "Kinrooi",
        "province": "limbourg",
        "region": "flandre"
      }
    },
    {
      "type": "Feature",
      "geometry": {
        "type": "Point",
        "coordinates": [
          4.5452515,
          50.3404876
        ]
      },
      "properties": {
        "leisure": "pitch",
        "sport": "boules",
        "nearest_street": "Rue des ACEC",
        "commune": "Gerpinnes",
        "province": "hainaut",
        "region": "wallonie"
      }
    },
    {
      "type": "Feature",
      "geometry": {
        "type": "Point",
        "coordinates": [
          4.5295409,
          50.3380212
        ]
      },
      "properties": {
        "access": "yes",
        "leisure": "pitch",
        "sport": "boules",
        "nearest_street": "Rue Joseph Beaufayt",
        "commune": "Gerpinnes",
        "province": "hainaut",
        "region": "wallonie"
      }
    },
    {
      "type": "Feature",
      "geometry": {
        "type": "Point",
        "coordinates": [
          3.9013903,
          50.9577285
        ]
      },
      "properties": {
        "leisure": "pitch",
        "sport": "boules",
        "nearest_street": "Oordegemdorp",
        "commune": "Lede",
        "province": "flandre_orientale",
        "region": "flandre"
      }
    },
    {
      "type": "Feature",
      "geometry": {
        "type": "Point",
        "coordinates": [
          4.4070172,
          51.1584217
        ]
      },
      "properties": {
        "access": "yes",
        "leisure": "pitch",
        "sport": "petanque",
        "surface": "sand",
        "nearest_street": "Geitepad",
        "commune": "Antwerpen",
        "province": "anvers",
        "region": "flandre"
      }
    },
    {
      "type": "Feature",
      "geometry": {
        "type": "Point",
        "coordinates": [
          4.4069348,
          51.1583855
        ]
      },
      "properties": {
        "access": "yes",
        "leisure": "pitch",
        "sport": "petanque",
        "surface": "sand",
        "nearest_street": "Geitepad",
        "commune": "Antwerpen",
        "province": "anvers",
        "region": "flandre"
      }
    },
    {
      "type": "Feature",
      "geometry": {
        "type": "Point",
        "coordinates": [
          4.0197073,
          50.8658741
        ]
      },
      "properties": {
        "leisure": "pitch",
        "sport": "boules",
        "surface": "compacted",
        "nearest_street": "Vossel",
        "commune": "Denderhoutem",
        "province": "flandre_orientale",
        "region": "flandre"
      }
    },
    {
      "type": "Feature",
      "geometry": {
        "type": "Point",
        "coordinates": [
          3.9032699,
          50.9414934
        ]
      },
      "properties": {
        "leisure": "pitch",
        "sport": "boules",
        "nearest_street": "Luikerveld",
        "commune": "Sint-Lievens-Houtem",
        "province": "flandre_orientale",
        "region": "flandre"
      }
    },
    {
      "type": "Feature",
      "geometry": {
        "type": "Point",
        "coordinates": [
          3.3107661,
          51.0019446
        ]
      },
      "properties": {
        "boules": "petanque",
        "leisure": "pitch",
        "sport": "boules",
        "nearest_street": "Sint-Paulus",
        "commune": "Tielt",
        "province": "flandre_occidentale",
        "region": "flandre"
      }
    },
    {
      "type": "Feature",
      "geometry": {
        "type": "Point",
        "coordinates": [
          3.3106709,
          51.0020198
        ]
      },
      "properties": {
        "boules": "petanque",
        "leisure": "pitch",
        "sport": "boules",
        "nearest_street": "Sint-Paulus",
        "commune": "Tielt",
        "province": "flandre_occidentale",
        "region": "flandre"
      }
    },
    {
      "type": "Feature",
      "geometry": {
        "type": "Point",
        "coordinates": [
          4.2845871,
          50.8358829
        ]
      },
      "properties": {
        "boules": "petanque",
        "leisure": "pitch",
        "sport": "boules",
        "nearest_street": "Avenue d'Itterbeek - Itterbeekse Laan",
        "commune": "Anderlecht",
        "province": null,
        "region": "bruxelles"
      }
    },
    {
      "type": "Feature",
      "geometry": {
        "type": "Point",
        "coordinates": [
          4.2845768,
          50.8358609
        ]
      },
      "properties": {
        "boules": "petanque",
        "leisure": "pitch",
        "sport": "boules",
        "nearest_street": "Avenue d'Itterbeek - Itterbeekse Laan",
        "commune": "Anderlecht",
        "province": null,
        "region": "bruxelles"
      }
    },
    {
      "type": "Feature",
      "geometry": {
        "type": "Point",
        "coordinates": [
          4.3114522,
          50.8421469
        ]
      },
      "properties": {
        "boules": "petanque",
        "leisure": "pitch",
        "sport": "boules",
        "surface": "compacted",
        "nearest_street": "Rue Démosthène - Demosthenesstraat",
        "commune": "Anderlecht",
        "province": null,
        "region": "bruxelles"
      }
    },
    {
      "type": "Feature",
      "geometry": {
        "type": "Point",
        "coordinates": [
          4.3113933,
          50.8421245
        ]
      },
      "properties": {
        "boules": "petanque",
        "leisure": "pitch",
        "sport": "boules",
        "surface": "compacted",
        "nearest_street": "Rue Démosthène - Demosthenesstraat",
        "commune": "Anderlecht",
        "province": null,
        "region": "bruxelles"
      }
    },
    {
      "type": "Feature",
      "geometry": {
        "type": "Point",
        "coordinates": [
          4.3113345,
          50.8421005
        ]
      },
      "properties": {
        "boules": "petanque",
        "leisure": "pitch",
        "sport": "boules",
        "surface": "compacted",
        "nearest_street": "Rue Démosthène - Demosthenesstraat",
        "commune": "Anderlecht",
        "province": null,
        "region": "bruxelles"
      }
    },
    {
      "type": "Feature",
      "geometry": {
        "type": "Point",
        "coordinates": [
          3.2566518,
          50.7658171
        ]
      },
      "properties": {
        "boules": "petanque",
        "leisure": "pitch",
        "sport": "boules",
        "surface": "gravel",
        "nearest_street": "Weimeerslaan",
        "commune": "Kortrijk",
        "province": "flandre_occidentale",
        "region": "flandre"
      }
    },
    {
      "type": "Feature",
      "geometry": {
        "type": "Point",
        "coordinates": [
          5.4411192,
          50.7665373
        ]
      },
      "properties": {
        "leisure": "pitch",
        "sport": "boules",
        "nearest_street": "Kerkstraat",
        "commune": "Koninksem",
        "province": "limbourg",
        "region": "flandre"
      }
    },
    {
      "type": "Feature",
      "geometry": {
        "type": "Point",
        "coordinates": [
          5.0823715,
          50.6674153
        ]
      },
      "properties": {
        "leisure": "pitch",
        "name": "Carreau Hannutois",
        "sport": "boules",
        "nearest_street": "Rue Lambert Mottart",
        "commune": "Hannut",
        "province": "liege",
        "region": "wallonie"
      }
    },
    {
      "type": "Feature",
      "geometry": {
        "type": "Point",
        "coordinates": [
          3.2136824,
          51.1856169
        ]
      },
      "properties": {
        "leisure": "pitch",
        "sport": "boules",
        "nearest_street": null,
        "commune": "Brugge",
        "province": "flandre_occidentale",
        "region": "flandre"
      }
    },
    {
      "type": "Feature",
      "geometry": {
        "type": "Point",
        "coordinates": [
          5.1770781,
          50.8273912
        ]
      },
      "properties": {
        "building": "yes",
        "leisure": "pitch",
        "sport": "boules",
        "nearest_street": "Eglantierplein",
        "commune": "Sint-Truiden",
        "province": "limbourg",
        "region": "flandre"
      }
    },
    {
      "type": "Feature",
      "geometry": {
        "type": "Point",
        "coordinates": [
          4.9436022,
          50.819389
        ]
      },
      "properties": {
        "leisure": "pitch",
        "sport": "boules",
        "nearest_street": "Sporthalstraat",
        "commune": "Tienen",
        "province": "brabant_flamand",
        "region": "flandre"
      }
    },
    {
      "type": "Feature",
      "geometry": {
        "type": "Point",
        "coordinates": [
          4.9432786,
          50.8196668
        ]
      },
      "properties": {
        "leisure": "pitch",
        "name": "Boulisten Club Tienen",
        "sport": "boules",
        "nearest_street": "Sporthalstraat",
        "commune": "Tienen",
        "province": "brabant_flamand",
        "region": "flandre"
      }
    },
    {
      "type": "Feature",
      "geometry": {
        "type": "Point",
        "coordinates": [
          5.8361529,
          50.1877966
        ]
      },
      "properties": {
        "access": "customers",
        "leisure": "pitch",
        "sport": "boules",
        "nearest_street": "Montleban",
        "commune": "Gouvy",
        "province": "luxembourg",
        "region": "wallonie"
      }
    },
    {
      "type": "Feature",
      "geometry": {
        "type": "Point",
        "coordinates": [
          4.4755592,
          50.4749977
        ]
      },
      "properties": {
        "boules": "petanque",
        "leisure": "pitch",
        "sport": "boules",
        "nearest_street": "Avenue Jean Mermoz",
        "commune": "Charleroi",
        "province": "hainaut",
        "region": "wallonie"
      }
    },
    {
      "type": "Feature",
      "geometry": {
        "type": "Point",
        "coordinates": [
          4.3834086,
          51.1678343
        ]
      },
      "properties": {
        "leisure": "pitch",
        "sport": "boules",
        "nearest_street": "Berkenveldplein",
        "commune": "Antwerpen",
        "province": "anvers",
        "region": "flandre"
      }
    },
    {
      "type": "Feature",
      "geometry": {
        "type": "Point",
        "coordinates": [
          4.3806375,
          51.1684656
        ]
      },
      "properties": {
        "leisure": "pitch",
        "sport": "boules",
        "nearest_street": "Bernard De Pooterstraat",
        "commune": "Antwerpen",
        "province": "anvers",
        "region": "flandre"
      }
    },
    {
      "type": "Feature",
      "geometry": {
        "type": "Point",
        "coordinates": [
          4.1978678,
          51.1302732
        ]
      },
      "properties": {
        "area": "yes",
        "leisure": "pitch",
        "sport": "boules",
        "nearest_street": "Hendrik Heymanlaan",
        "commune": "Temse",
        "province": "flandre_orientale",
        "region": "flandre"
      }
    },
    {
      "type": "Feature",
      "geometry": {
        "type": "Point",
        "coordinates": [
          4.7321193,
          50.8822654
        ]
      },
      "properties": {
        "access": "yes",
        "leisure": "pitch",
        "sport": "boules",
        "surface": "compacted",
        "nearest_street": "Désiré Mellaertsstraat",
        "commune": "Leuven",
        "province": "brabant_flamand",
        "region": "flandre"
      }
    },
    {
      "type": "Feature",
      "geometry": {
        "type": "Point",
        "coordinates": [
          4.4302942,
          51.1753113
        ]
      },
      "properties": {
        "leisure": "pitch",
        "sport": "boules",
        "nearest_street": "Hoge-Aardstraat",
        "commune": "Antwerpen",
        "province": "anvers",
        "region": "flandre"
      }
    },
    {
      "type": "Feature",
      "geometry": {
        "type": "Point",
        "coordinates": [
          5.8739931,
          50.4875378
        ]
      },
      "properties": {
        "access": "private",
        "leisure": "pitch",
        "sport": "boules",
        "nearest_street": "Rue Chelui",
        "commune": "Spa",
        "province": "liege",
        "region": "wallonie"
      }
    },
    {
      "type": "Feature",
      "geometry": {
        "type": "Point",
        "coordinates": [
          5.883055,
          50.4850138
        ]
      },
      "properties": {
        "access": "customers",
        "leisure": "pitch",
        "sport": "boules",
        "nearest_street": "Rue de la Sauvenière",
        "commune": "Spa",
        "province": "liege",
        "region": "wallonie"
      }
    },
    {
      "type": "Feature",
      "geometry": {
        "type": "Point",
        "coordinates": [
          4.6461641,
          51.4044659
        ]
      },
      "properties": {
        "leisure": "pitch",
        "sport": "boules",
        "nearest_street": "Monseigneur Jansenlaan",
        "commune": "Wuustwezel",
        "province": "anvers",
        "region": "flandre"
      }
    },
    {
      "type": "Feature",
      "geometry": {
        "type": "Point",
        "coordinates": [
          4.6446356,
          51.3962301
        ]
      },
      "properties": {
        "leisure": "pitch",
        "sport": "boules",
        "nearest_street": "Brechtseweg",
        "commune": "Wuustwezel",
        "province": "anvers",
        "region": "flandre"
      }
    },
    {
      "type": "Feature",
      "geometry": {
        "type": "Point",
        "coordinates": [
          5.2555398,
          50.7007596
        ]
      },
      "properties": {
        "leisure": "pitch",
        "sport": "boules",
        "nearest_street": "Rue du Brouck",
        "commune": "Waremme",
        "province": "liege",
        "region": "wallonie"
      }
    },
    {
      "type": "Feature",
      "geometry": {
        "type": "Point",
        "coordinates": [
          5.1553256,
          50.8465691
        ]
      },
      "properties": {
        "leisure": "pitch",
        "sport": "boules",
        "nearest_street": "Runkelen-Dorp",
        "commune": "Sint-Truiden",
        "province": "limbourg",
        "region": "flandre"
      }
    },
    {
      "type": "Feature",
      "geometry": {
        "type": "Point",
        "coordinates": [
          4.878211,
          50.9076145
        ]
      },
      "properties": {
        "leisure": "pitch",
        "sport": "boules",
        "nearest_street": "Leuvensesteenweg",
        "commune": "Sint-Joris-Winge",
        "province": "brabant_flamand",
        "region": "flandre"
      }
    },
    {
      "type": "Feature",
      "geometry": {
        "type": "Point",
        "coordinates": [
          4.4411148,
          50.8410327
        ]
      },
      "properties": {
        "leisure": "pitch",
        "sport": "boules",
        "nearest_street": "Chaussée de Stockel - Stokkelsesteenweg",
        "commune": "Woluwe-Saint-Lambert - Sint-Lambrechts-Woluwe",
        "province": null,
        "region": "bruxelles"
      }
    },
    {
      "type": "Feature",
      "geometry": {
        "type": "Point",
        "coordinates": [
          4.4411344,
          50.8410143
        ]
      },
      "properties": {
        "leisure": "pitch",
        "sport": "boules",
        "nearest_street": "Chaussée de Stockel - Stokkelsesteenweg",
        "commune": "Woluwe-Saint-Lambert - Sint-Lambrechts-Woluwe",
        "province": null,
        "region": "bruxelles"
      }
    },
    {
      "type": "Feature",
      "geometry": {
        "type": "Point",
        "coordinates": [
          5.5308399,
          50.3976548
        ]
      },
      "properties": {
        "leisure": "pitch",
        "sport": "boules",
        "nearest_street": "Pré Cawiai",
        "commune": "Sy",
        "province": "luxembourg",
        "region": "wallonie"
      }
    },
    {
      "type": "Feature",
      "geometry": {
        "type": "Point",
        "coordinates": [
          3.2035253,
          50.84008
        ]
      },
      "properties": {
        "boules": "petanque",
        "leisure": "pitch",
        "sport": "boules",
        "nearest_street": "Gulleheemlaan",
        "commune": "Gullegem",
        "province": "flandre_occidentale",
        "region": "flandre"
      }
    },
    {
      "type": "Feature",
      "geometry": {
        "type": "Point",
        "coordinates": [
          4.8829196,
          49.8734088
        ]
      },
      "properties": {
        "access": "private",
        "boules": "petanque",
        "covered": "yes",
        "leisure": "pitch",
        "lit": "no",
        "name": "Terrain de pétanque",
        "sport": "boules",
        "surface": "compacted",
        "nearest_street": "Rue de Mont les Champs",
        "commune": "Bohan",
        "province": "namur",
        "region": "wallonie"
      }
    },
    {
      "type": "Feature",
      "geometry": {
        "type": "Point",
        "coordinates": [
          4.8830902,
          49.8733798
        ]
      },
      "properties": {
        "access": "private",
        "boules": "petanque",
        "indoor": "no",
        "leisure": "pitch",
        "lit": "no",
        "name": "Terrain de pétanque",
        "sport": "boules",
        "surface": "compacted",
        "nearest_street": "Rue de Mont les Champs",
        "commune": "Bohan",
        "province": "namur",
        "region": "wallonie"
      }
    },
    {
      "type": "Feature",
      "geometry": {
        "type": "Point",
        "coordinates": [
          4.6335067,
          51.1492345
        ]
      },
      "properties": {
        "leisure": "pitch",
        "sport": "boules",
        "nearest_street": "Grote Puttingbaan",
        "commune": "Nijlen",
        "province": "anvers",
        "region": "flandre"
      }
    },
    {
      "type": "Feature",
      "geometry": {
        "type": "Point",
        "coordinates": [
          4.4798821,
          51.2103563
        ]
      },
      "properties": {
        "leisure": "pitch",
        "lit": "yes",
        "sport": "boules",
        "surface": "compacted",
        "nearest_street": "Peter Benoitlaan",
        "commune": "Antwerpen",
        "province": "anvers",
        "region": "flandre"
      }
    },
    {
      "type": "Feature",
      "geometry": {
        "type": "Point",
        "coordinates": [
          4.4800487,
          51.2103294
        ]
      },
      "properties": {
        "leisure": "pitch",
        "lit": "yes",
        "sport": "boules",
        "surface": "fine_gravel",
        "nearest_street": "Peter Benoitlaan",
        "commune": "Antwerpen",
        "province": "anvers",
        "region": "flandre"
      }
    },
    {
      "type": "Feature",
      "geometry": {
        "type": "Point",
        "coordinates": [
          4.0025185,
          51.1031094
        ]
      },
      "properties": {
        "leisure": "pitch",
        "sport": "boules",
        "nearest_street": "Pekelstraat",
        "commune": "Lokeren",
        "province": "flandre_orientale",
        "region": "flandre"
      }
    },
    {
      "type": "Feature",
      "geometry": {
        "type": "Point",
        "coordinates": [
          4.002607,
          51.1032652
        ]
      },
      "properties": {
        "leisure": "pitch",
        "sport": "boules",
        "nearest_street": "Pekelstraat",
        "commune": "Lokeren",
        "province": "flandre_orientale",
        "region": "flandre"
      }
    },
    {
      "type": "Feature",
      "geometry": {
        "type": "Point",
        "coordinates": [
          4.0024475,
          51.1033957
        ]
      },
      "properties": {
        "leisure": "pitch",
        "sport": "boules",
        "nearest_street": "Pekelstraat",
        "commune": "Lokeren",
        "province": "flandre_orientale",
        "region": "flandre"
      }
    },
    {
      "type": "Feature",
      "geometry": {
        "type": "Point",
        "coordinates": [
          4.0024005,
          51.1035176
        ]
      },
      "properties": {
        "leisure": "pitch",
        "sport": "boules",
        "nearest_street": "Pekelstraat",
        "commune": "Lokeren",
        "province": "flandre_orientale",
        "region": "flandre"
      }
    },
    {
      "type": "Feature",
      "geometry": {
        "type": "Point",
        "coordinates": [
          4.0022563,
          51.1036266
        ]
      },
      "properties": {
        "leisure": "pitch",
        "sport": "boules",
        "nearest_street": "Pekelstraat",
        "commune": "Lokeren",
        "province": "flandre_orientale",
        "region": "flandre"
      }
    },
    {
      "type": "Feature",
      "geometry": {
        "type": "Point",
        "coordinates": [
          4.0022076,
          51.1037473
        ]
      },
      "properties": {
        "leisure": "pitch",
        "sport": "boules",
        "nearest_street": "Pekelstraat",
        "commune": "Lokeren",
        "province": "flandre_orientale",
        "region": "flandre"
      }
    },
    {
      "type": "Feature",
      "geometry": {
        "type": "Point",
        "coordinates": [
          5.7544455,
          50.2401416
        ]
      },
      "properties": {
        "access": "customers",
        "boules": "petanque",
        "leisure": "pitch",
        "lit": "no",
        "sport": "boules",
        "nearest_street": "Baraque de Fraiture",
        "commune": "Bihain",
        "province": "luxembourg",
        "region": "wallonie"
      }
    },
    {
      "type": "Feature",
      "geometry": {
        "type": "Point",
        "coordinates": [
          4.3966691,
          50.8507459
        ]
      },
      "properties": {
        "boules": "petanque",
        "leisure": "pitch",
        "lit": "yes",
        "sport": "boules",
        "surface": "sand",
        "nearest_street": "Square Eugène Plasky - Eugène Plaskysquare",
        "commune": "Schaerbeek - Schaarbeek",
        "province": null,
        "region": "bruxelles"
      }
    },
    {
      "type": "Feature",
      "geometry": {
        "type": "Point",
        "coordinates": [
          5.5380444,
          51.1730691
        ]
      },
      "properties": {
        "leisure": "pitch",
        "lit": "no",
        "sport": "boules",
        "surface": "sand",
        "nearest_street": "Lijsterlaan",
        "commune": "Bocholt",
        "province": "limbourg",
        "region": "flandre"
      }
    },
    {
      "type": "Feature",
      "geometry": {
        "type": "Point",
        "coordinates": [
          4.9503347,
          50.9754542
        ]
      },
      "properties": {
        "leisure": "pitch",
        "sport": "boules",
        "nearest_street": "Demerlaan",
        "commune": "Schoonderbuken",
        "province": "brabant_flamand",
        "region": "flandre"
      }
    },
    {
      "type": "Feature",
      "geometry": {
        "type": "Point",
        "coordinates": [
          4.7134487,
          50.4818858
        ]
      },
      "properties": {
        "access": "customers",
        "leisure": "pitch",
        "sport": "boules",
        "nearest_street": "Rue de Temploux",
        "commune": "Jemeppe-sur-Sambre",
        "province": "namur",
        "region": "wallonie"
      }
    },
    {
      "type": "Feature",
      "geometry": {
        "type": "Point",
        "coordinates": [
          5.2002363,
          50.6555359
        ]
      },
      "properties": {
        "leisure": "pitch",
        "sport": "boules",
        "nearest_street": "Rue Jules Stiernet",
        "commune": "Omal",
        "province": "liege",
        "region": "wallonie"
      }
    },
    {
      "type": "Feature",
      "geometry": {
        "type": "Point",
        "coordinates": [
          4.6319478,
          50.4529287
        ]
      },
      "properties": {
        "boules": "petanque",
        "leisure": "pitch",
        "sport": "boules",
        "nearest_street": "RAVeL",
        "commune": "Sambreville",
        "province": "namur",
        "region": "wallonie"
      }
    },
    {
      "type": "Feature",
      "geometry": {
        "type": "Point",
        "coordinates": [
          4.4718764,
          51.2038771
        ]
      },
      "properties": {
        "access": "yes",
        "boules": "petanque",
        "leisure": "pitch",
        "lit": "yes",
        "mapillary": "1257601666575631",
        "sport": "boules",
        "surface": "fine_gravel",
        "nearest_street": "Vuurwerkstraat",
        "commune": "Antwerpen",
        "province": "anvers",
        "region": "flandre"
      }
    },
    {
      "type": "Feature",
      "geometry": {
        "type": "Point",
        "coordinates": [
          4.868892,
          51.3558948
        ]
      },
      "properties": {
        "leisure": "pitch",
        "lit": "no",
        "sport": "boules",
        "nearest_street": "Driesplein",
        "commune": "Merksplas",
        "province": "anvers",
        "region": "flandre"
      }
    },
    {
      "type": "Feature",
      "geometry": {
        "type": "Point",
        "coordinates": [
          5.4892775,
          50.854271
        ]
      },
      "properties": {
        "leisure": "pitch",
        "sport": "boules",
        "nearest_street": "Gansterenstraat",
        "commune": "Hoeselt",
        "province": "limbourg",
        "region": "flandre"
      }
    },
    {
      "type": "Feature",
      "geometry": {
        "type": "Point",
        "coordinates": [
          4.3222397,
          50.8920284
        ]
      },
      "properties": {
        "access": "yes",
        "boules": "petanque",
        "leisure": "pitch",
        "lit": "no",
        "sport": "boules",
        "surface": "sand",
        "nearest_street": "Rue Maurice Van Rolleghem - Maurice Van Rolleghemstraat",
        "commune": "Jette",
        "province": null,
        "region": "bruxelles"
      }
    },
    {
      "type": "Feature",
      "geometry": {
        "type": "Point",
        "coordinates": [
          4.4465736,
          51.2579931
        ]
      },
      "properties": {
        "leisure": "pitch",
        "sport": "boules",
        "nearest_street": "Kastanjeboomplein",
        "commune": "Antwerpen",
        "province": "anvers",
        "region": "flandre"
      }
    },
    {
      "type": "Feature",
      "geometry": {
        "type": "Point",
        "coordinates": [
          4.9191839,
          50.4663672
        ]
      },
      "properties": {
        "access": "customers",
        "area": "yes",
        "leisure": "pitch",
        "name": "Petanque",
        "sport": "petanque",
        "surface": "ground",
        "nearest_street": "Avenue Reine Élisabeth",
        "commune": "Namur",
        "province": "namur",
        "region": "wallonie"
      }
    },
    {
      "type": "Feature",
      "geometry": {
        "type": "Point",
        "coordinates": [
          5.7697011,
          49.637227
        ]
      },
      "properties": {
        "area": "yes",
        "boules": "petanque",
        "leisure": "pitch",
        "sport": "boules",
        "nearest_street": "Rue de Lagland",
        "commune": "Arlon",
        "province": "luxembourg",
        "region": "wallonie"
      }
    },
    {
      "type": "Feature",
      "geometry": {
        "type": "Point",
        "coordinates": [
          5.2295568,
          50.5193469
        ]
      },
      "properties": {
        "leisure": "pitch",
        "sport": "boules",
        "nearest_street": "Rue Saint-Victor",
        "commune": "Huy",
        "province": "liege",
        "region": "wallonie"
      }
    },
    {
      "type": "Feature",
      "geometry": {
        "type": "Point",
        "coordinates": [
          4.5782707,
          50.9743178
        ]
      },
      "properties": {
        "boules": "petanque",
        "leisure": "pitch",
        "sport": "boules",
        "nearest_street": "Bredepleinstraat",
        "commune": "Boortmeerbeek",
        "province": "brabant_flamand",
        "region": "flandre"
      }
    },
    {
      "type": "Feature",
      "geometry": {
        "type": "Point",
        "coordinates": [
          3.7041481,
          51.0671176
        ]
      },
      "properties": {
        "leisure": "pitch",
        "sport": "boules",
        "nearest_street": "Jozef Guislainstraat",
        "commune": "Gent",
        "province": "flandre_orientale",
        "region": "flandre"
      }
    },
    {
      "type": "Feature",
      "geometry": {
        "type": "Point",
        "coordinates": [
          5.3104447,
          50.6596193
        ]
      },
      "properties": {
        "leisure": "pitch",
        "sport": "boules",
        "nearest_street": "Rue de Liège",
        "commune": "Donceel",
        "province": "liege",
        "region": "wallonie"
      }
    },
    {
      "type": "Feature",
      "geometry": {
        "type": "Point",
        "coordinates": [
          4.4868551,
          50.3353673
        ]
      },
      "properties": {
        "leisure": "pitch",
        "sport": "boules",
        "nearest_street": "Square de Bertransart",
        "commune": "Gerpinnes",
        "province": "hainaut",
        "region": "wallonie"
      }
    },
    {
      "type": "Feature",
      "geometry": {
        "type": "Point",
        "coordinates": [
          4.5534903,
          50.3578167
        ]
      },
      "properties": {
        "leisure": "pitch",
        "sport": "boules",
        "nearest_street": "Rue du Bayau",
        "commune": "Villers-Poterie",
        "province": "hainaut",
        "region": "wallonie"
      }
    },
    {
      "type": "Feature",
      "geometry": {
        "type": "Point",
        "coordinates": [
          5.0310399,
          50.7857993
        ]
      },
      "properties": {
        "access": "yes",
        "leisure": "pitch",
        "lit": "yes",
        "sport": "boules",
        "surface": "sand",
        "nearest_street": "Neerhespenstraat",
        "commune": "Landen",
        "province": "brabant_flamand",
        "region": "flandre"
      }
    },
    {
      "type": "Feature",
      "geometry": {
        "type": "Point",
        "coordinates": [
          5.0969572,
          50.7197185
        ]
      },
      "properties": {
        "access": "yes",
        "leisure": "pitch",
        "lit": "yes",
        "sport": "boules",
        "surface": "sand",
        "nearest_street": "Camille Lenaertsstraat",
        "commune": "Landen",
        "province": "brabant_flamand",
        "region": "flandre"
      }
    },
    {
      "type": "Feature",
      "geometry": {
        "type": "Point",
        "coordinates": [
          5.0888178,
          50.7507717
        ]
      },
      "properties": {
        "access": "yes",
        "leisure": "pitch",
        "lit": "yes",
        "name": "Petanquevelden Landen",
        "sport": "boules",
        "surface": "sand",
        "nearest_street": "Fabriekstraat",
        "commune": "Landen",
        "province": "brabant_flamand",
        "region": "flandre"
      }
    },
    {
      "type": "Feature",
      "geometry": {
        "type": "Point",
        "coordinates": [
          4.0160851,
          50.8710649
        ]
      },
      "properties": {
        "leisure": "pitch",
        "lit": "no",
        "sport": "boules",
        "surface": "fine_gravel",
        "nearest_street": "Pastorijweg",
        "commune": "Denderhoutem",
        "province": "flandre_orientale",
        "region": "flandre"
      }
    },
    {
      "type": "Feature",
      "geometry": {
        "type": "Point",
        "coordinates": [
          4.0160726,
          50.8710436
        ]
      },
      "properties": {
        "boules": "yes",
        "leisure": "pitch",
        "lit": "no",
        "sport": "boules",
        "surface": "fine_gravel",
        "nearest_street": "Pastorijweg",
        "commune": "Denderhoutem",
        "province": "flandre_orientale",
        "region": "flandre"
      }
    },
    {
      "type": "Feature",
      "geometry": {
        "type": "Point",
        "coordinates": [
          5.2648697,
          50.7050842
        ]
      },
      "properties": {
        "leisure": "pitch",
        "sport": "boules",
        "nearest_street": "Avenue Joseph Lemaire",
        "commune": "Waremme",
        "province": "liege",
        "region": "wallonie"
      }
    },
    {
      "type": "Feature",
      "geometry": {
        "type": "Point",
        "coordinates": [
          5.6369895,
          49.9663161
        ]
      },
      "properties": {
        "leisure": "pitch",
        "sport": "boules",
        "nearest_street": "Rue du Pont",
        "commune": "Sibret",
        "province": "luxembourg",
        "region": "wallonie"
      }
    },
    {
      "type": "Feature",
      "geometry": {
        "type": "Point",
        "coordinates": [
          4.4207369,
          51.1700094
        ]
      },
      "properties": {
        "leisure": "pitch",
        "sport": "boules",
        "nearest_street": "Zwanenlaan",
        "commune": "Antwerpen",
        "province": "anvers",
        "region": "flandre"
      }
    },
    {
      "type": "Feature",
      "geometry": {
        "type": "Point",
        "coordinates": [
          5.8994592,
          50.432847
        ]
      },
      "properties": {
        "leisure": "pitch",
        "sport": "boules",
        "nearest_street": "Ruy",
        "commune": "La Gleize",
        "province": "liege",
        "region": "wallonie"
      }
    },
    {
      "type": "Feature",
      "geometry": {
        "type": "Point",
        "coordinates": [
          4.1272352,
          51.1718503
        ]
      },
      "properties": {
        "boules": "petanque",
        "leisure": "pitch",
        "sport": "boules",
        "surface": "sand",
        "nearest_street": "Beenaertwijk",
        "commune": "Sint-Niklaas",
        "province": "flandre_orientale",
        "region": "flandre"
      }
    },
    {
      "type": "Feature",
      "geometry": {
        "type": "Point",
        "coordinates": [
          3.7031072,
          51.032635
        ]
      },
      "properties": {
        "leisure": "pitch",
        "sport": "boules",
        "nearest_street": "Overwale",
        "commune": "Gent",
        "province": "flandre_orientale",
        "region": "flandre"
      }
    },
    {
      "type": "Feature",
      "geometry": {
        "type": "Point",
        "coordinates": [
          5.3396491,
          50.8030126
        ]
      },
      "properties": {
        "leisure": "pitch",
        "sport": "boules",
        "nearest_street": "Graethempoort",
        "commune": "Borgloon",
        "province": "limbourg",
        "region": "flandre"
      }
    },
    {
      "type": "Feature",
      "geometry": {
        "type": "Point",
        "coordinates": [
          3.9808924,
          50.8638129
        ]
      },
      "properties": {
        "boules": "petanque",
        "leisure": "pitch",
        "sport": "boules",
        "nearest_street": "Stuypenberg",
        "commune": "Outer",
        "province": "flandre_orientale",
        "region": "flandre"
      }
    },
    {
      "type": "Feature",
      "geometry": {
        "type": "Point",
        "coordinates": [
          3.9807356,
          50.863755
        ]
      },
      "properties": {
        "boules": "petanque",
        "leisure": "pitch",
        "sport": "boules",
        "nearest_street": "Stuypenberg",
        "commune": "Outer",
        "province": "flandre_orientale",
        "region": "flandre"
      }
    },
    {
      "type": "Feature",
      "geometry": {
        "type": "Point",
        "coordinates": [
          4.2017152,
          51.081486
        ]
      },
      "properties": {
        "access": "yes",
        "leisure": "pitch",
        "sport": "petanque",
        "surface": "unpaved",
        "nearest_street": "Luipegem",
        "commune": "Bornem",
        "province": "anvers",
        "region": "flandre"
      }
    },
    {
      "type": "Feature",
      "geometry": {
        "type": "Point",
        "coordinates": [
          4.8915276,
          50.6087227
        ]
      },
      "properties": {
        "leisure": "pitch",
        "sport": "boules",
        "nearest_street": "Rue du Village",
        "commune": "Eghezée",
        "province": "namur",
        "region": "wallonie"
      }
    },
    {
      "type": "Feature",
      "geometry": {
        "type": "Point",
        "coordinates": [
          4.833962,
          50.1920114
        ]
      },
      "properties": {
        "leisure": "pitch",
        "sport": "boules",
        "nearest_street": "Rue du Village",
        "commune": "Blaimont",
        "province": "namur",
        "region": "wallonie"
      }
    },
    {
      "type": "Feature",
      "geometry": {
        "type": "Point",
        "coordinates": [
          4.185058,
          51.1720385
        ]
      },
      "properties": {
        "leisure": "pitch",
        "sport": "petanque",
        "nearest_street": "Lange Rekstraat",
        "commune": "Sint-Niklaas",
        "province": "flandre_orientale",
        "region": "flandre"
      }
    },
    {
      "type": "Feature",
      "geometry": {
        "type": "Point",
        "coordinates": [
          4.1851669,
          51.1718877
        ]
      },
      "properties": {
        "leisure": "pitch",
        "sport": "petanque",
        "nearest_street": "Lange Rekstraat",
        "commune": "Sint-Niklaas",
        "province": "flandre_orientale",
        "region": "flandre"
      }
    },
    {
      "type": "Feature",
      "geometry": {
        "type": "Point",
        "coordinates": [
          4.4059531,
          51.2204799
        ]
      },
      "properties": {
        "access": "yes",
        "leisure": "pitch",
        "panoramax": "0c2dbc9c-cb59-4962-9eed-40fbb96998bf",
        "sport": "boules",
        "nearest_street": "Sint-Nicolaasplaats",
        "commune": "Antwerpen",
        "province": "anvers",
        "region": "flandre"
      }
    },
    {
      "type": "Feature",
      "geometry": {
        "type": "Point",
        "coordinates": [
          4.4566355,
          51.2567265
        ]
      },
      "properties": {
        "leisure": "pitch",
        "sport": "boules",
        "nearest_street": "Lange Bremstraat",
        "commune": "Antwerpen",
        "province": "anvers",
        "region": "flandre"
      }
    },
    {
      "type": "Feature",
      "geometry": {
        "type": "Point",
        "coordinates": [
          4.0030088,
          51.101824
        ]
      },
      "properties": {
        "boules": "petanque",
        "leisure": "pitch",
        "sport": "boules",
        "nearest_street": "Flamigantenwijk",
        "commune": "Lokeren",
        "province": "flandre_orientale",
        "region": "flandre"
      }
    },
    {
      "type": "Feature",
      "geometry": {
        "type": "Point",
        "coordinates": [
          5.3498237,
          50.9361766
        ]
      },
      "properties": {
        "boules": "petanque",
        "leisure": "pitch",
        "sport": "boules",
        "nearest_street": "Finse piste",
        "commune": "Hasselt",
        "province": "limbourg",
        "region": "flandre"
      }
    },
    {
      "type": "Feature",
      "geometry": {
        "type": "Point",
        "coordinates": [
          4.4486652,
          51.250974
        ]
      },
      "properties": {
        "leisure": "pitch",
        "sport": "boules",
        "nearest_street": "Kroonplein",
        "commune": "Antwerpen",
        "province": "anvers",
        "region": "flandre"
      }
    },
    {
      "type": "Feature",
      "geometry": {
        "type": "Point",
        "coordinates": [
          4.3779122,
          50.884869
        ]
      },
      "properties": {
        "leisure": "pitch",
        "sport": "boules",
        "surface": "compacted",
        "nearest_street": "Chaussée de Vilvorde - Vilvoordsesteenweg",
        "commune": "Bruxelles - Brussel",
        "province": null,
        "region": "bruxelles"
      }
    },
    {
      "type": "Feature",
      "geometry": {
        "type": "Point",
        "coordinates": [
          4.3779462,
          50.8848459
        ]
      },
      "properties": {
        "leisure": "pitch",
        "sport": "boules",
        "surface": "compacted",
        "nearest_street": "Chaussée de Vilvorde - Vilvoordsesteenweg",
        "commune": "Bruxelles - Brussel",
        "province": null,
        "region": "bruxelles"
      }
    },
    {
      "type": "Feature",
      "geometry": {
        "type": "Point",
        "coordinates": [
          4.3778735,
          50.8848952
        ]
      },
      "properties": {
        "leisure": "pitch",
        "sport": "boules",
        "surface": "compacted",
        "nearest_street": "Chaussée de Vilvorde - Vilvoordsesteenweg",
        "commune": "Bruxelles - Brussel",
        "province": null,
        "region": "bruxelles"
      }
    },
    {
      "type": "Feature",
      "geometry": {
        "type": "Point",
        "coordinates": [
          4.3984294,
          50.0259312
        ]
      },
      "properties": {
        "access": "private",
        "leisure": "pitch",
        "sport": "boules",
        "nearest_street": "Rue Bruyère",
        "commune": "Baileux",
        "province": "hainaut",
        "region": "wallonie"
      }
    },
    {
      "type": "Feature",
      "geometry": {
        "type": "Point",
        "coordinates": [
          4.4068413,
          50.9210269
        ]
      },
      "properties": {
        "leisure": "pitch",
        "sport": "boules",
        "nearest_street": "Minnemolenstraat",
        "commune": "Vilvoorde",
        "province": "brabant_flamand",
        "region": "flandre"
      }
    },
    {
      "type": "Feature",
      "geometry": {
        "type": "Point",
        "coordinates": [
          4.4732467,
          51.3827449
        ]
      },
      "properties": {
        "leisure": "pitch",
        "sport": "boules",
        "nearest_street": "Zoete Dreef",
        "commune": "Kalmthout",
        "province": "anvers",
        "region": "flandre"
      }
    },
    {
      "type": "Feature",
      "geometry": {
        "type": "Point",
        "coordinates": [
          5.5267454,
          50.2266616
        ]
      },
      "properties": {
        "access": "customers",
        "boules": "petanque",
        "leisure": "pitch",
        "sport": "boules",
        "surface": "fine_gravel",
        "nearest_street": null,
        "commune": "Ronzon",
        "province": "luxembourg",
        "region": "wallonie"
      }
    },
    {
      "type": "Feature",
      "geometry": {
        "type": "Point",
        "coordinates": [
          5.5267618,
          50.2265919
        ]
      },
      "properties": {
        "access": "customers",
        "boules": "petanque",
        "leisure": "pitch",
        "sport": "boules",
        "surface": "fine_gravel",
        "nearest_street": null,
        "commune": "Ronzon",
        "province": "luxembourg",
        "region": "wallonie"
      }
    },
    {
      "type": "Feature",
      "geometry": {
        "type": "Point",
        "coordinates": [
          5.7319784,
          50.6320804
        ]
      },
      "properties": {
        "access": "yes",
        "boules": "pétanque",
        "leisure": "pitch",
        "sport": "boules",
        "surface": "fine_gravel",
        "nearest_street": "Rue de la Siroperie",
        "commune": "Soumagne",
        "province": "liege",
        "region": "wallonie"
      }
    },
    {
      "type": "Feature",
      "geometry": {
        "type": "Point",
        "coordinates": [
          5.7320321,
          50.6320925
        ]
      },
      "properties": {
        "access": "yes",
        "leisure": "pitch",
        "sport": "boules",
        "surface": "fine_gravel",
        "nearest_street": "Rue de la Siroperie",
        "commune": "Soumagne",
        "province": "liege",
        "region": "wallonie"
      }
    },
    {
      "type": "Feature",
      "geometry": {
        "type": "Point",
        "coordinates": [
          5.6245579,
          50.6286227
        ]
      },
      "properties": {
        "access": "yes",
        "leisure": "pitch",
        "sport": "boules",
        "nearest_street": "Rue Servais Malaise",
        "commune": "Liège",
        "province": "liege",
        "region": "wallonie"
      }
    },
    {
      "type": "Feature",
      "geometry": {
        "type": "Point",
        "coordinates": [
          5.5859395,
          50.610604
        ]
      },
      "properties": {
        "access": "yes",
        "leisure": "pitch",
        "sport": "boules",
        "surface": "fine_gravel",
        "nearest_street": "Kinkempois",
        "commune": "Liège",
        "province": "liege",
        "region": "wallonie"
      }
    },
    {
      "type": "Feature",
      "geometry": {
        "type": "Point",
        "coordinates": [
          5.6557791,
          50.6257478
        ]
      },
      "properties": {
        "access": "yes",
        "leisure": "pitch",
        "sport": "boules",
        "surface": "fine_gravel",
        "nearest_street": "Rue Charles De Coster",
        "commune": "Beyne-Heusay",
        "province": "liege",
        "region": "wallonie"
      }
    },
    {
      "type": "Feature",
      "geometry": {
        "type": "Point",
        "coordinates": [
          5.6556101,
          50.6185466
        ]
      },
      "properties": {
        "access": "yes",
        "leisure": "pitch",
        "sport": "boules",
        "surface": "fine_gravel",
        "nearest_street": "Ravel 5 (Ligne 38)",
        "commune": "Beyne-Heusay",
        "province": "liege",
        "region": "wallonie"
      }
    },
    {
      "type": "Feature",
      "geometry": {
        "type": "Point",
        "coordinates": [
          5.5580786,
          50.6267232
        ]
      },
      "properties": {
        "access": "yes",
        "leisure": "pitch",
        "sport": "boules",
        "nearest_street": "Rue des Abeilles",
        "commune": "Liège",
        "province": "liege",
        "region": "wallonie"
      }
    },
    {
      "type": "Feature",
      "geometry": {
        "type": "Point",
        "coordinates": [
          4.1587981,
          50.4551187
        ]
      },
      "properties": {
        "leisure": "pitch",
        "sport": "boules",
        "surface": "compacted",
        "nearest_street": "Pré-RAVeL",
        "commune": "La Louvière",
        "province": "hainaut",
        "region": "wallonie"
      }
    },
    {
      "type": "Feature",
      "geometry": {
        "type": "Point",
        "coordinates": [
          4.1876331,
          50.663934
        ]
      },
      "properties": {
        "leisure": "pitch",
        "sport": "boules",
        "surface": "fine_gravel",
        "nearest_street": "Rue de Coeurcq",
        "commune": "Tubize",
        "province": "brabant_wallon",
        "region": "wallonie"
      }
    }
  ]
}